OrderID,OrderDate,Country,Category,Quantity,UnitPrice,Sales
1,2025-01-02,Germany,Food,4,52.08,208.32
2,2025-01-03,USA,Clothing,10,480.54,4805.4
3,2025-01-04,Brazil,Electronics,13,99.87,1298.31
4,2025-01-05,UK,Electronics,14,638.7,8941.8
5,2025-01-06,Australia,Food,1,128.86,128.86
6,2025-01-07,India,Electronics,13,169.88,2208.44
7,2025-01-08,Brazil,Sports,12,840.25,10083.0
8,2025-01-09,France,Electronics,3,79.4,238.2
9,2025-01-10,Germany,Electronics,6,432.35,2594.1
10,2025-01-11,Australia,Furniture,3,176.39,529.17
11,2025-01-12,Canada,Food,6,218.53,1311.18
12,2025-01-13,UAE,Clothing,1,861.23,861.23
13,2025-01-14,Canada,Electronics,20,18.24,364.8
14,2025-01-15,Japan,Food,4,795.19,3180.76
15,2025-01-16,UAE,Electronics,1,243.18,243.18
16,2025-01-17,Japan,Sports,4,348.39,1393.56
17,2025-01-18,Brazil,Furniture,14,464.68,6505.52
18,2025-01-19,Germany,Food,8,661.69,5293.52
19,2025-01-20,France,Clothing,6,354.1,2124.6
20,2025-01-21,Canada,Furniture,4,959.22,3836.88
21,2025-01-22,Germany,Sports,14,537.19,7520.66
22,2025-01-23,Germany,Clothing,14,382.35,5352.9
23,2025-01-24,UK,Sports,12,387.29,4647.48
24,2025-01-25,France,Clothing,6,531.5,3189.0
25,2025-01-26,India,Sports,6,366.8,2200.8
26,2025-01-27,Canada,Sports,11,342.22,3764.42
27,2025-01-28,India,Sports,11,567.55,6243.05
28,2025-01-29,USA,Food,1,332.68,332.68
29,2025-01-30,India,Electronics,17,476.14,8094.38
30,2025-01-31,Japan,Food,16,803.65,12858.4
31,2025-02-01,Germany,Food,10,439.14,4391.4
32,2025-02-02,Canada,Clothing,15,597.4,8961.0
33,2025-02-03,Canada,Clothing,1,929.58,929.58
34,2025-02-04,UK,Furniture,17,405.61,6895.37
35,2025-02-05,India,Clothing,16,374.39,5990.24
36,2025-02-06,Australia,Food,20,108.95,2179.0
37,2025-02-07,Germany,Sports,1,594.11,594.11
38,2025-02-08,India,Furniture,13,47.9,622.7
39,2025-02-09,Australia,Clothing,5,374.72,1873.6
40,2025-02-10,Canada,Electronics,15,56.85,852.75
41,2025-02-11,UAE,Sports,2,124.49,248.98
42,2025-02-12,Brazil,Clothing,13,355.45,4620.85
43,2025-02-13,Brazil,Clothing,8,61.38,491.04
44,2025-02-14,Brazil,Clothing,8,850.28,6802.24
45,2025-02-15,Brazil,Clothing,10,164.44,1644.4
46,2025-02-16,UAE,Electronics,3,331.7,995.1
47,2025-02-17,Australia,Clothing,17,671.4,11413.8
48,2025-02-18,Australia,Sports,11,347.22,3819.42
49,2025-02-19,France,Clothing,4,566.11,2264.44
50,2025-02-20,UK,Clothing,1,75.18,75.18
51,2025-02-21,France,Food,18,793.94,14290.92
52,2025-02-22,India,Clothing,13,711.93,9255.09
53,2025-02-23,Germany,Furniture,5,761.61,3808.05
54,2025-02-24,USA,Clothing,17,500.6,8510.2
55,2025-02-25,Canada,Electronics,3,499.75,1499.25
56,2025-02-26,UK,Clothing,4,775.75,3103.0
57,2025-02-27,Canada,Furniture,15,574.21,8613.15
58,2025-02-28,Brazil,Sports,7,455.33,3187.31
59,2025-03-01,UK,Clothing,1,339.94,339.94
60,2025-03-02,UK,Furniture,18,877.67,15798.06
61,2025-03-03,France,Electronics,20,944.76,18895.2
62,2025-03-04,Australia,Clothing,19,175.77,3339.63
63,2025-03-05,India,Electronics,12,859.95,10319.4
64,2025-03-06,India,Food,10,213.42,2134.2
65,2025-03-07,Australia,Furniture,19,379.79,7216.01
66,2025-03-08,UK,Food,12,761.87,9142.44
67,2025-03-09,Germany,Food,13,201.38,2617.94
68,2025-03-10,Germany,Furniture,12,710.99,8531.88
69,2025-03-11,France,Furniture,2,43.97,87.94
70,2025-03-12,Brazil,Clothing,20,258.08,5161.6
71,2025-03-13,USA,Furniture,14,142.85,1999.9
72,2025-03-14,USA,Food,18,721.33,12983.94
73,2025-03-15,UK,Clothing,14,39.33,550.62
74,2025-03-16,Australia,Electronics,17,288.74,4908.58
75,2025-03-17,Germany,Sports,8,154.3,1234.4
76,2025-03-18,Japan,Clothing,2,166.73,333.46
77,2025-03-19,Japan,Food,8,780.31,6242.48
78,2025-03-20,Canada,Electronics,16,615.52,9848.32
79,2025-03-21,France,Furniture,8,498.08,3984.64
80,2025-03-22,Brazil,Electronics,4,737.82,2951.28
81,2025-03-23,Brazil,Electronics,19,892.59,16959.21
82,2025-03-24,Australia,Food,4,339.91,1359.64
83,2025-03-25,Australia,Electronics,20,156.01,3120.2
84,2025-03-26,UK,Sports,9,366.57,3299.13
85,2025-03-27,Japan,Electronics,18,604.17,10875.06
86,2025-03-28,Australia,Food,8,616.72,4933.76
87,2025-03-29,USA,Furniture,12,189.34,2272.08
88,2025-03-30,India,Electronics,5,456.17,2280.85
89,2025-03-31,India,Clothing,13,935.39,12160.07
90,2025-04-01,Japan,Sports,3,18.41,55.23
91,2025-04-02,UK,Food,12,589.57,7074.84
92,2025-04-03,UK,Sports,3,995.87,2987.61
93,2025-04-04,Japan,Electronics,13,219.88,2858.44
94,2025-04-05,France,Electronics,14,844.93,11829.02
95,2025-04-06,UK,Food,9,101.02,909.18
96,2025-04-07,India,Furniture,5,404.26,2021.3
97,2025-04-08,Japan,Furniture,20,405.3,8106.0
98,2025-04-09,Australia,Sports,9,408.62,3677.58
99,2025-04-10,Brazil,Sports,13,186.45,2423.85
100,2025-04-11,USA,Furniture,2,36.76,73.52
101,2025-04-12,India,Clothing,12,532.4,6388.8
102,2025-04-13,France,Electronics,7,739.05,5173.35
103,2025-04-14,Australia,Sports,11,409.49,4504.39
104,2025-04-15,USA,Sports,1,623.92,623.92
105,2025-04-16,Brazil,Furniture,6,537.48,3224.88
106,2025-04-17,Germany,Food,16,302.03,4832.48
107,2025-04-18,Australia,Sports,18,184.78,3326.04
108,2025-04-19,Australia,Food,6,707.06,4242.36
109,2025-04-20,Germany,Furniture,5,445.44,2227.2
110,2025-04-21,Japan,Clothing,14,713.04,9982.56
111,2025-04-22,UK,Sports,5,873.99,4369.95
112,2025-04-23,Japan,Electronics,11,96.22,1058.42
113,2025-04-24,UK,Electronics,9,314.13,2827.17
114,2025-04-25,USA,Clothing,1,128.55,128.55
115,2025-04-26,USA,Sports,7,244.32,1710.24
116,2025-04-27,Canada,Sports,9,557.76,5019.84
117,2025-04-28,India,Sports,16,677.59,10841.44
118,2025-04-29,Germany,Furniture,11,844.15,9285.65
119,2025-04-30,UAE,Electronics,1,813.64,813.64
120,2025-05-01,USA,Sports,17,552.48,9392.16
121,2025-05-02,Australia,Clothing,17,859.51,14611.67
122,2025-05-03,Canada,Electronics,12,715.6,8587.2
123,2025-05-04,Brazil,Electronics,15,752.78,11291.7
124,2025-05-05,India,Sports,1,322.13,322.13
125,2025-05-06,UAE,Furniture,16,567.82,9085.12
126,2025-05-07,USA,Food,11,986.6,10852.6
127,2025-05-08,USA,Furniture,15,266.83,4002.45
128,2025-05-09,UAE,Sports,2,60.89,121.78
129,2025-05-10,Brazil,Furniture,9,403.3,3629.7
130,2025-05-11,UAE,Food,12,325.08,3900.96
131,2025-05-12,UK,Food,2,659.6,1319.2
132,2025-05-13,USA,Electronics,5,971.71,4858.55
133,2025-05-14,Japan,Electronics,2,434.61,869.22
134,2025-05-15,USA,Electronics,6,945.22,5671.32
135,2025-05-16,Germany,Electronics,6,516.0,3096.0
136,2025-05-17,France,Electronics,16,229.63,3674.08
137,2025-05-18,Australia,Furniture,14,672.03,9408.42
138,2025-05-19,France,Electronics,20,53.29,1065.8
139,2025-05-20,India,Sports,2,662.7,1325.4
140,2025-05-21,Australia,Furniture,20,238.34,4766.8
141,2025-05-22,Japan,Clothing,5,292.71,1463.55
142,2025-05-23,Australia,Clothing,17,486.06,8263.02
143,2025-05-24,India,Sports,5,417.56,2087.8
144,2025-05-25,India,Clothing,19,535.91,10182.29
145,2025-05-26,France,Electronics,14,716.26,10027.64
146,2025-05-27,Australia,Electronics,4,524.25,2097.0
147,2025-05-28,Germany,Clothing,1,181.3,181.3
148,2025-05-29,India,Sports,1,148.08,148.08
149,2025-05-30,Japan,Clothing,13,12.64,164.32
150,2025-05-31,UK,Food,3,289.81,869.43
151,2025-06-01,India,Food,16,114.7,1835.2
152,2025-06-02,France,Electronics,8,927.9,7423.2
153,2025-06-03,Germany,Food,17,733.78,12474.26
154,2025-06-04,India,Sports,13,588.96,7656.48
155,2025-06-05,USA,Furniture,8,990.19,7921.52
156,2025-06-06,Australia,Sports,5,272.4,1362.0
157,2025-06-07,UAE,Clothing,12,72.59,871.08
158,2025-06-08,Australia,Sports,1,259.73,259.73
159,2025-06-09,UAE,Clothing,18,545.65,9821.7
160,2025-06-10,Germany,Clothing,3,200.45,601.35
161,2025-06-11,France,Clothing,10,523.03,5230.3
162,2025-06-12,USA,Electronics,5,203.42,1017.1
163,2025-06-13,France,Sports,4,895.89,3583.56
164,2025-06-14,Canada,Food,10,625.84,6258.4
165,2025-06-15,India,Furniture,6,761.57,4569.42
166,2025-06-16,UK,Clothing,2,644.98,1289.96
167,2025-06-17,Germany,Electronics,12,91.88,1102.56
168,2025-06-18,France,Furniture,19,162.4,3085.6
169,2025-06-19,India,Sports,6,662.88,3977.28
170,2025-06-20,Australia,Food,11,224.86,2473.46
171,2025-06-21,Japan,Sports,1,314.57,314.57
172,2025-06-22,France,Food,16,310.39,4966.24
173,2025-06-23,Brazil,Clothing,13,367.46,4776.98
174,2025-06-24,Japan,Electronics,17,425.82,7238.94
175,2025-06-25,UK,Food,7,342.57,2397.99
176,2025-06-26,Brazil,Furniture,13,490.78,6380.14
177,2025-06-27,Japan,Food,19,356.01,6764.19
178,2025-06-28,UK,Sports,7,817.73,5724.11
179,2025-06-29,France,Clothing,18,300.67,5412.06
180,2025-06-30,UK,Clothing,20,843.82,16876.4
181,2025-07-01,USA,Food,13,981.62,12761.06
182,2025-07-02,USA,Furniture,10,760.15,7601.5
183,2025-07-03,UAE,Clothing,11,689.75,7587.25
184,2025-07-04,Australia,Sports,14,29.0,406.0
185,2025-07-05,India,Food,6,627.57,3765.42
186,2025-07-06,Canada,Electronics,14,458.17,6414.38
187,2025-07-07,UAE,Food,13,320.13,4161.69
188,2025-07-08,Australia,Food,4,231.63,926.52
189,2025-07-09,India,Food,9,578.13,5203.17
190,2025-07-10,USA,Clothing,16,196.56,3144.96
191,2025-07-11,India,Electronics,20,737.3,14746.0
192,2025-07-12,UK,Sports,16,320.82,5133.12
193,2025-07-13,India,Clothing,17,438.93,7461.81
194,2025-07-14,France,Food,7,852.18,5965.26
195,2025-07-15,France,Food,8,637.1,5096.8
196,2025-07-16,UAE,Furniture,9,745.37,6708.33
197,2025-07-17,Canada,Sports,4,965.44,3861.76
198,2025-07-18,Canada,Food,6,669.68,4018.08
199,2025-07-19,UAE,Clothing,15,327.66,4914.9
200,2025-07-20,Canada,Food,20,503.92,10078.4
201,2025-07-21,France,Sports,4,185.56,742.24
202,2025-07-22,Germany,Clothing,18,234.81,4226.58
203,2025-07-23,France,Electronics,2,477.76,955.52
204,2025-07-24,USA,Clothing,5,364.64,1823.2
205,2025-07-25,UAE,Electronics,20,469.58,9391.6
206,2025-07-26,Canada,Clothing,16,139.27,2228.32
207,2025-07-27,Australia,Electronics,5,874.9,4374.5
208,2025-07-28,UAE,Electronics,1,445.15,445.15
209,2025-07-29,UK,Sports,6,281.15,1686.9
210,2025-07-30,USA,Furniture,9,448.2,4033.8
211,2025-07-31,UAE,Electronics,13,326.47,4244.11
212,2025-08-01,Canada,Electronics,6,215.88,1295.28
213,2025-08-02,Japan,Food,5,121.96,609.8
214,2025-08-03,Canada,Clothing,16,622.62,9961.92
215,2025-08-04,Australia,Electronics,16,515.93,8254.88
216,2025-08-05,UK,Food,6,822.93,4937.58
217,2025-08-06,USA,Sports,11,214.78,2362.58
218,2025-08-07,UK,Clothing,15,314.4,4716.0
219,2025-08-08,UK,Furniture,8,910.79,7286.32
220,2025-08-09,Canada,Sports,3,982.7,2948.1
221,2025-08-10,UAE,Clothing,9,640.56,5765.04
222,2025-08-11,UK,Clothing,18,641.06,11539.08
223,2025-08-12,Brazil,Clothing,15,939.49,14092.35
224,2025-08-13,Canada,Clothing,11,126.18,1387.98
225,2025-08-14,India,Furniture,4,902.42,3609.68
226,2025-08-15,UAE,Furniture,7,886.12,6202.84
227,2025-08-16,USA,Electronics,8,283.71,2269.68
228,2025-08-17,Japan,Clothing,19,824.52,15665.88
229,2025-08-18,USA,Furniture,13,595.39,7740.07
230,2025-08-19,USA,Furniture,11,133.23,1465.53
231,2025-08-20,USA,Clothing,6,195.25,1171.5
232,2025-08-21,India,Sports,18,502.98,9053.64
233,2025-08-22,UK,Furniture,20,668.68,13373.6
234,2025-08-23,UAE,Furniture,16,314.06,5024.96
235,2025-08-24,UAE,Clothing,20,243.14,4862.8
236,2025-08-25,Australia,Furniture,8,495.78,3966.24
237,2025-08-26,Brazil,Clothing,12,947.74,11372.88
238,2025-08-27,Australia,Furniture,1,749.92,749.92
239,2025-08-28,Australia,Furniture,10,892.21,8922.1
240,2025-08-29,India,Sports,8,240.96,1927.68
241,2025-08-30,UK,Clothing,20,602.83,12056.6
242,2025-08-31,France,Electronics,19,759.89,14437.91
243,2025-09-01,Brazil,Electronics,6,70.12,420.72
244,2025-09-02,Germany,Electronics,10,359.93,3599.3
245,2025-09-03,India,Furniture,18,566.64,10199.52
246,2025-09-04,Australia,Furniture,6,469.64,2817.84
247,2025-09-05,USA,Sports,4,354.61,1418.44
248,2025-09-06,UAE,Food,12,317.63,3811.56
249,2025-09-07,Brazil,Food,15,783.68,11755.2
250,2025-09-08,Japan,Food,5,379.62,1898.1
251,2025-09-09,Brazil,Clothing,7,862.76,6039.32
252,2025-09-10,Australia,Furniture,2,228.27,456.54
253,2025-09-11,India,Food,18,613.73,11047.14
254,2025-09-12,UK,Electronics,14,655.32,9174.48
255,2025-09-13,Germany,Furniture,16,374.39,5990.24
256,2025-09-14,Brazil,Sports,7,835.29,5847.03
257,2025-09-15,India,Clothing,3,932.41,2797.23
258,2025-09-16,USA,Furniture,8,653.5,5228.0
259,2025-09-17,Japan,Electronics,4,68.47,273.88
260,2025-09-18,Canada,Sports,13,863.97,11231.61
261,2025-09-19,Brazil,Sports,19,754.15,14328.85
262,2025-09-20,Canada,Food,3,958.44,2875.32
263,2025-09-21,Japan,Clothing,4,205.7,822.8
264,2025-09-22,USA,Clothing,2,73.53,147.06
265,2025-09-23,Australia,Clothing,18,982.97,17693.46
266,2025-09-24,UK,Furniture,12,426.26,5115.12
267,2025-09-25,India,Clothing,17,450.85,7664.45
268,2025-09-26,Australia,Sports,14,286.72,4014.08
269,2025-09-27,Brazil,Electronics,10,611.56,6115.6
270,2025-09-28,India,Electronics,12,329.13,3949.56
271,2025-09-29,Japan,Food,6,172.76,1036.56
272,2025-09-30,USA,Electronics,13,345.04,4485.52
273,2025-10-01,Japan,Food,11,198.66,2185.26
274,2025-10-02,Brazil,Electronics,5,161.02,805.1
275,2025-10-03,Japan,Furniture,18,631.4,11365.2
276,2025-10-04,Brazil,Electronics,19,547.91,10410.29
277,2025-10-05,UK,Furniture,17,803.01,13651.17
278,2025-10-06,USA,Clothing,2,363.93,727.86
279,2025-10-07,UAE,Furniture,6,210.57,1263.42
280,2025-10-08,UK,Electronics,2,549.32,1098.64
281,2025-10-09,USA,Furniture,6,314.2,1885.2
282,2025-10-10,Germany,Food,15,813.46,12201.9
283,2025-10-11,Japan,Clothing,6,470.96,2825.76
284,2025-10-12,Brazil,Clothing,2,465.29,930.58
285,2025-10-13,UAE,Furniture,1,300.13,300.13
286,2025-10-14,Canada,Furniture,1,661.09,661.09
287,2025-10-15,USA,Food,19,964.54,18326.26
288,2025-10-16,India,Sports,11,986.49,10851.39
289,2025-10-17,UK,Furniture,2,573.69,1147.38
290,2025-10-18,Brazil,Electronics,7,679.13,4753.91
291,2025-10-19,Japan,Furniture,15,454.51,6817.65
292,2025-10-20,UAE,Clothing,5,485.63,2428.15
293,2025-10-21,France,Clothing,20,55.28,1105.6
294,2025-10-22,UK,Food,3,258.96,776.88
295,2025-10-23,UK,Sports,11,669.31,7362.41
296,2025-10-24,USA,Food,14,397.74,5568.36
297,2025-10-25,UK,Sports,12,753.65,9043.8
298,2025-10-26,Brazil,Electronics,12,253.34,3040.08
299,2025-10-27,UK,Sports,7,246.28,1723.96
300,2025-10-28,Germany,Electronics,14,946.33,13248.62
301,2025-10-29,Germany,Sports,15,787.6,11814.0
302,2025-10-30,Brazil,Sports,2,535.08,1070.16
303,2025-10-31,Canada,Sports,9,660.75,5946.75
304,2025-11-01,UAE,Clothing,11,676.64,7443.04
305,2025-11-02,USA,Sports,16,657.63,10522.08
306,2025-11-03,USA,Food,2,477.25,954.5
307,2025-11-04,France,Electronics,3,496.02,1488.06
308,2025-11-05,UAE,Food,20,223.31,4466.2
309,2025-11-06,UAE,Clothing,4,804.88,3219.52
310,2025-11-07,USA,Furniture,12,436.56,5238.72
311,2025-11-08,UAE,Food,19,664.12,12618.28
312,2025-11-09,India,Sports,15,598.12,8971.8
313,2025-11-10,India,Clothing,7,681.13,4767.91
314,2025-11-11,Japan,Furniture,8,115.56,924.48
315,2025-11-12,UK,Sports,8,258.41,2067.28
316,2025-11-13,UAE,Furniture,5,977.56,4887.8
317,2025-11-14,Germany,Clothing,16,726.15,11618.4
318,2025-11-15,Brazil,Sports,14,390.82,5471.48
319,2025-11-16,France,Sports,17,690.07,11731.19
320,2025-11-17,Brazil,Sports,6,107.02,642.12
321,2025-11-18,USA,Electronics,13,51.64,671.32
322,2025-11-19,Germany,Sports,16,49.03,784.48
323,2025-11-20,Japan,Sports,11,354.78,3902.58
324,2025-11-21,Brazil,Sports,20,502.34,10046.8
325,2025-11-22,USA,Clothing,1,768.32,768.32
326,2025-11-23,Canada,Clothing,1,200.08,200.08
327,2025-11-24,France,Clothing,19,641.44,12187.36
328,2025-11-25,Germany,Furniture,8,261.96,2095.68
329,2025-11-26,Canada,Clothing,14,144.34,2020.76
330,2025-11-27,France,Food,16,334.99,5359.84
331,2025-11-28,Germany,Clothing,6,897.93,5387.58
332,2025-11-29,UAE,Food,6,821.8,4930.8
333,2025-11-30,UAE,Clothing,7,70.65,494.55
334,2025-12-01,Japan,Furniture,6,506.07,3036.42
335,2025-12-02,USA,Sports,15,856.43,12846.45
336,2025-12-03,Japan,Clothing,8,878.27,7026.16
337,2025-12-04,Canada,Sports,2,791.81,1583.62
338,2025-12-05,UK,Food,6,841.09,5046.54
339,2025-12-06,France,Food,3,155.07,465.21
340,2025-12-07,Japan,Electronics,8,441.47,3531.76
341,2025-12-08,Germany,Clothing,4,869.27,3477.08
342,2025-12-09,USA,Clothing,7,857.14,5999.98
343,2025-12-10,USA,Food,10,677.14,6771.4
344,2025-12-11,UAE,Food,20,920.88,18417.6
345,2025-12-12,UAE,Clothing,3,676.81,2030.43
346,2025-12-13,Australia,Clothing,2,719.57,1439.14
347,2025-12-14,USA,Clothing,15,570.83,8562.45
348,2025-12-15,Canada,Sports,16,580.11,9281.76
349,2025-12-16,India,Electronics,5,845.65,4228.25
350,2025-12-17,UK,Electronics,18,343.14,6176.52
351,2025-12-18,USA,Sports,17,336.48,5720.16
352,2025-12-19,Japan,Electronics,16,965.84,15453.44
353,2025-12-20,UK,Food,9,575.73,5181.57
354,2025-12-21,Canada,Clothing,20,939.38,18787.6
355,2025-12-22,Canada,Furniture,9,466.16,4195.44
356,2025-12-23,USA,Furniture,12,937.91,11254.92
357,2025-12-24,Brazil,Electronics,11,164.91,1814.01
358,2025-12-25,UAE,Sports,14,337.9,4730.6
359,2025-12-26,India,Food,8,118.78,950.24
360,2025-12-27,Japan,Furniture,4,768.38,3073.52
361,2025-12-28,Japan,Electronics,7,512.29,3586.03
362,2025-12-29,UK,Sports,6,293.0,1758.0
363,2025-12-30,USA,Electronics,16,105.58,1689.28
364,2025-12-31,Japan,Electronics,14,411.08,5755.12
365,2025-01-01,Japan,Sports,2,949.84,1899.68
366,2025-01-02,Germany,Furniture,5,73.25,366.25
367,2025-01-03,Germany,Electronics,18,87.07,1567.26
368,2025-01-04,UK,Clothing,12,843.93,10127.16
369,2025-01-05,Canada,Sports,3,759.96,2279.88
370,2025-01-06,Australia,Food,12,463.49,5561.88
371,2025-01-07,Japan,Clothing,2,988.97,1977.94
372,2025-01-08,Canada,Sports,7,546.12,3822.84
373,2025-01-09,Japan,Food,10,749.36,7493.6
374,2025-01-10,USA,Electronics,12,364.08,4368.96
375,2025-01-11,Japan,Electronics,1,614.68,614.68
376,2025-01-12,Brazil,Electronics,18,524.5,9441.0
377,2025-01-13,USA,Furniture,3,552.23,1656.69
378,2025-01-14,Brazil,Electronics,3,551.3,1653.9
379,2025-01-15,Canada,Clothing,12,25.29,303.48
380,2025-01-16,Canada,Electronics,19,739.05,14041.95
381,2025-01-17,Japan,Food,11,99.42,1093.62
382,2025-01-18,USA,Clothing,3,614.13,1842.39
383,2025-01-19,UK,Food,10,842.96,8429.6
384,2025-01-20,Brazil,Electronics,18,441.81,7952.58
385,2025-01-21,USA,Sports,17,355.86,6049.62
386,2025-01-22,Germany,Electronics,6,500.71,3004.26
387,2025-01-23,UK,Electronics,12,411.5,4938.0
388,2025-01-24,Germany,Furniture,5,570.36,2851.8
389,2025-01-25,Australia,Electronics,3,843.6,2530.8
390,2025-01-26,UK,Electronics,18,135.33,2435.94
391,2025-01-27,Australia,Clothing,7,416.74,2917.18
392,2025-01-28,USA,Furniture,4,449.16,1796.64
393,2025-01-29,USA,Sports,20,143.82,2876.4
394,2025-01-30,Germany,Sports,12,194.42,2333.04
395,2025-01-31,UAE,Clothing,14,587.23,8221.22
396,2025-02-01,Germany,Sports,1,845.61,845.61
397,2025-02-02,USA,Clothing,4,463.24,1852.96
398,2025-02-03,Brazil,Sports,6,249.59,1497.54
399,2025-02-04,Australia,Furniture,14,359.73,5036.22
400,2025-02-05,UAE,Clothing,5,303.54,1517.7
401,2025-02-06,USA,Clothing,1,538.89,538.89
402,2025-02-07,Canada,Electronics,8,590.6,4724.8
403,2025-02-08,France,Food,3,996.57,2989.71
404,2025-02-09,Japan,Furniture,6,614.33,3685.98
405,2025-02-10,Germany,Sports,18,50.3,905.4
406,2025-02-11,Germany,Furniture,16,208.83,3341.28
407,2025-02-12,Japan,Furniture,10,328.59,3285.9
408,2025-02-13,UK,Clothing,7,351.38,2459.66
409,2025-02-14,Germany,Sports,13,379.12,4928.56
410,2025-02-15,Australia,Sports,20,278.16,5563.2
411,2025-02-16,Australia,Sports,3,733.33,2199.99
412,2025-02-17,Germany,Sports,13,903.58,11746.54
413,2025-02-18,UAE,Clothing,11,73.76,811.36
414,2025-02-19,India,Sports,7,808.54,5659.78
415,2025-02-20,Germany,Furniture,20,482.75,9655.0
416,2025-02-21,India,Electronics,7,554.33,3880.31
417,2025-02-22,UK,Sports,16,633.21,10131.36
418,2025-02-23,Australia,Food,3,474.25,1422.75
419,2025-02-24,UK,Food,11,629.01,6919.11
420,2025-02-25,Brazil,Furniture,14,483.71,6771.94
421,2025-02-26,Brazil,Electronics,12,279.65,3355.8
422,2025-02-27,UAE,Electronics,6,409.74,2458.44
423,2025-02-28,Japan,Sports,1,367.3,367.3
424,2025-03-01,Brazil,Furniture,18,834.48,15020.64
425,2025-03-02,Australia,Clothing,19,918.36,17448.84
426,2025-03-03,India,Sports,15,355.77,5336.55
427,2025-03-04,UAE,Sports,13,232.6,3023.8
428,2025-03-05,France,Food,8,986.91,7895.28
429,2025-03-06,France,Electronics,17,257.85,4383.45
430,2025-03-07,UAE,Sports,11,638.07,7018.77
431,2025-03-08,France,Clothing,10,461.04,4610.4
432,2025-03-09,UK,Electronics,8,229.67,1837.36
433,2025-03-10,France,Clothing,7,144.27,1009.89
434,2025-03-11,Canada,Sports,18,965.77,17383.86
435,2025-03-12,Brazil,Electronics,12,899.53,10794.36
436,2025-03-13,Brazil,Furniture,17,716.31,12177.27
437,2025-03-14,Brazil,Sports,2,707.71,1415.42
438,2025-03-15,Australia,Sports,1,874.6,874.6
439,2025-03-16,UK,Electronics,5,701.44,3507.2
440,2025-03-17,Brazil,Food,17,144.16,2450.72
441,2025-03-18,Japan,Clothing,10,481.32,4813.2
442,2025-03-19,UK,Sports,12,39.75,477.0
443,2025-03-20,France,Sports,19,864.28,16421.32
444,2025-03-21,Germany,Electronics,18,680.4,12247.2
445,2025-03-22,Australia,Clothing,15,188.36,2825.4
446,2025-03-23,Canada,Food,5,552.91,2764.55
447,2025-03-24,Canada,Electronics,5,152.5,762.5
448,2025-03-25,France,Furniture,15,767.56,11513.4
449,2025-03-26,Brazil,Sports,11,367.81,4045.91
450,2025-03-27,Canada,Electronics,18,470.65,8471.7
451,2025-03-28,UAE,Clothing,16,779.81,12476.96
452,2025-03-29,Brazil,Clothing,15,388.33,5824.95
453,2025-03-30,USA,Food,1,928.8,928.8
454,2025-03-31,Canada,Sports,2,208.33,416.66
455,2025-04-01,USA,Electronics,14,702.81,9839.34
456,2025-04-02,Canada,Sports,15,779.03,11685.45
457,2025-04-03,Canada,Food,5,874.04,4370.2
458,2025-04-04,UAE,Food,20,842.6,16852.0
459,2025-04-05,Germany,Furniture,10,35.99,359.9
460,2025-04-06,Brazil,Furniture,10,689.77,6897.7
461,2025-04-07,Germany,Furniture,15,777.08,11656.2
462,2025-04-08,Australia,Electronics,4,621.95,2487.8
463,2025-04-09,Brazil,Sports,3,653.94,1961.82
464,2025-04-10,France,Electronics,4,95.2,380.8
465,2025-04-11,Japan,Sports,4,840.47,3361.88
466,2025-04-12,USA,Sports,15,304.7,4570.5
467,2025-04-13,Canada,Clothing,10,176.57,1765.7
468,2025-04-14,USA,Furniture,11,992.34,10915.74
469,2025-04-15,UAE,Clothing,11,582.39,6406.29
470,2025-04-16,Australia,Electronics,6,762.14,4572.84
471,2025-04-17,Germany,Clothing,3,754.42,2263.26
472,2025-04-18,UK,Electronics,7,116.75,817.25
473,2025-04-19,UK,Furniture,13,762.37,9910.81
474,2025-04-20,India,Sports,5,94.98,474.9
475,2025-04-21,France,Electronics,4,72.65,290.6
476,2025-04-22,India,Furniture,18,723.35,13020.3
477,2025-04-23,Canada,Electronics,16,196.52,3144.32
478,2025-04-24,USA,Furniture,14,134.26,1879.64
479,2025-04-25,Japan,Clothing,5,327.94,1639.7
480,2025-04-26,India,Electronics,4,443.48,1773.92
481,2025-04-27,USA,Furniture,14,711.35,9958.9
482,2025-04-28,Australia,Furniture,13,668.38,8688.94
483,2025-04-29,UAE,Food,1,885.9,885.9
484,2025-04-30,UK,Furniture,7,221.14,1547.98
485,2025-05-01,Australia,Sports,8,570.16,4561.28
486,2025-05-02,UK,Sports,19,373.7,7100.3
487,2025-05-03,Brazil,Sports,13,91.25,1186.25
488,2025-05-04,Canada,Sports,12,936.85,11242.2
489,2025-05-05,Brazil,Sports,13,116.08,1509.04
490,2025-05-06,UAE,Sports,8,911.78,7294.24
491,2025-05-07,USA,Food,8,174.35,1394.8
492,2025-05-08,Brazil,Sports,10,780.06,7800.6
493,2025-05-09,UAE,Clothing,11,265.23,2917.53
494,2025-05-10,Japan,Clothing,11,779.17,8570.87
495,2025-05-11,Australia,Clothing,14,485.61,6798.54
496,2025-05-12,UAE,Furniture,12,426.53,5118.36
497,2025-05-13,UK,Sports,16,245.73,3931.68
498,2025-05-14,India,Sports,15,990.47,14857.05
499,2025-05-15,Australia,Food,17,317.2,5392.4
500,2025-05-16,Canada,Furniture,16,859.53,13752.48
501,2025-05-17,France,Sports,9,340.54,3064.86
502,2025-05-18,France,Clothing,19,117.56,2233.64
503,2025-05-19,Japan,Sports,11,925.05,10175.55
504,2025-05-20,France,Furniture,16,864.41,13830.56
505,2025-05-21,Australia,Clothing,2,972.83,1945.66
506,2025-05-22,UAE,Food,9,259.54,2335.86
507,2025-05-23,UK,Furniture,6,500.34,3002.04
508,2025-05-24,Germany,Clothing,1,89.61,89.61
509,2025-05-25,Germany,Electronics,2,593.36,1186.72
510,2025-05-26,Brazil,Electronics,3,911.1,2733.3
511,2025-05-27,Brazil,Furniture,17,108.39,1842.63
512,2025-05-28,Canada,Food,16,123.48,1975.68
513,2025-05-29,France,Food,1,93.85,93.85
514,2025-05-30,India,Electronics,18,599.64,10793.52
515,2025-05-31,UAE,Food,11,939.49,10334.39
516,2025-06-01,USA,Sports,15,369.5,5542.5
517,2025-06-02,UAE,Furniture,4,959.86,3839.44
518,2025-06-03,India,Furniture,13,174.85,2273.05
519,2025-06-04,Japan,Electronics,6,511.29,3067.74
520,2025-06-05,India,Clothing,15,148.3,2224.5
521,2025-06-06,France,Clothing,15,138.56,2078.4
522,2025-06-07,Germany,Sports,12,165.54,1986.48
523,2025-06-08,Canada,Clothing,1,688.72,688.72
524,2025-06-09,Brazil,Electronics,8,297.12,2376.96
525,2025-06-10,UAE,Clothing,19,580.71,11033.49
526,2025-06-11,Germany,Food,18,259.85,4677.3
527,2025-06-12,UK,Electronics,18,879.67,15834.06
528,2025-06-13,India,Furniture,3,412.78,1238.34
529,2025-06-14,France,Food,10,963.7,9637.0
530,2025-06-15,Australia,Sports,20,497.45,9949.0
531,2025-06-16,Australia,Food,10,101.66,1016.6
532,2025-06-17,Australia,Electronics,19,490.13,9312.47
533,2025-06-18,Canada,Furniture,7,898.89,6292.23
534,2025-06-19,India,Sports,15,518.34,7775.1
535,2025-06-20,USA,Food,3,197.35,592.05
536,2025-06-21,Australia,Clothing,10,46.75,467.5
537,2025-06-22,Canada,Sports,6,286.61,1719.66
538,2025-06-23,UK,Furniture,16,228.93,3662.88
539,2025-06-24,Brazil,Electronics,7,762.53,5337.71
540,2025-06-25,USA,Furniture,3,138.38,415.14
541,2025-06-26,UK,Clothing,16,229.81,3676.96
542,2025-06-27,Germany,Furniture,2,875.18,1750.36
543,2025-06-28,UK,Sports,16,166.7,2667.2
544,2025-06-29,USA,Electronics,7,685.34,4797.38
545,2025-06-30,Japan,Electronics,8,347.8,2782.4
546,2025-07-01,UK,Clothing,1,787.71,787.71
547,2025-07-02,Brazil,Food,10,555.55,5555.5
548,2025-07-03,USA,Sports,17,182.84,3108.28
549,2025-07-04,Brazil,Clothing,8,722.76,5782.08
550,2025-07-05,UAE,Clothing,20,662.59,13251.8
551,2025-07-06,Germany,Furniture,1,825.25,825.25
552,2025-07-07,Brazil,Sports,2,527.46,1054.92
553,2025-07-08,France,Furniture,9,232.17,2089.53
554,2025-07-09,Australia,Sports,5,435.5,2177.5
555,2025-07-10,USA,Electronics,20,615.02,12300.4
556,2025-07-11,Australia,Sports,15,359.65,5394.75
557,2025-07-12,UK,Clothing,3,559.55,1678.65
558,2025-07-13,Japan,Clothing,8,568.82,4550.56
559,2025-07-14,France,Electronics,12,702.17,8426.04
560,2025-07-15,Brazil,Sports,19,436.7,8297.3
561,2025-07-16,Canada,Food,10,713.83,7138.3
562,2025-07-17,Australia,Electronics,4,984.07,3936.28
563,2025-07-18,France,Clothing,14,621.94,8707.16
564,2025-07-19,UAE,Electronics,8,850.97,6807.76
565,2025-07-20,France,Clothing,15,991.09,14866.35
566,2025-07-21,India,Clothing,6,697.79,4186.74
567,2025-07-22,Canada,Clothing,12,281.11,3373.32
568,2025-07-23,Japan,Electronics,15,46.72,700.8
569,2025-07-24,Japan,Sports,8,903.01,7224.08
570,2025-07-25,UAE,Furniture,9,55.77,501.93
571,2025-07-26,Australia,Food,20,480.43,9608.6
572,2025-07-27,USA,Clothing,3,626.99,1880.97
573,2025-07-28,UAE,Electronics,9,157.14,1414.26
574,2025-07-29,France,Furniture,2,550.01,1100.02
575,2025-07-30,Brazil,Food,16,781.05,12496.8
576,2025-07-31,USA,Electronics,6,696.34,4178.04
577,2025-08-01,Australia,Electronics,18,196.67,3540.06
578,2025-08-02,France,Food,20,665.57,13311.4
579,2025-08-03,Australia,Sports,13,679.14,8828.82
580,2025-08-04,USA,Furniture,14,332.42,4653.88
581,2025-08-05,Brazil,Sports,3,57.97,173.91
582,2025-08-06,Japan,Furniture,17,555.76,9447.92
583,2025-08-07,Germany,Food,17,887.59,15089.03
584,2025-08-08,Australia,Clothing,9,234.57,2111.13
585,2025-08-09,India,Furniture,12,484.88,5818.56
586,2025-08-10,France,Furniture,8,673.22,5385.76
587,2025-08-11,USA,Electronics,18,220.12,3962.16
588,2025-08-12,Germany,Clothing,10,860.16,8601.6
589,2025-08-13,Brazil,Food,15,346.08,5191.2
590,2025-08-14,Brazil,Food,12,893.06,10716.72
591,2025-08-15,Brazil,Electronics,16,121.55,1944.8
592,2025-08-16,Canada,Clothing,19,880.51,16729.69
593,2025-08-17,UK,Furniture,5,667.77,3338.85
594,2025-08-18,UAE,Clothing,2,704.01,1408.02
595,2025-08-19,Brazil,Sports,10,855.15,8551.5
596,2025-08-20,Canada,Electronics,11,957.22,10529.42
597,2025-08-21,UAE,Electronics,5,719.5,3597.5
598,2025-08-22,Canada,Electronics,7,751.0,5257.0
599,2025-08-23,UK,Food,18,175.74,3163.32
600,2025-08-24,UAE,Food,15,177.17,2657.55
601,2025-08-25,Canada,Furniture,10,476.17,4761.7
602,2025-08-26,USA,Food,20,195.98,3919.6
603,2025-08-27,Germany,Food,6,679.98,4079.88
604,2025-08-28,Brazil,Food,7,902.51,6317.57
605,2025-08-29,Australia,Sports,5,154.55,772.75
606,2025-08-30,Japan,Clothing,13,367.42,4776.46
607,2025-08-31,UK,Food,5,444.91,2224.55
608,2025-09-01,USA,Electronics,13,259.34,3371.42
609,2025-09-02,Canada,Electronics,6,83.94,503.64
610,2025-09-03,Japan,Furniture,6,872.17,5233.02
611,2025-09-04,UAE,Food,6,492.95,2957.7
612,2025-09-05,UK,Food,14,722.77,10118.78
613,2025-09-06,Japan,Sports,14,659.38,9231.32
614,2025-09-07,UAE,Clothing,17,327.48,5567.16
615,2025-09-08,Japan,Furniture,11,81.67,898.37
616,2025-09-09,Brazil,Food,11,557.05,6127.55
617,2025-09-10,Brazil,Furniture,18,243.66,4385.88
618,2025-09-11,Japan,Food,10,878.2,8782.0
619,2025-09-12,Canada,Clothing,14,464.83,6507.62
620,2025-09-13,UAE,Furniture,6,887.33,5323.98
621,2025-09-14,India,Clothing,10,743.38,7433.8
622,2025-09-15,Canada,Clothing,7,941.75,6592.25
623,2025-09-16,UAE,Furniture,18,777.33,13991.94
624,2025-09-17,Japan,Electronics,7,814.26,5699.82
625,2025-09-18,Australia,Food,10,500.93,5009.3
626,2025-09-19,Canada,Electronics,5,747.15,3735.75
627,2025-09-20,Brazil,Furniture,7,93.25,652.75
628,2025-09-21,Brazil,Electronics,2,16.11,32.22
629,2025-09-22,UAE,Clothing,3,151.7,455.1
630,2025-09-23,USA,Sports,20,554.67,11093.4
631,2025-09-24,Brazil,Furniture,19,511.73,9722.87
632,2025-09-25,Australia,Food,3,458.21,1374.63
633,2025-09-26,India,Food,11,700.51,7705.61
634,2025-09-27,Canada,Furniture,5,972.26,4861.3
635,2025-09-28,Brazil,Electronics,2,19.97,39.94
636,2025-09-29,USA,Food,5,419.7,2098.5
637,2025-09-30,Japan,Food,11,584.86,6433.46
638,2025-10-01,Australia,Food,12,90.34,1084.08
639,2025-10-02,France,Furniture,15,808.18,12122.7
640,2025-10-03,Germany,Furniture,13,166.57,2165.41
641,2025-10-04,Australia,Sports,14,250.66,3509.24
642,2025-10-05,UK,Food,12,808.69,9704.28
643,2025-10-06,UAE,Food,11,708.84,7797.24
644,2025-10-07,Canada,Sports,9,596.3,5366.7
645,2025-10-08,Japan,Electronics,18,546.35,9834.3
646,2025-10-09,USA,Sports,18,112.13,2018.34
647,2025-10-10,USA,Electronics,5,604.57,3022.85
648,2025-10-11,Japan,Furniture,4,771.6,3086.4
649,2025-10-12,Japan,Sports,5,815.29,4076.45
650,2025-10-13,Germany,Electronics,13,958.36,12458.68
651,2025-10-14,Japan,Food,7,394.9,2764.3
652,2025-10-15,Germany,Food,15,368.77,5531.55
653,2025-10-16,USA,Sports,16,703.5,11256.0
654,2025-10-17,Japan,Clothing,13,900.04,11700.52
655,2025-10-18,UK,Sports,15,103.11,1546.65
656,2025-10-19,Brazil,Sports,14,596.58,8352.12
657,2025-10-20,India,Clothing,2,116.86,233.72
658,2025-10-21,USA,Furniture,9,24.88,223.92
659,2025-10-22,USA,Food,4,329.83,1319.32
660,2025-10-23,UAE,Sports,7,666.59,4666.13
661,2025-10-24,India,Clothing,12,184.85,2218.2
662,2025-10-25,UAE,Sports,15,395.23,5928.45
663,2025-10-26,France,Furniture,16,556.84,8909.44
664,2025-10-27,India,Furniture,5,599.0,2995.0
665,2025-10-28,Japan,Food,3,801.29,2403.87
666,2025-10-29,France,Sports,11,738.14,8119.54
667,2025-10-30,Japan,Furniture,1,688.02,688.02
668,2025-10-31,Japan,Furniture,9,179.8,1618.2
669,2025-11-01,Germany,Electronics,19,293.04,5567.76
670,2025-11-02,USA,Clothing,9,169.5,1525.5
671,2025-11-03,USA,Food,6,741.32,4447.92
672,2025-11-04,India,Clothing,6,438.92,2633.52
673,2025-11-05,UAE,Food,1,829.29,829.29
674,2025-11-06,UK,Sports,7,757.13,5299.91
675,2025-11-07,Germany,Food,3,593.87,1781.61
676,2025-11-08,UK,Furniture,1,395.03,395.03
677,2025-11-09,Canada,Food,14,706.34,9888.76
678,2025-11-10,Germany,Food,14,416.43,5830.02
679,2025-11-11,UAE,Furniture,9,979.17,8812.53
680,2025-11-12,USA,Sports,12,769.49,9233.88
681,2025-11-13,Australia,Food,19,859.95,16339.05
682,2025-11-14,India,Furniture,17,488.38,8302.46
683,2025-11-15,UK,Food,7,545.76,3820.32
684,2025-11-16,USA,Clothing,2,455.35,910.7
685,2025-11-17,France,Food,12,806.91,9682.92
686,2025-11-18,UK,Furniture,2,748.1,1496.2
687,2025-11-19,Brazil,Electronics,8,960.38,7683.04
688,2025-11-20,France,Furniture,15,918.2,13773.0
689,2025-11-21,Germany,Electronics,19,712.14,13530.66
690,2025-11-22,India,Sports,12,90.78,1089.36
691,2025-11-23,Australia,Electronics,3,88.72,266.16
692,2025-11-24,Brazil,Food,3,162.81,488.43
693,2025-11-25,Canada,Electronics,4,621.08,2484.32
694,2025-11-26,UK,Furniture,1,987.64,987.64
695,2025-11-27,UK,Clothing,7,850.36,5952.52
696,2025-11-28,UK,Electronics,14,176.83,2475.62
697,2025-11-29,USA,Sports,2,683.79,1367.58
698,2025-11-30,India,Clothing,15,318.33,4774.95
699,2025-12-01,Canada,Food,17,135.53,2304.01
700,2025-12-02,UAE,Clothing,14,707.5,9905.0
701,2025-12-03,France,Sports,19,739.0,14041.0
702,2025-12-04,India,Furniture,8,564.33,4514.64
703,2025-12-05,UK,Furniture,7,482.67,3378.69
704,2025-12-06,Germany,Furniture,14,338.53,4739.42
705,2025-12-07,Canada,Electronics,8,275.61,2204.88
706,2025-12-08,Brazil,Clothing,14,882.91,12360.74
707,2025-12-09,France,Sports,7,786.52,5505.64
708,2025-12-10,India,Clothing,12,800.03,9600.36
709,2025-12-11,India,Clothing,12,12.1,145.2
710,2025-12-12,USA,Furniture,7,120.4,842.8
711,2025-12-13,Japan,Electronics,12,173.6,2083.2
712,2025-12-14,France,Sports,16,758.41,12134.56
713,2025-12-15,Japan,Electronics,19,437.84,8318.96
714,2025-12-16,USA,Clothing,4,833.1,3332.4
715,2025-12-17,UAE,Clothing,9,435.4,3918.6
716,2025-12-18,France,Food,10,823.78,8237.8
717,2025-12-19,India,Electronics,15,195.34,2930.1
718,2025-12-20,Germany,Furniture,20,847.21,16944.2
719,2025-12-21,Japan,Electronics,20,969.82,19396.4
720,2025-12-22,Australia,Sports,8,184.29,1474.32
721,2025-12-23,France,Clothing,5,330.77,1653.85
722,2025-12-24,UAE,Sports,5,663.21,3316.05
723,2025-12-25,UAE,Furniture,3,817.61,2452.83
724,2025-12-26,Australia,Electronics,3,100.82,302.46
725,2025-12-27,Australia,Furniture,2,43.2,86.4
726,2025-12-28,Australia,Clothing,13,289.62,3765.06
727,2025-12-29,Canada,Food,8,782.83,6262.64
728,2025-12-30,UK,Electronics,5,695.69,3478.45
729,2025-12-31,India,Electronics,3,239.42,718.26
730,2025-01-01,Canada,Furniture,5,338.55,1692.75
731,2025-01-02,Australia,Sports,19,715.99,13603.81
732,2025-01-03,Canada,Furniture,13,256.32,3332.16
733,2025-01-04,France,Furniture,6,267.55,1605.3
734,2025-01-05,Brazil,Furniture,18,614.95,11069.1
735,2025-01-06,Brazil,Clothing,15,676.21,10143.15
736,2025-01-07,UAE,Food,2,44.76,89.52
737,2025-01-08,Germany,Food,4,56.24,224.96
738,2025-01-09,Germany,Clothing,16,396.96,6351.36
739,2025-01-10,UK,Sports,20,234.66,4693.2
740,2025-01-11,Australia,Electronics,10,738.58,7385.8
741,2025-01-12,Canada,Electronics,8,374.82,2998.56
742,2025-01-13,Canada,Clothing,8,498.69,3989.52
743,2025-01-14,India,Electronics,20,662.65,13253.0
744,2025-01-15,India,Sports,14,147.59,2066.26
745,2025-01-16,Australia,Clothing,9,338.25,3044.25
746,2025-01-17,Japan,Electronics,19,199.44,3789.36
747,2025-01-18,UAE,Food,16,487.81,7804.96
748,2025-01-19,USA,Sports,9,389.45,3505.05
749,2025-01-20,Japan,Sports,15,572.14,8582.1
750,2025-01-21,USA,Electronics,14,182.81,2559.34
751,2025-01-22,UAE,Furniture,10,826.48,8264.8
752,2025-01-23,India,Furniture,11,726.96,7996.56
753,2025-01-24,Germany,Electronics,10,114.16,1141.6
754,2025-01-25,India,Sports,13,514.28,6685.64
755,2025-01-26,India,Electronics,3,926.07,2778.21
756,2025-01-27,Australia,Electronics,1,942.57,942.57
757,2025-01-28,UAE,Sports,12,287.51,3450.12
758,2025-01-29,India,Furniture,4,131.68,526.72
759,2025-01-30,USA,Electronics,17,713.41,12127.97
760,2025-01-31,Canada,Clothing,3,840.72,2522.16
761,2025-02-01,USA,Electronics,20,224.5,4490.0
762,2025-02-02,India,Sports,2,796.8,1593.6
763,2025-02-03,Japan,Furniture,7,910.3,6372.1
764,2025-02-04,Germany,Furniture,9,698.85,6289.65
765,2025-02-05,Japan,Electronics,15,179.08,2686.2
766,2025-02-06,UAE,Furniture,5,852.49,4262.45
767,2025-02-07,UK,Food,6,635.09,3810.54
768,2025-02-08,Australia,Clothing,11,508.98,5598.78
769,2025-02-09,France,Sports,17,671.78,11420.26
770,2025-02-10,France,Clothing,10,546.91,5469.1
771,2025-02-11,France,Electronics,6,307.09,1842.54
772,2025-02-12,Germany,Electronics,5,74.78,373.9
773,2025-02-13,UK,Clothing,18,222.92,4012.56
774,2025-02-14,Brazil,Electronics,12,637.04,7644.48
775,2025-02-15,India,Electronics,8,724.29,5794.32
776,2025-02-16,Canada,Sports,17,418.0,7106.0
777,2025-02-17,USA,Electronics,9,394.3,3548.7
778,2025-02-18,UK,Sports,3,457.32,1371.96
779,2025-02-19,UK,Furniture,16,547.93,8766.88
780,2025-02-20,USA,Food,13,462.22,6008.86
781,2025-02-21,Australia,Sports,20,566.67,11333.4
782,2025-02-22,Germany,Clothing,11,374.35,4117.85
783,2025-02-23,UAE,Food,20,801.04,16020.8
784,2025-02-24,Brazil,Clothing,17,519.93,8838.81
785,2025-02-25,France,Food,10,961.08,9610.8
786,2025-02-26,UAE,Electronics,15,804.35,12065.25
787,2025-02-27,India,Electronics,16,648.45,10375.2
788,2025-02-28,USA,Clothing,19,438.86,8338.34
789,2025-03-01,India,Clothing,18,460.46,8288.28
790,2025-03-02,France,Food,7,589.48,4126.36
791,2025-03-03,Australia,Food,1,979.52,979.52
792,2025-03-04,UAE,Furniture,3,397.16,1191.48
793,2025-03-05,Australia,Clothing,12,775.91,9310.92
794,2025-03-06,India,Furniture,14,721.31,10098.34
795,2025-03-07,UAE,Food,7,386.08,2702.56
796,2025-03-08,UK,Food,20,619.62,12392.4
797,2025-03-09,UK,Food,8,601.98,4815.84
798,2025-03-10,UAE,Clothing,1,690.53,690.53
799,2025-03-11,UK,Furniture,6,804.44,4826.64
800,2025-03-12,Australia,Food,12,71.71,860.52
801,2025-03-13,Japan,Sports,7,504.02,3528.14
802,2025-03-14,Japan,Furniture,1,79.07,79.07
803,2025-03-15,UAE,Electronics,5,237.41,1187.05
804,2025-03-16,Canada,Clothing,13,165.0,2145.0
805,2025-03-17,Brazil,Sports,11,164.07,1804.77
806,2025-03-18,India,Clothing,6,976.51,5859.06
807,2025-03-19,UK,Furniture,5,776.88,3884.4
808,2025-03-20,Japan,Food,8,469.48,3755.84
809,2025-03-21,USA,Food,16,876.16,14018.56
810,2025-03-22,USA,Sports,10,985.71,9857.1
811,2025-03-23,UK,Sports,6,689.01,4134.06
812,2025-03-24,Canada,Furniture,17,851.43,14474.31
813,2025-03-25,France,Food,4,216.62,866.48
814,2025-03-26,Brazil,Sports,16,211.18,3378.88
815,2025-03-27,Germany,Clothing,11,103.77,1141.47
816,2025-03-28,France,Electronics,12,451.31,5415.72
817,2025-03-29,France,Electronics,12,625.44,7505.28
818,2025-03-30,UK,Food,11,910.79,10018.69
819,2025-03-31,Canada,Electronics,7,586.48,4105.36
820,2025-04-01,UK,Clothing,20,92.34,1846.8
821,2025-04-02,Canada,Furniture,16,900.99,14415.84
822,2025-04-03,Germany,Clothing,7,345.1,2415.7
823,2025-04-04,Australia,Furniture,7,167.87,1175.09
824,2025-04-05,USA,Sports,2,166.22,332.44
825,2025-04-06,UAE,Food,20,23.1,462.0
826,2025-04-07,UAE,Sports,3,470.98,1412.94
827,2025-04-08,USA,Clothing,14,205.76,2880.64
828,2025-04-09,Australia,Sports,4,322.48,1289.92
829,2025-04-10,USA,Furniture,12,629.36,7552.32
830,2025-04-11,Australia,Food,17,513.55,8730.35
831,2025-04-12,France,Sports,12,564.24,6770.88
832,2025-04-13,UK,Furniture,1,464.54,464.54
833,2025-04-14,Australia,Electronics,16,105.1,1681.6
834,2025-04-15,India,Food,6,673.41,4040.46
835,2025-04-16,Australia,Sports,8,181.83,1454.64
836,2025-04-17,Japan,Furniture,10,313.3,3133.0
837,2025-04-18,Germany,Electronics,19,961.62,18270.78
838,2025-04-19,France,Food,10,352.83,3528.3
839,2025-04-20,France,Electronics,1,424.36,424.36
840,2025-04-21,India,Food,19,338.07,6423.33
841,2025-04-22,UK,Food,6,431.33,2587.98
842,2025-04-23,France,Clothing,3,66.72,200.16
843,2025-04-24,India,Electronics,10,150.04,1500.4
844,2025-04-25,UAE,Electronics,7,63.92,447.44
845,2025-04-26,India,Food,20,965.75,19315.0
846,2025-04-27,France,Sports,8,586.87,4694.96
847,2025-04-28,India,Food,17,88.56,1505.52
848,2025-04-29,France,Furniture,5,696.79,3483.95
849,2025-04-30,Australia,Food,1,538.45,538.45
850,2025-05-01,Canada,Sports,2,41.51,83.02
851,2025-05-02,Germany,Furniture,10,333.68,3336.8
852,2025-05-03,Japan,Clothing,9,633.93,5705.37
853,2025-05-04,India,Clothing,3,282.73,848.19
854,2025-05-05,Japan,Electronics,2,272.34,544.68
855,2025-05-06,UK,Food,18,772.6,13906.8
856,2025-05-07,Japan,Clothing,19,54.6,1037.4
857,2025-05-08,Canada,Electronics,13,696.92,9059.96
858,2025-05-09,Canada,Food,12,70.01,840.12
859,2025-05-10,Brazil,Food,2,668.4,1336.8
860,2025-05-11,Brazil,Clothing,9,681.39,6132.51
861,2025-05-12,Brazil,Electronics,3,763.28,2289.84
862,2025-05-13,Canada,Clothing,10,247.47,2474.7
863,2025-05-14,Germany,Food,9,988.9,8900.1
864,2025-05-15,UAE,Clothing,7,251.78,1762.46
865,2025-05-16,UAE,Clothing,5,871.86,4359.3
866,2025-05-17,France,Furniture,18,563.7,10146.6
867,2025-05-18,Japan,Clothing,12,181.69,2180.28
868,2025-05-19,USA,Clothing,3,141.38,424.14
869,2025-05-20,UK,Furniture,19,918.52,17451.88
870,2025-05-21,India,Food,6,393.1,2358.6
871,2025-05-22,UAE,Clothing,19,448.3,8517.7
872,2025-05-23,India,Furniture,9,123.02,1107.18
873,2025-05-24,Japan,Furniture,20,780.97,15619.4
874,2025-05-25,India,Clothing,12,336.32,4035.84
875,2025-05-26,India,Sports,8,809.29,6474.32
876,2025-05-27,Australia,Sports,1,736.61,736.61
877,2025-05-28,Brazil,Sports,8,849.14,6793.12
878,2025-05-29,UAE,Clothing,20,702.25,14045.0
879,2025-05-30,Australia,Furniture,9,715.01,6435.09
880,2025-05-31,India,Sports,16,690.85,11053.6
881,2025-06-01,India,Furniture,3,138.31,414.93
882,2025-06-02,India,Sports,16,89.53,1432.48
883,2025-06-03,Japan,Food,16,929.98,14879.68
884,2025-06-04,UAE,Furniture,16,530.62,8489.92
885,2025-06-05,Australia,Furniture,5,130.05,650.25
886,2025-06-06,Australia,Furniture,15,110.6,1659.0
887,2025-06-07,Brazil,Food,17,404.18,6871.06
888,2025-06-08,Germany,Sports,7,908.43,6359.01
889,2025-06-09,Japan,Food,2,682.65,1365.3
890,2025-06-10,France,Furniture,15,786.96,11804.4
891,2025-06-11,UK,Food,7,128.51,899.57
892,2025-06-12,USA,Food,20,232.51,4650.2
893,2025-06-13,Canada,Electronics,14,28.18,394.52
894,2025-06-14,France,Food,10,707.85,7078.5
895,2025-06-15,India,Food,13,232.56,3023.28
896,2025-06-16,India,Sports,13,319.69,4155.97
897,2025-06-17,USA,Electronics,1,980.51,980.51
898,2025-06-18,France,Sports,1,135.78,135.78
899,2025-06-19,France,Furniture,3,266.99,800.97
900,2025-06-20,India,Clothing,9,863.7,7773.3
901,2025-06-21,USA,Clothing,9,206.09,1854.81
902,2025-06-22,USA,Food,16,653.86,10461.76
903,2025-06-23,UK,Clothing,17,775.67,13186.39
904,2025-06-24,India,Electronics,5,148.71,743.55
905,2025-06-25,Japan,Food,20,191.14,3822.8
906,2025-06-26,USA,Electronics,5,116.22,581.1
907,2025-06-27,Germany,Furniture,17,74.62,1268.54
908,2025-06-28,France,Sports,19,34.56,656.64
909,2025-06-29,India,Sports,8,307.87,2462.96
910,2025-06-30,India,Sports,12,78.15,937.8
911,2025-07-01,USA,Food,2,19.91,39.82
912,2025-07-02,India,Electronics,13,248.27,3227.51
913,2025-07-03,UK,Clothing,9,64.77,582.93
914,2025-07-04,Brazil,Electronics,8,601.01,4808.08
915,2025-07-05,Australia,Furniture,1,648.44,648.44
916,2025-07-06,Canada,Electronics,11,693.16,7624.76
917,2025-07-07,Brazil,Electronics,4,504.89,2019.56
918,2025-07-08,USA,Electronics,3,372.67,1118.01
919,2025-07-09,Germany,Electronics,8,632.09,5056.72
920,2025-07-10,UK,Electronics,16,822.57,13161.12
921,2025-07-11,Japan,Electronics,7,859.65,6017.55
922,2025-07-12,India,Clothing,15,356.33,5344.95
923,2025-07-13,Australia,Sports,12,195.58,2346.96
924,2025-07-14,Australia,Clothing,20,376.25,7525.0
925,2025-07-15,France,Food,5,579.18,2895.9
926,2025-07-16,Australia,Electronics,11,677.1,7448.1
927,2025-07-17,Australia,Clothing,5,150.89,754.45
928,2025-07-18,Canada,Electronics,3,209.04,627.12
929,2025-07-19,Germany,Clothing,17,125.87,2139.79
930,2025-07-20,USA,Food,4,184.63,738.52
931,2025-07-21,Germany,Food,15,350.55,5258.25
932,2025-07-22,India,Furniture,13,531.85,6914.05
933,2025-07-23,UAE,Electronics,3,35.11,105.33
934,2025-07-24,Canada,Food,5,147.87,739.35
935,2025-07-25,France,Electronics,2,524.57,1049.14
936,2025-07-26,Australia,Clothing,11,92.28,1015.08
937,2025-07-27,Brazil,Electronics,13,444.73,5781.49
938,2025-07-28,Japan,Food,5,754.4,3772.0
939,2025-07-29,Japan,Clothing,16,813.29,13012.64
940,2025-07-30,France,Sports,5,396.0,1980.0
941,2025-07-31,India,Clothing,1,667.02,667.02
942,2025-08-01,Australia,Electronics,3,703.43,2110.29
943,2025-08-02,Australia,Electronics,17,725.66,12336.22
944,2025-08-03,Australia,Clothing,17,900.46,15307.82
945,2025-08-04,Japan,Clothing,10,880.74,8807.4
946,2025-08-05,Australia,Furniture,18,771.24,13882.32
947,2025-08-06,Canada,Sports,9,984.54,8860.86
948,2025-08-07,UAE,Food,9,15.72,141.48
949,2025-08-08,Germany,Food,4,150.41,601.64
950,2025-08-09,USA,Clothing,8,709.92,5679.36
951,2025-08-10,UK,Sports,20,378.58,7571.6
952,2025-08-11,Germany,Electronics,20,787.59,15751.8
953,2025-08-12,Japan,Clothing,8,579.54,4636.32
954,2025-08-13,Brazil,Sports,5,704.53,3522.65
955,2025-08-14,Canada,Electronics,1,590.76,590.76
956,2025-08-15,Australia,Electronics,14,569.44,7972.16
957,2025-08-16,Germany,Sports,20,926.93,18538.6
958,2025-08-17,UK,Clothing,8,616.41,4931.28
959,2025-08-18,USA,Food,6,87.32,523.92
960,2025-08-19,USA,Furniture,17,586.04,9962.68
961,2025-08-20,India,Electronics,7,668.56,4679.92
962,2025-08-21,UK,Electronics,6,242.24,1453.44
963,2025-08-22,UAE,Clothing,7,483.28,3382.96
964,2025-08-23,Brazil,Furniture,1,71.28,71.28
965,2025-08-24,USA,Food,1,80.11,80.11
966,2025-08-25,Japan,Clothing,3,363.66,1090.98
967,2025-08-26,USA,Electronics,19,686.38,13041.22
968,2025-08-27,India,Furniture,16,583.73,9339.68
969,2025-08-28,Canada,Sports,4,795.8,3183.2
970,2025-08-29,France,Food,5,313.21,1566.05
971,2025-08-30,Australia,Sports,10,949.53,9495.3
972,2025-08-31,UK,Clothing,19,92.06,1749.14
973,2025-09-01,UK,Food,18,518.52,9333.36
974,2025-09-02,Japan,Food,19,348.78,6626.82
975,2025-09-03,Brazil,Sports,6,450.19,2701.14
976,2025-09-04,UAE,Food,13,905.24,11768.12
977,2025-09-05,USA,Furniture,8,241.56,1932.48
978,2025-09-06,France,Sports,3,647.78,1943.34
979,2025-09-07,France,Food,8,745.14,5961.12
980,2025-09-08,Canada,Electronics,11,103.78,1141.58
981,2025-09-09,France,Electronics,11,537.25,5909.75
982,2025-09-10,UAE,Sports,8,133.95,1071.6
983,2025-09-11,USA,Clothing,18,77.7,1398.6
984,2025-09-12,UK,Sports,1,641.37,641.37
985,2025-09-13,Germany,Electronics,14,423.94,5935.16
986,2025-09-14,UAE,Clothing,19,395.83,7520.77
987,2025-09-15,France,Clothing,11,819.21,9011.31
988,2025-09-16,Canada,Furniture,17,46.43,789.31
989,2025-09-17,Australia,Clothing,16,246.71,3947.36
990,2025-09-18,Japan,Clothing,2,239.19,478.38
991,2025-09-19,UAE,Clothing,10,822.44,8224.4
992,2025-09-20,UAE,Sports,16,315.83,5053.28
993,2025-09-21,Brazil,Sports,14,669.17,9368.38
994,2025-09-22,USA,Sports,4,66.37,265.48
995,2025-09-23,Japan,Furniture,8,205.91,1647.28
996,2025-09-24,Japan,Sports,8,181.21,1449.68
997,2025-09-25,USA,Food,19,998.37,18969.03
998,2025-09-26,Canada,Furniture,11,159.12,1750.32
999,2025-09-27,UK,Electronics,13,969.79,12607.27
1000,2025-09-28,India,Food,5,50.57,252.85
1001,2025-09-29,UK,Electronics,1,624.37,624.37
1002,2025-09-30,Japan,Furniture,3,844.71,2534.13
1003,2025-10-01,France,Sports,7,584.08,4088.56
1004,2025-10-02,India,Clothing,15,643.61,9654.15
1005,2025-10-03,France,Electronics,2,68.47,136.94
1006,2025-10-04,UAE,Food,14,137.65,1927.1
1007,2025-10-05,France,Electronics,8,832.16,6657.28
1008,2025-10-06,USA,Food,11,15.17,166.87
1009,2025-10-07,India,Clothing,9,381.17,3430.53
1010,2025-10-08,Germany,Food,12,62.63,751.56
1011,2025-10-09,Canada,Furniture,18,53.86,969.48
1012,2025-10-10,UK,Sports,11,972.59,10698.49
1013,2025-10-11,UAE,Furniture,12,954.87,11458.44
1014,2025-10-12,Brazil,Furniture,17,338.24,5750.08
1015,2025-10-13,Germany,Food,10,365.67,3656.7
1016,2025-10-14,Canada,Sports,12,840.64,10087.68
1017,2025-10-15,Australia,Sports,16,354.35,5669.6
1018,2025-10-16,Germany,Electronics,12,987.91,11854.92
1019,2025-10-17,France,Electronics,3,111.81,335.43
1020,2025-10-18,Canada,Electronics,7,451.38,3159.66
1021,2025-10-19,India,Clothing,9,769.44,6924.96
1022,2025-10-20,USA,Electronics,1,780.23,780.23
1023,2025-10-21,UAE,Electronics,8,588.85,4710.8
1024,2025-10-22,Canada,Food,16,875.56,14008.96
1025,2025-10-23,India,Furniture,1,945.47,945.47
1026,2025-10-24,Brazil,Sports,9,353.08,3177.72
1027,2025-10-25,Germany,Sports,12,260.47,3125.64
1028,2025-10-26,Japan,Sports,11,148.28,1631.08
1029,2025-10-27,Canada,Sports,14,239.79,3357.06
1030,2025-10-28,France,Furniture,12,369.7,4436.4
1031,2025-10-29,UK,Clothing,13,591.22,7685.86
1032,2025-10-30,India,Food,3,802.79,2408.37
1033,2025-10-31,Canada,Clothing,11,110.48,1215.28
1034,2025-11-01,USA,Electronics,15,843.97,12659.55
1035,2025-11-02,UK,Food,11,668.74,7356.14
1036,2025-11-03,Japan,Furniture,13,857.01,11141.13
1037,2025-11-04,USA,Furniture,15,197.13,2956.95
1038,2025-11-05,Japan,Food,8,708.59,5668.72
1039,2025-11-06,UK,Clothing,2,779.85,1559.7
1040,2025-11-07,France,Food,6,999.41,5996.46
1041,2025-11-08,Japan,Furniture,20,251.5,5030.0
1042,2025-11-09,India,Electronics,5,904.44,4522.2
1043,2025-11-10,Brazil,Electronics,3,592.07,1776.21
1044,2025-11-11,UAE,Sports,10,951.12,9511.2
1045,2025-11-12,Canada,Furniture,11,176.52,1941.72
1046,2025-11-13,India,Sports,13,418.67,5442.71
1047,2025-11-14,France,Clothing,5,582.99,2914.95
1048,2025-11-15,Japan,Food,12,598.49,7181.88
1049,2025-11-16,Brazil,Furniture,20,716.42,14328.4
1050,2025-11-17,Australia,Furniture,18,186.39,3355.02
1051,2025-11-18,France,Food,13,130.63,1698.19
1052,2025-11-19,Canada,Food,8,350.66,2805.28
1053,2025-11-20,UAE,Furniture,9,367.55,3307.95
1054,2025-11-21,Australia,Food,12,428.37,5140.44
1055,2025-11-22,USA,Sports,13,652.74,8485.62
1056,2025-11-23,India,Electronics,13,723.15,9400.95
1057,2025-11-24,Brazil,Food,6,388.62,2331.72
1058,2025-11-25,Canada,Clothing,1,822.78,822.78
1059,2025-11-26,Brazil,Sports,13,714.5,9288.5
1060,2025-11-27,Germany,Sports,17,197.28,3353.76
1061,2025-11-28,India,Furniture,13,503.83,6549.79
1062,2025-11-29,Brazil,Furniture,1,27.68,27.68
1063,2025-11-30,Germany,Food,13,640.41,8325.33
1064,2025-12-01,Australia,Electronics,19,165.25,3139.75
1065,2025-12-02,Japan,Furniture,11,692.0,7612.0
1066,2025-12-03,UK,Sports,13,81.65,1061.45
1067,2025-12-04,UK,Sports,5,903.07,4515.35
1068,2025-12-05,India,Clothing,10,751.18,7511.8
1069,2025-12-06,Brazil,Food,13,61.62,801.06
1070,2025-12-07,Germany,Clothing,12,768.69,9224.28
1071,2025-12-08,India,Electronics,14,489.0,6846.0
1072,2025-12-09,Germany,Food,6,865.08,5190.48
1073,2025-12-10,Canada,Furniture,5,307.86,1539.3
1074,2025-12-11,USA,Clothing,16,733.13,11730.08
1075,2025-12-12,Japan,Sports,14,361.24,5057.36
1076,2025-12-13,USA,Sports,1,356.11,356.11
1077,2025-12-14,USA,Furniture,5,346.57,1732.85
1078,2025-12-15,Brazil,Food,6,673.85,4043.1
1079,2025-12-16,Japan,Furniture,7,672.56,4707.92
1080,2025-12-17,USA,Electronics,17,705.85,11999.45
1081,2025-12-18,UAE,Clothing,10,749.78,7497.8
1082,2025-12-19,UAE,Clothing,15,300.85,4512.75
1083,2025-12-20,UAE,Electronics,14,453.2,6344.8
1084,2025-12-21,Australia,Electronics,8,755.64,6045.12
1085,2025-12-22,France,Food,7,429.83,3008.81
1086,2025-12-23,UAE,Furniture,18,247.65,4457.7
1087,2025-12-24,France,Sports,16,316.71,5067.36
1088,2025-12-25,Germany,Furniture,2,569.83,1139.66
1089,2025-12-26,USA,Furniture,5,472.31,2361.55
1090,2025-12-27,Japan,Clothing,15,355.16,5327.4
1091,2025-12-28,Australia,Clothing,12,80.88,970.56
1092,2025-12-29,France,Sports,16,711.29,11380.64
1093,2025-12-30,UAE,Electronics,7,187.24,1310.68
1094,2025-12-31,Canada,Furniture,19,737.65,14015.35
1095,2025-01-01,Japan,Sports,6,221.94,1331.64
1096,2025-01-02,Canada,Clothing,19,564.38,10723.22
1097,2025-01-03,Japan,Electronics,4,337.64,1350.56
1098,2025-01-04,Canada,Clothing,6,266.15,1596.9
1099,2025-01-05,UAE,Electronics,1,866.23,866.23
1100,2025-01-06,Brazil,Food,17,778.78,13239.26
1101,2025-01-07,India,Food,20,505.96,10119.2
1102,2025-01-08,Australia,Electronics,12,399.65,4795.8
1103,2025-01-09,UAE,Furniture,17,99.14,1685.38
1104,2025-01-10,USA,Food,14,474.87,6648.18
1105,2025-01-11,UK,Sports,15,403.51,6052.65
1106,2025-01-12,India,Electronics,18,526.37,9474.66
1107,2025-01-13,India,Sports,8,309.83,2478.64
1108,2025-01-14,Germany,Food,3,968.8,2906.4
1109,2025-01-15,Japan,Food,4,84.03,336.12
1110,2025-01-16,Australia,Food,1,164.4,164.4
1111,2025-01-17,Japan,Electronics,11,605.35,6658.85
1112,2025-01-18,Germany,Food,3,538.77,1616.31
1113,2025-01-19,Canada,Food,15,994.12,14911.8
1114,2025-01-20,France,Clothing,20,448.01,8960.2
1115,2025-01-21,USA,Food,14,474.68,6645.52
1116,2025-01-22,Japan,Clothing,13,697.46,9066.98
1117,2025-01-23,Brazil,Clothing,10,816.27,8162.7
1118,2025-01-24,Australia,Electronics,1,265.14,265.14
1119,2025-01-25,Germany,Furniture,8,304.23,2433.84
1120,2025-01-26,UAE,Electronics,16,110.33,1765.28
1121,2025-01-27,Canada,Sports,13,196.19,2550.47
1122,2025-01-28,Canada,Furniture,12,950.31,11403.72
1123,2025-01-29,Canada,Furniture,15,973.22,14598.3
1124,2025-01-30,India,Sports,16,903.37,14453.92
1125,2025-01-31,Germany,Sports,16,602.77,9644.32
1126,2025-02-01,USA,Electronics,17,573.77,9754.09
1127,2025-02-02,USA,Furniture,6,498.62,2991.72
1128,2025-02-03,UK,Clothing,10,285.18,2851.8
1129,2025-02-04,Brazil,Clothing,8,164.87,1318.96
1130,2025-02-05,Germany,Sports,8,777.3,6218.4
1131,2025-02-06,Canada,Sports,15,950.24,14253.6
1132,2025-02-07,Canada,Food,10,552.93,5529.3
1133,2025-02-08,UAE,Food,4,131.32,525.28
1134,2025-02-09,USA,Sports,5,516.56,2582.8
1135,2025-02-10,Australia,Electronics,18,521.95,9395.1
1136,2025-02-11,India,Sports,15,137.4,2061.0
1137,2025-02-12,UAE,Clothing,2,206.47,412.94
1138,2025-02-13,UK,Food,17,858.32,14591.44
1139,2025-02-14,Brazil,Furniture,11,994.09,10934.99
1140,2025-02-15,USA,Electronics,11,839.68,9236.48
1141,2025-02-16,UAE,Food,9,602.84,5425.56
1142,2025-02-17,Australia,Furniture,6,586.8,3520.8
1143,2025-02-18,UAE,Furniture,14,677.92,9490.88
1144,2025-02-19,Canada,Sports,1,793.22,793.22
1145,2025-02-20,Canada,Furniture,19,118.32,2248.08
1146,2025-02-21,Australia,Furniture,6,101.4,608.4
1147,2025-02-22,India,Food,8,367.75,2942.0
1148,2025-02-23,Germany,Clothing,7,15.46,108.22
1149,2025-02-24,Brazil,Clothing,8,202.91,1623.28
1150,2025-02-25,UAE,Furniture,16,923.11,14769.76
1151,2025-02-26,Germany,Clothing,10,642.29,6422.9
1152,2025-02-27,UK,Clothing,17,822.7,13985.9
1153,2025-02-28,Australia,Electronics,4,122.03,488.12
1154,2025-03-01,France,Clothing,10,847.42,8474.2
1155,2025-03-02,France,Food,13,850.74,11059.62
1156,2025-03-03,India,Clothing,8,60.33,482.64
1157,2025-03-04,France,Furniture,12,920.21,11042.52
1158,2025-03-05,Japan,Sports,15,842.98,12644.7
1159,2025-03-06,India,Furniture,5,758.53,3792.65
1160,2025-03-07,UAE,Food,15,190.49,2857.35
1161,2025-03-08,Brazil,Furniture,3,170.79,512.37
1162,2025-03-09,Canada,Clothing,7,934.0,6538.0
1163,2025-03-10,Germany,Sports,5,750.17,3750.85
1164,2025-03-11,UK,Electronics,19,41.84,794.96
1165,2025-03-12,UAE,Sports,13,159.94,2079.22
1166,2025-03-13,USA,Food,5,120.12,600.6
1167,2025-03-14,Japan,Furniture,11,341.37,3755.07
1168,2025-03-15,Australia,Furniture,19,916.47,17412.93
1169,2025-03-16,UAE,Furniture,14,345.37,4835.18
1170,2025-03-17,UK,Sports,6,643.6,3861.6
1171,2025-03-18,UK,Electronics,8,117.24,937.92
1172,2025-03-19,Australia,Sports,18,747.3,13451.4
1173,2025-03-20,Germany,Clothing,11,411.1,4522.1
1174,2025-03-21,USA,Sports,16,894.79,14316.64
1175,2025-03-22,India,Sports,4,201.36,805.44
1176,2025-03-23,Germany,Sports,2,33.68,67.36
1177,2025-03-24,UK,Clothing,8,106.29,850.32
1178,2025-03-25,Canada,Clothing,13,938.99,12206.87
1179,2025-03-26,UK,Sports,2,363.71,727.42
1180,2025-03-27,India,Furniture,18,563.55,10143.9
1181,2025-03-28,France,Sports,6,159.2,955.2
1182,2025-03-29,Canada,Furniture,7,882.86,6180.02
1183,2025-03-30,UAE,Electronics,2,789.8,1579.6
1184,2025-03-31,Brazil,Sports,17,916.19,15575.23
1185,2025-04-01,France,Food,7,46.14,322.98
1186,2025-04-02,France,Clothing,17,342.15,5816.55
1187,2025-04-03,France,Electronics,1,489.19,489.19
1188,2025-04-04,India,Electronics,14,64.81,907.34
1189,2025-04-05,India,Furniture,5,700.52,3502.6
1190,2025-04-06,France,Sports,20,507.62,10152.4
1191,2025-04-07,UAE,Food,13,337.12,4382.56
1192,2025-04-08,France,Furniture,5,601.81,3009.05
1193,2025-04-09,Japan,Food,12,82.97,995.64
1194,2025-04-10,UK,Furniture,16,853.56,13656.96
1195,2025-04-11,France,Furniture,20,447.08,8941.6
1196,2025-04-12,Australia,Sports,2,412.36,824.72
1197,2025-04-13,UK,Furniture,6,263.77,1582.62
1198,2025-04-14,Australia,Clothing,18,326.49,5876.82
1199,2025-04-15,USA,Electronics,8,543.68,4349.44
1200,2025-04-16,Brazil,Furniture,19,995.73,18918.87
1201,2025-04-17,Canada,Furniture,2,214.91,429.82
1202,2025-04-18,Germany,Electronics,15,350.13,5251.95
1203,2025-04-19,France,Furniture,16,984.36,15749.76
1204,2025-04-20,UK,Food,7,860.52,6023.64
1205,2025-04-21,Australia,Clothing,19,747.78,14207.82
1206,2025-04-22,Canada,Food,19,249.9,4748.1
1207,2025-04-23,India,Electronics,12,958.29,11499.48
1208,2025-04-24,UK,Sports,19,255.49,4854.31
1209,2025-04-25,Canada,Electronics,1,73.48,73.48
1210,2025-04-26,France,Furniture,4,427.18,1708.72
1211,2025-04-27,France,Sports,19,26.77,508.63
1212,2025-04-28,Brazil,Food,18,306.34,5514.12
1213,2025-04-29,Brazil,Food,15,713.69,10705.35
1214,2025-04-30,Germany,Sports,20,207.3,4146.0
1215,2025-05-01,UAE,Food,18,261.67,4710.06
1216,2025-05-02,Japan,Furniture,6,773.88,4643.28
1217,2025-05-03,India,Electronics,3,792.75,2378.25
1218,2025-05-04,India,Furniture,15,511.86,7677.9
1219,2025-05-05,France,Electronics,11,201.5,2216.5
1220,2025-05-06,UAE,Furniture,15,587.29,8809.35
1221,2025-05-07,Germany,Furniture,5,97.02,485.1
1222,2025-05-08,France,Clothing,13,118.28,1537.64
1223,2025-05-09,UAE,Furniture,10,46.78,467.8
1224,2025-05-10,France,Electronics,7,346.83,2427.81
1225,2025-05-11,Canada,Sports,18,435.2,7833.6
1226,2025-05-12,UK,Food,14,921.45,12900.3
1227,2025-05-13,Canada,Food,10,781.38,7813.8
1228,2025-05-14,France,Furniture,14,933.11,13063.54
1229,2025-05-15,Japan,Clothing,6,548.92,3293.52
1230,2025-05-16,UK,Electronics,13,785.48,10211.24
1231,2025-05-17,India,Clothing,1,799.86,799.86
1232,2025-05-18,France,Clothing,6,725.1,4350.6
1233,2025-05-19,USA,Sports,4,268.64,1074.56
1234,2025-05-20,France,Food,7,544.62,3812.34
1235,2025-05-21,USA,Furniture,20,382.91,7658.2
1236,2025-05-22,France,Furniture,12,211.36,2536.32
1237,2025-05-23,France,Sports,7,846.43,5925.01
1238,2025-05-24,UAE,Electronics,18,196.49,3536.82
1239,2025-05-25,Australia,Food,10,108.81,1088.1
1240,2025-05-26,Australia,Food,7,584.44,4091.08
1241,2025-05-27,UK,Furniture,1,589.06,589.06
1242,2025-05-28,France,Electronics,12,742.14,8905.68
1243,2025-05-29,Canada,Sports,14,153.24,2145.36
1244,2025-05-30,USA,Clothing,1,317.77,317.77
1245,2025-05-31,Canada,Clothing,7,984.76,6893.32
1246,2025-06-01,UK,Food,10,167.5,1675.0
1247,2025-06-02,Japan,Electronics,14,40.26,563.64
1248,2025-06-03,India,Food,19,454.32,8632.08
1249,2025-06-04,Australia,Sports,20,383.48,7669.6
1250,2025-06-05,Canada,Electronics,11,750.68,8257.48
1251,2025-06-06,Brazil,Electronics,4,662.31,2649.24
1252,2025-06-07,Canada,Electronics,10,137.86,1378.6
1253,2025-06-08,UK,Furniture,8,831.08,6648.64
1254,2025-06-09,USA,Sports,11,473.73,5211.03
1255,2025-06-10,Japan,Clothing,1,896.74,896.74
1256,2025-06-11,India,Clothing,13,681.93,8865.09
1257,2025-06-12,Canada,Clothing,5,522.78,2613.9
1258,2025-06-13,UK,Sports,18,620.71,11172.78
1259,2025-06-14,Germany,Food,15,279.73,4195.95
1260,2025-06-15,Canada,Food,13,35.35,459.55
1261,2025-06-16,UK,Food,18,830.21,14943.78
1262,2025-06-17,USA,Clothing,17,305.44,5192.48
1263,2025-06-18,Australia,Electronics,3,420.6,1261.8
1264,2025-06-19,Australia,Furniture,9,14.43,129.87
1265,2025-06-20,Germany,Clothing,12,899.1,10789.2
1266,2025-06-21,Canada,Food,15,62.69,940.35
1267,2025-06-22,Brazil,Food,4,191.4,765.6
1268,2025-06-23,UAE,Electronics,6,341.78,2050.68
1269,2025-06-24,Australia,Furniture,9,356.96,3212.64
1270,2025-06-25,Canada,Sports,1,249.42,249.42
1271,2025-06-26,India,Food,13,569.91,7408.83
1272,2025-06-27,Japan,Sports,2,55.32,110.64
1273,2025-06-28,Brazil,Food,9,889.6,8006.4
1274,2025-06-29,UAE,Electronics,20,692.71,13854.2
1275,2025-06-30,Australia,Food,18,80.53,1449.54
1276,2025-07-01,UAE,Food,1,672.83,672.83
1277,2025-07-02,Brazil,Clothing,7,774.38,5420.66
1278,2025-07-03,Germany,Sports,19,776.75,14758.25
1279,2025-07-04,France,Electronics,15,149.63,2244.45
1280,2025-07-05,Brazil,Food,11,205.11,2256.21
1281,2025-07-06,Brazil,Electronics,19,54.12,1028.28
1282,2025-07-07,India,Electronics,9,595.05,5355.45
1283,2025-07-08,India,Furniture,13,732.39,9521.07
1284,2025-07-09,Germany,Furniture,2,70.2,140.4
1285,2025-07-10,Japan,Sports,11,149.24,1641.64
1286,2025-07-11,Brazil,Sports,8,372.61,2980.88
1287,2025-07-12,Japan,Food,11,520.97,5730.67
1288,2025-07-13,UAE,Furniture,11,143.81,1581.91
1289,2025-07-14,France,Electronics,2,794.09,1588.18
1290,2025-07-15,Australia,Clothing,6,949.01,5694.06
1291,2025-07-16,Canada,Sports,8,921.71,7373.68
1292,2025-07-17,Japan,Sports,11,299.52,3294.72
1293,2025-07-18,India,Sports,16,740.0,11840.0
1294,2025-07-19,India,Clothing,3,246.15,738.45
1295,2025-07-20,USA,Furniture,7,26.2,183.4
1296,2025-07-21,Germany,Clothing,5,795.05,3975.25
1297,2025-07-22,Germany,Furniture,17,418.84,7120.28
1298,2025-07-23,Canada,Electronics,5,978.1,4890.5
1299,2025-07-24,Japan,Food,5,771.44,3857.2
1300,2025-07-25,Australia,Electronics,11,620.64,6827.04
1301,2025-07-26,France,Sports,9,331.28,2981.52
1302,2025-07-27,Canada,Furniture,13,222.56,2893.28
1303,2025-07-28,Canada,Clothing,14,420.22,5883.08
1304,2025-07-29,UK,Electronics,16,167.07,2673.12
1305,2025-07-30,UAE,Clothing,1,750.47,750.47
1306,2025-07-31,USA,Sports,7,778.2,5447.4
1307,2025-08-01,UAE,Electronics,4,32.3,129.2
1308,2025-08-02,UAE,Furniture,20,468.88,9377.6
1309,2025-08-03,USA,Clothing,20,248.75,4975.0
1310,2025-08-04,India,Electronics,4,60.44,241.76
1311,2025-08-05,India,Clothing,7,662.12,4634.84
1312,2025-08-06,Australia,Clothing,20,495.47,9909.4
1313,2025-08-07,France,Clothing,5,416.29,2081.45
1314,2025-08-08,Brazil,Furniture,17,907.56,15428.52
1315,2025-08-09,Germany,Sports,7,46.86,328.02
1316,2025-08-10,Australia,Clothing,18,514.6,9262.8
1317,2025-08-11,UAE,Electronics,13,740.16,9622.08
1318,2025-08-12,UK,Food,1,778.95,778.95
1319,2025-08-13,Australia,Food,16,111.55,1784.8
1320,2025-08-14,France,Furniture,16,420.38,6726.08
1321,2025-08-15,Canada,Electronics,11,363.4,3997.4
1322,2025-08-16,Japan,Electronics,15,543.48,8152.2
1323,2025-08-17,Brazil,Sports,8,184.63,1477.04
1324,2025-08-18,Germany,Electronics,18,994.29,17897.22
1325,2025-08-19,Australia,Electronics,8,394.8,3158.4
1326,2025-08-20,Brazil,Furniture,3,88.92,266.76
1327,2025-08-21,Germany,Furniture,19,750.43,14258.17
1328,2025-08-22,UK,Food,7,132.7,928.9
1329,2025-08-23,Canada,Clothing,9,381.72,3435.48
1330,2025-08-24,Australia,Clothing,9,131.32,1181.88
1331,2025-08-25,Germany,Furniture,15,844.99,12674.85
1332,2025-08-26,India,Food,17,858.93,14601.81
1333,2025-08-27,Australia,Furniture,12,367.83,4413.96
1334,2025-08-28,France,Furniture,11,709.9,7808.9
1335,2025-08-29,Japan,Clothing,5,887.49,4437.45
1336,2025-08-30,UAE,Sports,7,10.31,72.17
1337,2025-08-31,France,Sports,8,416.09,3328.72
1338,2025-09-01,France,Clothing,3,18.38,55.14
1339,2025-09-02,India,Sports,4,622.32,2489.28
1340,2025-09-03,Brazil,Electronics,16,682.4,10918.4
1341,2025-09-04,UAE,Furniture,19,923.44,17545.36
1342,2025-09-05,Brazil,Furniture,14,351.89,4926.46
1343,2025-09-06,USA,Electronics,4,171.19,684.76
1344,2025-09-07,Australia,Furniture,17,891.73,15159.41
1345,2025-09-08,Germany,Furniture,9,737.38,6636.42
1346,2025-09-09,Canada,Food,12,910.4,10924.8
1347,2025-09-10,Japan,Furniture,7,251.71,1761.97
1348,2025-09-11,Brazil,Electronics,18,724.12,13034.16
1349,2025-09-12,Australia,Clothing,7,987.29,6911.03
1350,2025-09-13,UK,Sports,18,283.28,5099.04
1351,2025-09-14,Australia,Sports,9,675.26,6077.34
1352,2025-09-15,Germany,Sports,10,126.52,1265.2
1353,2025-09-16,UK,Clothing,18,504.2,9075.6
1354,2025-09-17,Brazil,Food,6,58.78,352.68
1355,2025-09-18,Australia,Electronics,4,100.94,403.76
1356,2025-09-19,UK,Sports,15,565.79,8486.85
1357,2025-09-20,Japan,Sports,15,563.11,8446.65
1358,2025-09-21,India,Electronics,7,749.38,5245.66
1359,2025-09-22,Germany,Food,6,305.64,1833.84
1360,2025-09-23,India,Clothing,16,753.31,12052.96
1361,2025-09-24,UAE,Sports,8,694.62,5556.96
1362,2025-09-25,UAE,Food,15,314.91,4723.65
1363,2025-09-26,UAE,Furniture,10,724.67,7246.7
1364,2025-09-27,UAE,Sports,13,571.47,7429.11
1365,2025-09-28,USA,Sports,16,571.52,9144.32
1366,2025-09-29,Brazil,Sports,3,891.78,2675.34
1367,2025-09-30,Canada,Sports,4,313.06,1252.24
1368,2025-10-01,Australia,Food,17,588.46,10003.82
1369,2025-10-02,France,Clothing,17,593.1,10082.7
1370,2025-10-03,India,Clothing,12,864.5,10374.0
1371,2025-10-04,India,Furniture,12,722.73,8672.76
1372,2025-10-05,Germany,Sports,7,872.16,6105.12
1373,2025-10-06,Brazil,Food,11,105.83,1164.13
1374,2025-10-07,USA,Sports,2,882.4,1764.8
1375,2025-10-08,Germany,Sports,2,586.82,1173.64
1376,2025-10-09,Germany,Food,19,751.02,14269.38
1377,2025-10-10,India,Clothing,6,248.7,1492.2
1378,2025-10-11,UK,Clothing,18,772.7,13908.6
1379,2025-10-12,Japan,Furniture,10,106.43,1064.3
1380,2025-10-13,UAE,Furniture,8,388.35,3106.8
1381,2025-10-14,Germany,Sports,17,883.21,15014.57
1382,2025-10-15,France,Clothing,12,340.99,4091.88
1383,2025-10-16,Canada,Food,7,694.67,4862.69
1384,2025-10-17,Canada,Clothing,9,459.69,4137.21
1385,2025-10-18,UK,Food,7,406.4,2844.8
1386,2025-10-19,Australia,Furniture,5,960.13,4800.65
1387,2025-10-20,Germany,Electronics,8,890.89,7127.12
1388,2025-10-21,Japan,Sports,2,891.86,1783.72
1389,2025-10-22,UAE,Food,11,26.22,288.42
1390,2025-10-23,India,Furniture,7,192.15,1345.05
1391,2025-10-24,UK,Electronics,15,607.32,9109.8
1392,2025-10-25,France,Electronics,3,104.85,314.55
1393,2025-10-26,Australia,Food,13,684.65,8900.45
1394,2025-10-27,Japan,Sports,8,665.75,5326.0
1395,2025-10-28,India,Sports,5,938.71,4693.55
1396,2025-10-29,India,Furniture,14,457.34,6402.76
1397,2025-10-30,Brazil,Sports,7,665.52,4658.64
1398,2025-10-31,France,Sports,14,987.81,13829.34
1399,2025-11-01,India,Electronics,10,484.21,4842.1
1400,2025-11-02,Japan,Food,15,687.37,10310.55
1401,2025-11-03,Brazil,Electronics,6,360.83,2164.98
1402,2025-11-04,Brazil,Food,18,480.09,8641.62
1403,2025-11-05,France,Food,11,493.65,5430.15
1404,2025-11-06,UAE,Food,1,321.5,321.5
1405,2025-11-07,Germany,Sports,10,322.99,3229.9
1406,2025-11-08,India,Electronics,9,370.38,3333.42
1407,2025-11-09,UAE,Electronics,12,729.52,8754.24
1408,2025-11-10,Japan,Sports,2,816.34,1632.68
1409,2025-11-11,USA,Furniture,16,579.18,9266.88
1410,2025-11-12,Japan,Furniture,6,988.09,5928.54
1411,2025-11-13,Germany,Furniture,7,372.98,2610.86
1412,2025-11-14,Brazil,Furniture,4,300.77,1203.08
1413,2025-11-15,India,Sports,19,213.9,4064.1
1414,2025-11-16,Brazil,Sports,17,730.66,12421.22
1415,2025-11-17,Australia,Furniture,14,252.42,3533.88
1416,2025-11-18,USA,Furniture,12,622.65,7471.8
1417,2025-11-19,Germany,Clothing,1,598.6,598.6
1418,2025-11-20,Germany,Furniture,7,404.39,2830.73
1419,2025-11-21,UAE,Clothing,5,185.56,927.8
1420,2025-11-22,Australia,Furniture,3,225.19,675.57
1421,2025-11-23,UAE,Furniture,18,419.21,7545.78
1422,2025-11-24,Canada,Electronics,13,949.0,12337.0
1423,2025-11-25,UAE,Electronics,11,596.26,6558.86
1424,2025-11-26,Canada,Furniture,14,464.77,6506.78
1425,2025-11-27,UAE,Furniture,16,108.54,1736.64
1426,2025-11-28,Brazil,Food,15,138.54,2078.1
1427,2025-11-29,Australia,Sports,19,210.45,3998.55
1428,2025-11-30,UAE,Sports,19,409.1,7772.9
1429,2025-12-01,Canada,Electronics,16,899.82,14397.12
1430,2025-12-02,Canada,Sports,11,547.56,6023.16
1431,2025-12-03,Australia,Clothing,18,547.4,9853.2
1432,2025-12-04,Germany,Furniture,12,444.0,5328.0
1433,2025-12-05,UAE,Food,7,60.65,424.55
1434,2025-12-06,Australia,Food,6,64.46,386.76
1435,2025-12-07,France,Furniture,15,706.39,10595.85
1436,2025-12-08,UK,Electronics,14,464.75,6506.5
1437,2025-12-09,Germany,Furniture,12,24.3,291.6
1438,2025-12-10,Germany,Sports,14,265.06,3710.84
1439,2025-12-11,France,Furniture,17,666.46,11329.82
1440,2025-12-12,France,Electronics,1,812.4,812.4
1441,2025-12-13,Germany,Sports,4,487.31,1949.24
1442,2025-12-14,Australia,Food,16,98.41,1574.56
1443,2025-12-15,USA,Furniture,7,719.36,5035.52
1444,2025-12-16,Australia,Furniture,19,65.38,1242.22
1445,2025-12-17,Australia,Food,11,893.66,9830.26
1446,2025-12-18,Brazil,Clothing,18,297.63,5357.34
1447,2025-12-19,Japan,Food,13,423.96,5511.48
1448,2025-12-20,USA,Electronics,9,769.43,6924.87
1449,2025-12-21,UK,Furniture,15,806.14,12092.1
1450,2025-12-22,UK,Clothing,10,481.21,4812.1
1451,2025-12-23,Australia,Food,1,554.94,554.94
1452,2025-12-24,USA,Furniture,10,636.22,6362.2
1453,2025-12-25,France,Clothing,13,561.57,7300.41
1454,2025-12-26,UAE,Electronics,6,513.6,3081.6
1455,2025-12-27,UAE,Furniture,12,393.84,4726.08
1456,2025-12-28,UAE,Clothing,2,751.17,1502.34
1457,2025-12-29,UK,Clothing,18,822.68,14808.24
1458,2025-12-30,France,Electronics,8,322.68,2581.44
1459,2025-12-31,Brazil,Clothing,11,201.61,2217.71
1460,2025-01-01,India,Clothing,5,590.85,2954.25
1461,2025-01-02,UAE,Food,6,820.02,4920.12
1462,2025-01-03,UK,Food,6,689.7,4138.2
1463,2025-01-04,France,Food,6,727.69,4366.14
1464,2025-01-05,Australia,Furniture,3,971.5,2914.5
1465,2025-01-06,UK,Furniture,19,140.12,2662.28
1466,2025-01-07,UK,Food,17,231.6,3937.2
1467,2025-01-08,USA,Furniture,18,459.83,8276.94
1468,2025-01-09,Brazil,Food,2,917.56,1835.12
1469,2025-01-10,Brazil,Food,20,989.53,19790.6
1470,2025-01-11,UAE,Sports,20,73.51,1470.2
1471,2025-01-12,Germany,Furniture,1,884.54,884.54
1472,2025-01-13,UK,Furniture,5,388.54,1942.7
1473,2025-01-14,Canada,Clothing,2,617.72,1235.44
1474,2025-01-15,USA,Sports,17,556.5,9460.5
1475,2025-01-16,USA,Sports,10,734.08,7340.8
1476,2025-01-17,India,Clothing,10,455.96,4559.6
1477,2025-01-18,Australia,Clothing,2,55.9,111.8
1478,2025-01-19,Australia,Clothing,2,895.11,1790.22
1479,2025-01-20,France,Sports,2,592.66,1185.32
1480,2025-01-21,Australia,Furniture,15,219.31,3289.65
1481,2025-01-22,Germany,Food,8,949.77,7598.16
1482,2025-01-23,Canada,Sports,13,726.07,9438.91
1483,2025-01-24,UK,Furniture,16,777.52,12440.32
1484,2025-01-25,Japan,Furniture,10,545.15,5451.5
1485,2025-01-26,Australia,Sports,18,168.69,3036.42
1486,2025-01-27,India,Clothing,6,519.2,3115.2
1487,2025-01-28,USA,Sports,19,690.03,13110.57
1488,2025-01-29,Australia,Furniture,1,710.93,710.93
1489,2025-01-30,France,Furniture,19,222.96,4236.24
1490,2025-01-31,France,Clothing,14,813.65,11391.1
1491,2025-02-01,UAE,Food,12,865.16,10381.92
1492,2025-02-02,India,Furniture,7,533.79,3736.53
1493,2025-02-03,France,Clothing,2,188.1,376.2
1494,2025-02-04,Brazil,Food,10,322.5,3225.0
1495,2025-02-05,India,Electronics,19,549.75,10445.25
1496,2025-02-06,UAE,Sports,10,364.73,3647.3
1497,2025-02-07,UK,Sports,10,863.5,8635.0
1498,2025-02-08,Germany,Furniture,18,842.29,15161.22
1499,2025-02-09,Australia,Electronics,8,914.0,7312.0
1500,2025-02-10,Germany,Clothing,1,877.25,877.25
1501,2025-02-11,India,Furniture,10,509.41,5094.1
1502,2025-02-12,France,Sports,8,343.97,2751.76
1503,2025-02-13,Brazil,Food,8,81.01,648.08
1504,2025-02-14,Canada,Furniture,14,102.28,1431.92
1505,2025-02-15,USA,Food,1,946.61,946.61
1506,2025-02-16,UK,Sports,17,924.13,15710.21
1507,2025-02-17,India,Sports,13,328.16,4266.08
1508,2025-02-18,Japan,Furniture,8,815.14,6521.12
1509,2025-02-19,France,Clothing,10,314.24,3142.4
1510,2025-02-20,Australia,Sports,18,293.38,5280.84
1511,2025-02-21,India,Clothing,10,471.59,4715.9
1512,2025-02-22,Canada,Sports,10,820.86,8208.6
1513,2025-02-23,Japan,Food,9,179.68,1617.12
1514,2025-02-24,USA,Furniture,19,577.03,10963.57
1515,2025-02-25,Japan,Clothing,7,387.63,2713.41
1516,2025-02-26,UAE,Electronics,2,663.86,1327.72
1517,2025-02-27,Germany,Furniture,16,288.17,4610.72
1518,2025-02-28,USA,Furniture,17,890.17,15132.89
1519,2025-03-01,Australia,Clothing,3,187.42,562.26
1520,2025-03-02,India,Sports,1,920.92,920.92
1521,2025-03-03,Brazil,Sports,3,714.76,2144.28
1522,2025-03-04,France,Clothing,18,646.43,11635.74
1523,2025-03-05,Germany,Sports,16,612.94,9807.04
1524,2025-03-06,Japan,Clothing,1,916.93,916.93
1525,2025-03-07,Canada,Furniture,13,258.9,3365.7
1526,2025-03-08,USA,Furniture,4,88.8,355.2
1527,2025-03-09,Canada,Electronics,4,288.41,1153.64
1528,2025-03-10,UAE,Furniture,7,248.37,1738.59
1529,2025-03-11,USA,Food,11,433.66,4770.26
1530,2025-03-12,France,Clothing,15,194.43,2916.45
1531,2025-03-13,Australia,Food,1,809.77,809.77
1532,2025-03-14,USA,Clothing,11,244.82,2693.02
1533,2025-03-15,Germany,Furniture,2,80.83,161.66
1534,2025-03-16,India,Furniture,1,980.53,980.53
1535,2025-03-17,UAE,Food,14,808.02,11312.28
1536,2025-03-18,Brazil,Electronics,7,476.7,3336.9
1537,2025-03-19,France,Sports,5,892.81,4464.05
1538,2025-03-20,France,Sports,2,663.03,1326.06
1539,2025-03-21,USA,Electronics,8,208.16,1665.28
1540,2025-03-22,France,Sports,9,891.77,8025.93
1541,2025-03-23,India,Clothing,16,149.91,2398.56
1542,2025-03-24,Germany,Sports,14,648.92,9084.88
1543,2025-03-25,France,Clothing,2,259.4,518.8
1544,2025-03-26,USA,Sports,20,198.26,3965.2
1545,2025-03-27,Germany,Sports,2,615.65,1231.3
1546,2025-03-28,India,Food,15,830.0,12450.0
1547,2025-03-29,Germany,Food,11,871.32,9584.52
1548,2025-03-30,Canada,Clothing,8,24.58,196.64
1549,2025-03-31,Germany,Clothing,3,834.26,2502.78
1550,2025-04-01,Germany,Electronics,17,220.58,3749.86
1551,2025-04-02,UAE,Electronics,18,646.32,11633.76
1552,2025-04-03,UAE,Clothing,9,261.02,2349.18
1553,2025-04-04,Australia,Sports,7,405.02,2835.14
1554,2025-04-05,France,Furniture,6,187.14,1122.84
1555,2025-04-06,USA,Clothing,17,103.94,1766.98
1556,2025-04-07,Canada,Furniture,18,330.93,5956.74
1557,2025-04-08,UAE,Clothing,11,96.85,1065.35
1558,2025-04-09,Brazil,Furniture,13,557.08,7242.04
1559,2025-04-10,UK,Clothing,12,606.71,7280.52
1560,2025-04-11,Brazil,Food,15,400.34,6005.1
1561,2025-04-12,Germany,Electronics,5,468.94,2344.7
1562,2025-04-13,Canada,Clothing,16,412.39,6598.24
1563,2025-04-14,India,Clothing,4,329.07,1316.28
1564,2025-04-15,UAE,Sports,16,655.3,10484.8
1565,2025-04-16,UK,Sports,2,140.04,280.08
1566,2025-04-17,India,Food,6,859.8,5158.8
1567,2025-04-18,USA,Clothing,7,18.82,131.74
1568,2025-04-19,India,Food,18,629.12,11324.16
1569,2025-04-20,Germany,Electronics,9,297.35,2676.15
1570,2025-04-21,UK,Food,7,979.82,6858.74
1571,2025-04-22,Brazil,Sports,8,616.42,4931.36
1572,2025-04-23,USA,Furniture,16,83.9,1342.4
1573,2025-04-24,Canada,Clothing,8,21.84,174.72
1574,2025-04-25,India,Electronics,18,114.42,2059.56
1575,2025-04-26,USA,Electronics,8,752.84,6022.72
1576,2025-04-27,Germany,Clothing,13,102.26,1329.38
1577,2025-04-28,Canada,Clothing,7,998.99,6992.93
1578,2025-04-29,France,Furniture,3,849.89,2549.67
1579,2025-04-30,Germany,Electronics,11,708.61,7794.71
1580,2025-05-01,USA,Electronics,10,963.11,9631.1
1581,2025-05-02,UAE,Furniture,6,801.52,4809.12
1582,2025-05-03,UK,Electronics,8,699.29,5594.32
1583,2025-05-04,Germany,Furniture,13,185.35,2409.55
1584,2025-05-05,UK,Furniture,8,68.42,547.36
1585,2025-05-06,UK,Electronics,20,505.65,10113.0
1586,2025-05-07,India,Electronics,1,648.29,648.29
1587,2025-05-08,Australia,Food,18,490.22,8823.96
1588,2025-05-09,Germany,Electronics,19,393.88,7483.72
1589,2025-05-10,India,Furniture,12,773.4,9280.8
1590,2025-05-11,Canada,Clothing,2,57.25,114.5
1591,2025-05-12,India,Electronics,2,511.44,1022.88
1592,2025-05-13,Australia,Food,1,703.78,703.78
1593,2025-05-14,Canada,Clothing,19,542.78,10312.82
1594,2025-05-15,UAE,Food,10,64.73,647.3
1595,2025-05-16,UAE,Clothing,4,809.52,3238.08
1596,2025-05-17,India,Electronics,19,472.27,8973.13
1597,2025-05-18,Canada,Sports,7,85.21,596.47
1598,2025-05-19,USA,Electronics,11,242.41,2666.51
1599,2025-05-20,France,Clothing,2,50.36,100.72
1600,2025-05-21,UK,Furniture,7,485.83,3400.81
1601,2025-05-22,France,Electronics,11,136.32,1499.52
1602,2025-05-23,Japan,Sports,6,256.65,1539.9
1603,2025-05-24,Brazil,Electronics,9,939.56,8456.04
1604,2025-05-25,Germany,Sports,6,193.11,1158.66
1605,2025-05-26,Japan,Sports,11,967.61,10643.71
1606,2025-05-27,France,Clothing,1,756.69,756.69
1607,2025-05-28,Brazil,Furniture,10,769.54,7695.4
1608,2025-05-29,France,Sports,17,185.83,3159.11
1609,2025-05-30,France,Electronics,19,369.74,7025.06
1610,2025-05-31,UAE,Clothing,1,376.54,376.54
1611,2025-06-01,Australia,Sports,8,403.15,3225.2
1612,2025-06-02,Canada,Electronics,10,882.87,8828.7
1613,2025-06-03,France,Furniture,10,302.05,3020.5
1614,2025-06-04,UK,Furniture,10,384.51,3845.1
1615,2025-06-05,UK,Clothing,5,52.96,264.8
1616,2025-06-06,Australia,Electronics,8,474.55,3796.4
1617,2025-06-07,USA,Sports,7,801.49,5610.43
1618,2025-06-08,Japan,Sports,6,998.59,5991.54
1619,2025-06-09,Germany,Sports,18,685.44,12337.92
1620,2025-06-10,UK,Food,13,221.4,2878.2
1621,2025-06-11,Canada,Sports,19,50.57,960.83
1622,2025-06-12,UAE,Food,3,548.59,1645.77
1623,2025-06-13,Germany,Sports,6,916.27,5497.62
1624,2025-06-14,Japan,Electronics,9,829.76,7467.84
1625,2025-06-15,Australia,Furniture,16,688.62,11017.92
1626,2025-06-16,UAE,Sports,14,711.57,9961.98
1627,2025-06-17,Germany,Electronics,11,965.81,10623.91
1628,2025-06-18,Australia,Food,16,18.76,300.16
1629,2025-06-19,USA,Clothing,17,427.67,7270.39
1630,2025-06-20,India,Food,20,983.76,19675.2
1631,2025-06-21,India,Food,10,239.08,2390.8
1632,2025-06-22,UAE,Electronics,6,370.62,2223.72
1633,2025-06-23,Canada,Electronics,12,316.18,3794.16
1634,2025-06-24,Japan,Food,4,711.58,2846.32
1635,2025-06-25,Brazil,Furniture,19,273.21,5190.99
1636,2025-06-26,UK,Furniture,3,670.68,2012.04
1637,2025-06-27,UK,Furniture,20,27.58,551.6
1638,2025-06-28,India,Sports,19,960.8,18255.2
1639,2025-06-29,Brazil,Food,14,141.62,1982.68
1640,2025-06-30,UK,Food,20,647.81,12956.2
1641,2025-07-01,Japan,Sports,19,408.87,7768.53
1642,2025-07-02,Brazil,Electronics,9,822.51,7402.59
1643,2025-07-03,Australia,Food,1,471.04,471.04
1644,2025-07-04,Brazil,Furniture,1,607.66,607.66
1645,2025-07-05,USA,Electronics,7,34.43,241.01
1646,2025-07-06,UK,Sports,16,499.6,7993.6
1647,2025-07-07,Japan,Electronics,13,180.88,2351.44
1648,2025-07-08,Australia,Food,17,347.57,5908.69
1649,2025-07-09,USA,Clothing,20,326.44,6528.8
1650,2025-07-10,France,Electronics,6,303.52,1821.12
1651,2025-07-11,Canada,Furniture,3,845.11,2535.33
1652,2025-07-12,Japan,Food,20,716.87,14337.4
1653,2025-07-13,UK,Clothing,9,70.64,635.76
1654,2025-07-14,Germany,Electronics,19,887.49,16862.31
1655,2025-07-15,Germany,Electronics,10,341.06,3410.6
1656,2025-07-16,Japan,Furniture,9,675.87,6082.83
1657,2025-07-17,Germany,Furniture,19,246.44,4682.36
1658,2025-07-18,Japan,Furniture,19,628.51,11941.69
1659,2025-07-19,Japan,Electronics,20,972.72,19454.4
1660,2025-07-20,Japan,Electronics,1,471.3,471.3
1661,2025-07-21,UAE,Clothing,7,375.96,2631.72
1662,2025-07-22,France,Clothing,12,668.27,8019.24
1663,2025-07-23,Brazil,Sports,7,559.43,3916.01
1664,2025-07-24,UK,Food,7,919.74,6438.18
1665,2025-07-25,Brazil,Food,17,657.98,11185.66
1666,2025-07-26,France,Food,12,793.38,9520.56
1667,2025-07-27,Germany,Sports,15,27.94,419.1
1668,2025-07-28,Germany,Food,12,903.24,10838.88
1669,2025-07-29,Canada,Electronics,16,547.79,8764.64
1670,2025-07-30,Australia,Sports,18,10.1,181.8
1671,2025-07-31,Japan,Furniture,14,645.8,9041.2
1672,2025-08-01,Japan,Food,11,743.83,8182.13
1673,2025-08-02,UK,Clothing,19,907.14,17235.66
1674,2025-08-03,India,Clothing,9,571.87,5146.83
1675,2025-08-04,France,Furniture,6,402.58,2415.48
1676,2025-08-05,USA,Food,4,691.61,2766.44
1677,2025-08-06,Australia,Clothing,2,746.0,1492.0
1678,2025-08-07,Japan,Sports,20,685.34,13706.8
1679,2025-08-08,Japan,Clothing,18,556.15,10010.7
1680,2025-08-09,Brazil,Electronics,19,201.81,3834.39
1681,2025-08-10,UAE,Furniture,12,364.33,4371.96
1682,2025-08-11,UAE,Electronics,11,862.1,9483.1
1683,2025-08-12,Germany,Clothing,1,89.8,89.8
1684,2025-08-13,France,Clothing,13,835.52,10861.76
1685,2025-08-14,Australia,Electronics,8,541.78,4334.24
1686,2025-08-15,Canada,Furniture,20,201.54,4030.8
1687,2025-08-16,USA,Clothing,13,699.35,9091.55
1688,2025-08-17,France,Food,5,767.69,3838.45
1689,2025-08-18,USA,Food,12,230.12,2761.44
1690,2025-08-19,Canada,Food,13,782.82,10176.66
1691,2025-08-20,Australia,Electronics,9,255.1,2295.9
1692,2025-08-21,Canada,Clothing,15,112.7,1690.5
1693,2025-08-22,India,Sports,4,536.91,2147.64
1694,2025-08-23,Australia,Clothing,9,151.91,1367.19
1695,2025-08-24,Germany,Clothing,18,703.35,12660.3
1696,2025-08-25,Brazil,Sports,20,808.14,16162.8
1697,2025-08-26,UAE,Food,14,354.33,4960.62
1698,2025-08-27,Brazil,Clothing,15,490.7,7360.5
1699,2025-08-28,Australia,Furniture,2,162.09,324.18
1700,2025-08-29,Brazil,Sports,7,519.38,3635.66
1701,2025-08-30,Japan,Sports,14,194.03,2716.42
1702,2025-08-31,Germany,Food,9,628.82,5659.38
1703,2025-09-01,Canada,Sports,16,516.69,8267.04
1704,2025-09-02,Canada,Sports,4,410.59,1642.36
1705,2025-09-03,UK,Furniture,7,607.39,4251.73
1706,2025-09-04,USA,Food,2,644.18,1288.36
1707,2025-09-05,UK,Furniture,13,736.34,9572.42
1708,2025-09-06,France,Food,4,245.26,981.04
1709,2025-09-07,UK,Sports,20,67.01,1340.2
1710,2025-09-08,Brazil,Clothing,5,263.68,1318.4
1711,2025-09-09,France,Furniture,12,218.54,2622.48
1712,2025-09-10,UK,Clothing,14,562.06,7868.84
1713,2025-09-11,India,Electronics,1,901.76,901.76
1714,2025-09-12,USA,Clothing,8,80.85,646.8
1715,2025-09-13,Australia,Electronics,17,268.29,4560.93
1716,2025-09-14,Brazil,Sports,3,872.17,2616.51
1717,2025-09-15,UK,Furniture,18,940.51,16929.18
1718,2025-09-16,Germany,Electronics,15,997.35,14960.25
1719,2025-09-17,Australia,Food,7,249.1,1743.7
1720,2025-09-18,Brazil,Food,19,99.92,1898.48
1721,2025-09-19,Japan,Food,12,272.51,3270.12
1722,2025-09-20,Japan,Electronics,14,334.92,4688.88
1723,2025-09-21,Canada,Sports,6,517.28,3103.68
1724,2025-09-22,USA,Food,12,298.47,3581.64
1725,2025-09-23,Germany,Food,19,583.87,11093.53
1726,2025-09-24,USA,Clothing,10,515.64,5156.4
1727,2025-09-25,India,Food,10,229.19,2291.9
1728,2025-09-26,Brazil,Electronics,7,602.36,4216.52
1729,2025-09-27,UK,Clothing,19,451.95,8587.05
1730,2025-09-28,Japan,Furniture,11,636.51,7001.61
1731,2025-09-29,UK,Sports,20,60.66,1213.2
1732,2025-09-30,USA,Electronics,17,765.93,13020.81
1733,2025-10-01,Canada,Electronics,20,513.66,10273.2
1734,2025-10-02,USA,Food,7,817.31,5721.17
1735,2025-10-03,Canada,Electronics,15,690.52,10357.8
1736,2025-10-04,India,Clothing,1,706.5,706.5
1737,2025-10-05,Canada,Electronics,6,884.49,5306.94
1738,2025-10-06,Germany,Sports,5,958.98,4794.9
1739,2025-10-07,UK,Furniture,13,581.63,7561.19
1740,2025-10-08,USA,Food,14,357.17,5000.38
1741,2025-10-09,Japan,Clothing,18,304.84,5487.12
1742,2025-10-10,France,Furniture,18,472.59,8506.62
1743,2025-10-11,India,Sports,10,305.77,3057.7
1744,2025-10-12,UAE,Electronics,18,754.67,13584.06
1745,2025-10-13,UK,Sports,12,689.17,8270.04
1746,2025-10-14,India,Food,10,876.53,8765.3
1747,2025-10-15,India,Electronics,17,160.96,2736.32
1748,2025-10-16,Germany,Electronics,5,268.33,1341.65
1749,2025-10-17,UAE,Sports,17,401.88,6831.96
1750,2025-10-18,France,Clothing,8,633.22,5065.76
1751,2025-10-19,India,Clothing,2,405.9,811.8
1752,2025-10-20,Germany,Sports,6,605.77,3634.62
1753,2025-10-21,UK,Electronics,2,339.84,679.68
1754,2025-10-22,UK,Sports,12,193.45,2321.4
1755,2025-10-23,USA,Food,3,787.62,2362.86
1756,2025-10-24,UK,Furniture,11,21.69,238.59
1757,2025-10-25,UK,Food,17,198.88,3380.96
1758,2025-10-26,Australia,Food,4,209.86,839.44
1759,2025-10-27,UAE,Food,7,220.35,1542.45
1760,2025-10-28,France,Sports,2,915.04,1830.08
1761,2025-10-29,India,Clothing,8,505.48,4043.84
1762,2025-10-30,UK,Sports,8,532.33,4258.64
1763,2025-10-31,USA,Food,19,236.66,4496.54
1764,2025-11-01,Brazil,Electronics,17,75.09,1276.53
1765,2025-11-02,Brazil,Furniture,9,217.8,1960.2
1766,2025-11-03,UK,Electronics,7,294.4,2060.8
1767,2025-11-04,France,Clothing,20,615.22,12304.4
1768,2025-11-05,Australia,Clothing,16,184.23,2947.68
1769,2025-11-06,UK,Furniture,11,429.61,4725.71
1770,2025-11-07,UK,Clothing,17,882.96,15010.32
1771,2025-11-08,Brazil,Electronics,19,573.92,10904.48
1772,2025-11-09,UAE,Electronics,1,115.59,115.59
1773,2025-11-10,Brazil,Food,5,388.15,1940.75
1774,2025-11-11,UK,Clothing,16,93.71,1499.36
1775,2025-11-12,Canada,Furniture,9,459.28,4133.52
1776,2025-11-13,Canada,Clothing,3,970.33,2910.99
1777,2025-11-14,India,Food,19,225.69,4288.11
1778,2025-11-15,Germany,Furniture,16,248.56,3976.96
1779,2025-11-16,Australia,Electronics,15,415.96,6239.4
1780,2025-11-17,Japan,Electronics,14,463.58,6490.12
1781,2025-11-18,Australia,Furniture,10,405.22,4052.2
1782,2025-11-19,Australia,Clothing,2,607.62,1215.24
1783,2025-11-20,Brazil,Furniture,1,746.05,746.05
1784,2025-11-21,Brazil,Electronics,14,853.39,11947.46
1785,2025-11-22,Canada,Electronics,20,185.99,3719.8
1786,2025-11-23,Japan,Clothing,17,262.57,4463.69
1787,2025-11-24,Germany,Sports,3,338.46,1015.38
1788,2025-11-25,UK,Furniture,8,255.03,2040.24
1789,2025-11-26,Japan,Sports,20,365.78,7315.6
1790,2025-11-27,Germany,Sports,17,584.6,9938.2
1791,2025-11-28,UAE,Electronics,15,471.82,7077.3
1792,2025-11-29,Brazil,Food,10,480.95,4809.5
1793,2025-11-30,UK,Clothing,4,56.08,224.32
1794,2025-12-01,Canada,Food,6,811.97,4871.82
1795,2025-12-02,Canada,Food,12,518.0,6216.0
1796,2025-12-03,France,Sports,16,498.36,7973.76
1797,2025-12-04,Australia,Sports,9,443.93,3995.37
1798,2025-12-05,Australia,Food,4,132.01,528.04
1799,2025-12-06,Australia,Electronics,17,436.39,7418.63
1800,2025-12-07,UK,Furniture,11,198.81,2186.91
1801,2025-12-08,Brazil,Clothing,12,194.93,2339.16
1802,2025-12-09,UAE,Food,13,771.73,10032.49
1803,2025-12-10,UAE,Food,2,257.17,514.34
1804,2025-12-11,India,Electronics,8,453.49,3627.92
1805,2025-12-12,India,Furniture,13,795.54,10342.02
1806,2025-12-13,India,Electronics,15,920.68,13810.2
1807,2025-12-14,UAE,Food,4,854.8,3419.2
1808,2025-12-15,Japan,Furniture,18,175.84,3165.12
1809,2025-12-16,Canada,Sports,12,366.41,4396.92
1810,2025-12-17,Japan,Food,7,687.51,4812.57
1811,2025-12-18,Australia,Clothing,7,174.08,1218.56
1812,2025-12-19,Germany,Clothing,8,590.08,4720.64
1813,2025-12-20,USA,Electronics,18,525.21,9453.78
1814,2025-12-21,India,Furniture,1,786.17,786.17
1815,2025-12-22,Australia,Furniture,8,661.09,5288.72
1816,2025-12-23,India,Furniture,5,206.1,1030.5
1817,2025-12-24,India,Sports,17,857.9,14584.3
1818,2025-12-25,UAE,Electronics,17,503.3,8556.1
1819,2025-12-26,Japan,Sports,3,546.43,1639.29
1820,2025-12-27,Brazil,Electronics,10,920.78,9207.8
1821,2025-12-28,UAE,Clothing,19,933.14,17729.66
1822,2025-12-29,Germany,Electronics,10,559.53,5595.3
1823,2025-12-30,Canada,Clothing,8,523.22,4185.76
1824,2025-12-31,Canada,Sports,19,776.67,14756.73
1825,2025-01-01,India,Sports,17,356.28,6056.76
1826,2025-01-02,Australia,Sports,5,283.42,1417.1
1827,2025-01-03,Germany,Sports,19,632.27,12013.13
1828,2025-01-04,Canada,Furniture,16,336.16,5378.56
1829,2025-01-05,France,Clothing,18,103.7,1866.6
1830,2025-01-06,Germany,Electronics,11,621.73,6839.03
1831,2025-01-07,Japan,Clothing,5,555.86,2779.3
1832,2025-01-08,USA,Furniture,17,198.56,3375.52
1833,2025-01-09,Canada,Sports,16,543.71,8699.36
1834,2025-01-10,India,Electronics,4,946.58,3786.32
1835,2025-01-11,Germany,Clothing,7,391.02,2737.14
1836,2025-01-12,UK,Furniture,10,362.88,3628.8
1837,2025-01-13,Australia,Electronics,11,691.86,7610.46
1838,2025-01-14,Canada,Furniture,12,388.39,4660.68
1839,2025-01-15,Australia,Furniture,16,234.41,3750.56
1840,2025-01-16,Brazil,Furniture,9,332.38,2991.42
1841,2025-01-17,Brazil,Electronics,16,171.45,2743.2
1842,2025-01-18,Canada,Sports,18,741.69,13350.42
1843,2025-01-19,Germany,Furniture,20,481.95,9639.0
1844,2025-01-20,USA,Sports,9,609.77,5487.93
1845,2025-01-21,India,Sports,7,848.06,5936.42
1846,2025-01-22,Canada,Furniture,19,310.77,5904.63
1847,2025-01-23,Brazil,Clothing,10,781.85,7818.5
1848,2025-01-24,USA,Furniture,15,798.32,11974.8
1849,2025-01-25,Germany,Furniture,9,214.71,1932.39
1850,2025-01-26,Australia,Food,14,265.27,3713.78
1851,2025-01-27,UAE,Electronics,6,820.77,4924.62
1852,2025-01-28,Canada,Food,8,473.07,3784.56
1853,2025-01-29,USA,Clothing,17,690.32,11735.44
1854,2025-01-30,Germany,Food,16,412.2,6595.2
1855,2025-01-31,Canada,Electronics,19,625.26,11879.94
1856,2025-02-01,Germany,Furniture,18,965.71,17382.78
1857,2025-02-02,Japan,Furniture,6,594.59,3567.54
1858,2025-02-03,India,Clothing,20,83.1,1662.0
1859,2025-02-04,India,Furniture,11,854.16,9395.76
1860,2025-02-05,Canada,Furniture,6,17.61,105.66
1861,2025-02-06,Japan,Food,9,64.19,577.71
1862,2025-02-07,France,Sports,8,519.33,4154.64
1863,2025-02-08,France,Electronics,4,543.58,2174.32
1864,2025-02-09,UK,Clothing,9,938.48,8446.32
1865,2025-02-10,USA,Furniture,19,445.61,8466.59
1866,2025-02-11,Australia,Food,15,505.02,7575.3
1867,2025-02-12,USA,Furniture,5,805.31,4026.55
1868,2025-02-13,UAE,Sports,5,827.56,4137.8
1869,2025-02-14,Japan,Furniture,11,507.57,5583.27
1870,2025-02-15,Germany,Electronics,20,167.19,3343.8
1871,2025-02-16,India,Clothing,18,460.3,8285.4
1872,2025-02-17,Brazil,Food,13,297.03,3861.39
1873,2025-02-18,USA,Clothing,15,70.37,1055.55
1874,2025-02-19,France,Electronics,19,578.5,10991.5
1875,2025-02-20,UAE,Food,14,705.59,9878.26
1876,2025-02-21,India,Food,9,254.99,2294.91
1877,2025-02-22,USA,Clothing,9,344.64,3101.76
1878,2025-02-23,Germany,Electronics,7,886.82,6207.74
1879,2025-02-24,France,Clothing,3,629.03,1887.09
1880,2025-02-25,USA,Clothing,18,247.47,4454.46
1881,2025-02-26,India,Furniture,4,102.3,409.2
1882,2025-02-27,Germany,Electronics,11,340.91,3750.01
1883,2025-02-28,Germany,Furniture,5,392.45,1962.25
1884,2025-03-01,Australia,Furniture,18,35.56,640.08
1885,2025-03-02,USA,Furniture,3,715.54,2146.62
1886,2025-03-03,India,Furniture,15,699.94,10499.1
1887,2025-03-04,USA,Electronics,4,414.26,1657.04
1888,2025-03-05,Germany,Sports,11,126.33,1389.63
1889,2025-03-06,Australia,Furniture,1,745.71,745.71
1890,2025-03-07,Germany,Electronics,2,993.99,1987.98
1891,2025-03-08,Australia,Sports,19,984.1,18697.9
1892,2025-03-09,India,Sports,13,66.01,858.13
1893,2025-03-10,France,Clothing,1,160.77,160.77
1894,2025-03-11,France,Clothing,16,587.95,9407.2
1895,2025-03-12,France,Furniture,11,477.57,5253.27
1896,2025-03-13,Japan,Electronics,3,633.77,1901.31
1897,2025-03-14,India,Food,9,994.48,8950.32
1898,2025-03-15,UAE,Food,11,873.03,9603.33
1899,2025-03-16,Australia,Food,5,584.88,2924.4
1900,2025-03-17,India,Sports,16,165.01,2640.16
1901,2025-03-18,Brazil,Furniture,14,862.45,12074.3
1902,2025-03-19,UK,Food,2,621.56,1243.12
1903,2025-03-20,Japan,Clothing,14,920.35,12884.9
1904,2025-03-21,Brazil,Sports,11,198.03,2178.33
1905,2025-03-22,Germany,Furniture,3,189.38,568.14
1906,2025-03-23,UAE,Clothing,15,240.27,3604.05
1907,2025-03-24,Australia,Furniture,7,162.34,1136.38
1908,2025-03-25,Canada,Clothing,10,719.69,7196.9
1909,2025-03-26,France,Electronics,10,685.42,6854.2
1910,2025-03-27,Brazil,Furniture,14,343.13,4803.82
1911,2025-03-28,USA,Sports,19,957.16,18186.04
1912,2025-03-29,France,Sports,3,337.45,1012.35
1913,2025-03-30,Australia,Sports,3,300.93,902.79
1914,2025-03-31,Japan,Electronics,1,812.52,812.52
1915,2025-04-01,Germany,Electronics,2,358.51,717.02
1916,2025-04-02,Australia,Electronics,13,74.23,964.99
1917,2025-04-03,France,Electronics,5,163.09,815.45
1918,2025-04-04,Japan,Furniture,20,504.34,10086.8
1919,2025-04-05,India,Food,18,761.35,13704.3
1920,2025-04-06,India,Sports,9,711.37,6402.33
1921,2025-04-07,UK,Food,4,874.33,3497.32
1922,2025-04-08,UK,Sports,7,367.39,2571.73
1923,2025-04-09,Germany,Food,15,915.44,13731.6
1924,2025-04-10,Canada,Electronics,6,840.24,5041.44
1925,2025-04-11,Australia,Electronics,16,804.1,12865.6
1926,2025-04-12,Canada,Sports,15,218.63,3279.45
1927,2025-04-13,India,Furniture,12,907.68,10892.16
1928,2025-04-14,Japan,Electronics,3,459.63,1378.89
1929,2025-04-15,Japan,Electronics,14,393.19,5504.66
1930,2025-04-16,France,Clothing,19,139.05,2641.95
1931,2025-04-17,India,Food,6,226.91,1361.46
1932,2025-04-18,Canada,Sports,11,784.61,8630.71
1933,2025-04-19,India,Furniture,15,707.87,10618.05
1934,2025-04-20,Germany,Sports,12,788.67,9464.04
1935,2025-04-21,Australia,Furniture,7,814.26,5699.82
1936,2025-04-22,Australia,Food,20,844.46,16889.2
1937,2025-04-23,UK,Sports,16,703.65,11258.4
1938,2025-04-24,UK,Sports,2,35.11,70.22
1939,2025-04-25,India,Furniture,3,199.24,597.72
1940,2025-04-26,India,Sports,1,453.65,453.65
1941,2025-04-27,France,Sports,15,175.52,2632.8
1942,2025-04-28,Canada,Electronics,7,841.38,5889.66
1943,2025-04-29,UAE,Furniture,18,788.32,14189.76
1944,2025-04-30,Germany,Furniture,7,208.27,1457.89
1945,2025-05-01,UAE,Food,8,441.0,3528.0
1946,2025-05-02,USA,Electronics,9,614.93,5534.37
1947,2025-05-03,India,Furniture,6,464.04,2784.24
1948,2025-05-04,Brazil,Sports,12,353.44,4241.28
1949,2025-05-05,Australia,Sports,13,386.3,5021.9
1950,2025-05-06,Canada,Electronics,17,792.85,13478.45
1951,2025-05-07,France,Electronics,8,447.47,3579.76
1952,2025-05-08,UK,Electronics,1,760.14,760.14
1953,2025-05-09,UK,Electronics,14,564.41,7901.74
1954,2025-05-10,UK,Sports,11,797.16,8768.76
1955,2025-05-11,USA,Clothing,1,467.25,467.25
1956,2025-05-12,Germany,Clothing,13,435.07,5655.91
1957,2025-05-13,Brazil,Electronics,2,427.93,855.86
1958,2025-05-14,Brazil,Furniture,5,526.66,2633.3
1959,2025-05-15,Canada,Furniture,3,505.34,1516.02
1960,2025-05-16,Germany,Electronics,2,452.98,905.96
1961,2025-05-17,UAE,Clothing,2,834.78,1669.56
1962,2025-05-18,UK,Clothing,20,623.22,12464.4
1963,2025-05-19,Australia,Electronics,6,322.09,1932.54
1964,2025-05-20,India,Electronics,18,283.44,5101.92
1965,2025-05-21,Canada,Sports,2,695.81,1391.62
1966,2025-05-22,USA,Food,7,176.61,1236.27
1967,2025-05-23,India,Furniture,3,975.96,2927.88
1968,2025-05-24,Germany,Electronics,18,755.2,13593.6
1969,2025-05-25,Australia,Furniture,7,145.84,1020.88
1970,2025-05-26,Brazil,Clothing,18,270.43,4867.74
1971,2025-05-27,France,Clothing,18,570.33,10265.94
1972,2025-05-28,France,Electronics,15,633.48,9502.2
1973,2025-05-29,Australia,Sports,6,453.3,2719.8
1974,2025-05-30,Australia,Furniture,9,334.68,3012.12
1975,2025-05-31,India,Sports,19,465.15,8837.85
1976,2025-06-01,UAE,Furniture,20,232.6,4652.0
1977,2025-06-02,Japan,Food,16,65.5,1048.0
1978,2025-06-03,France,Sports,5,314.51,1572.55
1979,2025-06-04,USA,Clothing,20,873.3,17466.0
1980,2025-06-05,Canada,Electronics,14,818.56,11459.84
1981,2025-06-06,Canada,Clothing,13,229.08,2978.04
1982,2025-06-07,UAE,Furniture,4,290.5,1162.0
1983,2025-06-08,Australia,Food,15,357.65,5364.75
1984,2025-06-09,Germany,Clothing,13,94.67,1230.71
1985,2025-06-10,Canada,Furniture,10,759.77,7597.7
1986,2025-06-11,UK,Food,5,902.24,4511.2
1987,2025-06-12,UK,Electronics,16,440.28,7044.48
1988,2025-06-13,India,Sports,12,408.88,4906.56
1989,2025-06-14,USA,Food,15,871.21,13068.15
1990,2025-06-15,Japan,Clothing,7,114.02,798.14
1991,2025-06-16,Brazil,Clothing,13,508.3,6607.9
1992,2025-06-17,India,Sports,17,260.43,4427.31
1993,2025-06-18,Brazil,Furniture,19,98.93,1879.67
1994,2025-06-19,Brazil,Food,15,634.16,9512.4
1995,2025-06-20,Canada,Clothing,6,549.58,3297.48
1996,2025-06-21,India,Sports,5,563.12,2815.6
1997,2025-06-22,France,Furniture,7,449.64,3147.48
1998,2025-06-23,India,Sports,10,152.27,1522.7
1999,2025-06-24,Japan,Clothing,20,713.06,14261.2
2000,2025-06-25,USA,Clothing,9,838.99,7550.91
2001,2025-06-26,UK,Food,7,136.31,954.17
2002,2025-06-27,Germany,Food,15,576.9,8653.5
2003,2025-06-28,UK,Electronics,18,606.23,10912.14
2004,2025-06-29,Canada,Food,10,752.75,7527.5
2005,2025-06-30,Brazil,Clothing,7,419.54,2936.78
2006,2025-07-01,Brazil,Food,6,337.17,2023.02
2007,2025-07-02,Japan,Furniture,10,122.0,1220.0
2008,2025-07-03,Brazil,Electronics,6,944.17,5665.02
2009,2025-07-04,Germany,Electronics,8,489.19,3913.52
2010,2025-07-05,Brazil,Food,3,629.54,1888.62
2011,2025-07-06,Japan,Clothing,9,216.09,1944.81
2012,2025-07-07,France,Sports,16,44.57,713.12
2013,2025-07-08,India,Electronics,8,485.21,3881.68
2014,2025-07-09,Australia,Food,17,896.89,15247.13
2015,2025-07-10,Australia,Food,11,277.11,3048.21
2016,2025-07-11,Canada,Sports,18,545.73,9823.14
2017,2025-07-12,Australia,Furniture,8,903.7,7229.6
2018,2025-07-13,Brazil,Furniture,9,775.56,6980.04
2019,2025-07-14,Australia,Sports,18,284.98,5129.64
2020,2025-07-15,Japan,Sports,20,606.84,12136.8
2021,2025-07-16,Germany,Electronics,17,714.98,12154.66
2022,2025-07-17,Brazil,Sports,7,469.23,3284.61
2023,2025-07-18,USA,Furniture,18,694.24,12496.32
2024,2025-07-19,USA,Electronics,3,218.22,654.66
2025,2025-07-20,UK,Furniture,5,924.83,4624.15
2026,2025-07-21,Japan,Furniture,18,948.28,17069.04
2027,2025-07-22,USA,Furniture,8,74.97,599.76
2028,2025-07-23,Japan,Electronics,20,578.59,11571.8
2029,2025-07-24,UAE,Furniture,9,985.33,8867.97
2030,2025-07-25,Germany,Food,4,210.27,841.08
2031,2025-07-26,France,Furniture,16,496.53,7944.48
2032,2025-07-27,Canada,Electronics,5,761.1,3805.5
2033,2025-07-28,UK,Electronics,1,383.84,383.84
2034,2025-07-29,Germany,Clothing,4,176.71,706.84
2035,2025-07-30,Germany,Clothing,15,815.33,12229.95
2036,2025-07-31,India,Electronics,9,514.42,4629.78
2037,2025-08-01,France,Food,20,796.92,15938.4
2038,2025-08-02,UK,Furniture,12,995.7,11948.4
2039,2025-08-03,Brazil,Clothing,13,899.76,11696.88
2040,2025-08-04,Australia,Furniture,17,64.09,1089.53
2041,2025-08-05,Germany,Food,6,398.68,2392.08
2042,2025-08-06,UK,Furniture,12,940.6,11287.2
2043,2025-08-07,India,Clothing,14,836.55,11711.7
2044,2025-08-08,India,Sports,4,149.53,598.12
2045,2025-08-09,UAE,Clothing,1,439.27,439.27
2046,2025-08-10,UAE,Furniture,13,782.71,10175.23
2047,2025-08-11,Japan,Clothing,4,982.78,3931.12
2048,2025-08-12,France,Sports,9,651.93,5867.37
2049,2025-08-13,France,Food,9,989.7,8907.3
2050,2025-08-14,India,Sports,9,616.36,5547.24
2051,2025-08-15,Brazil,Furniture,6,889.04,5334.24
2052,2025-08-16,Brazil,Furniture,12,105.67,1268.04
2053,2025-08-17,Canada,Clothing,11,285.08,3135.88
2054,2025-08-18,Brazil,Furniture,12,794.47,9533.64
2055,2025-08-19,Australia,Electronics,19,48.09,913.71
2056,2025-08-20,UK,Sports,1,180.87,180.87
2057,2025-08-21,Brazil,Electronics,7,857.36,6001.52
2058,2025-08-22,Australia,Clothing,5,92.3,461.5
2059,2025-08-23,Canada,Food,6,760.82,4564.92
2060,2025-08-24,UAE,Sports,17,958.17,16288.89
2061,2025-08-25,Canada,Sports,8,803.36,6426.88
2062,2025-08-26,UAE,Clothing,3,561.48,1684.44
2063,2025-08-27,Australia,Sports,8,554.91,4439.28
2064,2025-08-28,Germany,Electronics,10,518.83,5188.3
2065,2025-08-29,France,Clothing,1,739.73,739.73
2066,2025-08-30,Japan,Clothing,3,457.77,1373.31
2067,2025-08-31,USA,Sports,11,622.94,6852.34
2068,2025-09-01,France,Furniture,4,884.87,3539.48
2069,2025-09-02,Japan,Furniture,12,425.66,5107.92
2070,2025-09-03,France,Furniture,11,970.16,10671.76
2071,2025-09-04,USA,Electronics,6,263.87,1583.22
2072,2025-09-05,Australia,Food,7,518.21,3627.47
2073,2025-09-06,France,Electronics,3,989.53,2968.59
2074,2025-09-07,Canada,Clothing,5,104.71,523.55
2075,2025-09-08,UK,Sports,2,844.14,1688.28
2076,2025-09-09,UAE,Food,8,932.6,7460.8
2077,2025-09-10,UK,Furniture,1,201.02,201.02
2078,2025-09-11,Australia,Clothing,16,588.81,9420.96
2079,2025-09-12,UAE,Electronics,16,743.82,11901.12
2080,2025-09-13,Canada,Furniture,11,956.28,10519.08
2081,2025-09-14,France,Clothing,12,990.8,11889.6
2082,2025-09-15,Brazil,Sports,15,895.37,13430.55
2083,2025-09-16,USA,Sports,15,563.95,8459.25
2084,2025-09-17,UK,Electronics,18,189.03,3402.54
2085,2025-09-18,Australia,Clothing,9,770.48,6934.32
2086,2025-09-19,India,Clothing,14,917.77,12848.78
2087,2025-09-20,Japan,Sports,11,406.98,4476.78
2088,2025-09-21,UK,Electronics,18,256.96,4625.28
2089,2025-09-22,USA,Clothing,13,236.32,3072.16
2090,2025-09-23,UAE,Furniture,15,961.27,14419.05
2091,2025-09-24,Australia,Sports,13,387.91,5042.83
2092,2025-09-25,UK,Food,10,823.68,8236.8
2093,2025-09-26,France,Food,15,180.17,2702.55
2094,2025-09-27,Japan,Clothing,7,176.37,1234.59
2095,2025-09-28,Brazil,Clothing,4,452.97,1811.88
2096,2025-09-29,France,Electronics,2,783.06,1566.12
2097,2025-09-30,India,Electronics,2,21.64,43.28
2098,2025-10-01,Japan,Clothing,12,865.96,10391.52
2099,2025-10-02,France,Sports,2,61.16,122.32
2100,2025-10-03,France,Food,19,689.6,13102.4
2101,2025-10-04,France,Clothing,19,789.94,15008.86
2102,2025-10-05,Germany,Electronics,1,477.3,477.3
2103,2025-10-06,Japan,Clothing,3,22.81,68.43
2104,2025-10-07,UAE,Furniture,9,349.53,3145.77
2105,2025-10-08,UK,Sports,16,503.44,8055.04
2106,2025-10-09,Germany,Food,9,920.46,8284.14
2107,2025-10-10,UK,Electronics,17,484.74,8240.58
2108,2025-10-11,Australia,Clothing,9,958.82,8629.38
2109,2025-10-12,UAE,Food,4,317.24,1268.96
2110,2025-10-13,Brazil,Food,10,939.29,9392.9
2111,2025-10-14,Brazil,Food,15,955.59,14333.85
2112,2025-10-15,Japan,Furniture,16,660.04,10560.64
2113,2025-10-16,UAE,Furniture,11,990.29,10893.19
2114,2025-10-17,France,Clothing,15,972.91,14593.65
2115,2025-10-18,Germany,Clothing,19,449.16,8534.04
2116,2025-10-19,USA,Sports,1,591.41,591.41
2117,2025-10-20,Brazil,Food,17,339.22,5766.74
2118,2025-10-21,UAE,Food,6,516.76,3100.56
2119,2025-10-22,India,Electronics,8,265.54,2124.32
2120,2025-10-23,UK,Electronics,7,229.56,1606.92
2121,2025-10-24,Canada,Clothing,6,987.72,5926.32
2122,2025-10-25,USA,Electronics,1,531.36,531.36
2123,2025-10-26,India,Electronics,17,921.32,15662.44
2124,2025-10-27,Canada,Clothing,14,704.48,9862.72
2125,2025-10-28,Canada,Electronics,9,362.42,3261.78
2126,2025-10-29,Germany,Electronics,9,577.25,5195.25
2127,2025-10-30,Canada,Furniture,15,857.08,12856.2
2128,2025-10-31,France,Sports,15,278.14,4172.1
2129,2025-11-01,Brazil,Furniture,12,159.29,1911.48
2130,2025-11-02,Australia,Electronics,5,999.53,4997.65
2131,2025-11-03,Japan,Electronics,6,935.32,5611.92
2132,2025-11-04,Germany,Electronics,8,990.8,7926.4
2133,2025-11-05,Japan,Sports,13,813.22,10571.86
2134,2025-11-06,UK,Furniture,20,32.84,656.8
2135,2025-11-07,Australia,Furniture,4,909.46,3637.84
2136,2025-11-08,Australia,Clothing,6,922.66,5535.96
2137,2025-11-09,UK,Sports,6,454.51,2727.06
2138,2025-11-10,France,Furniture,9,198.5,1786.5
2139,2025-11-11,Canada,Sports,17,280.31,4765.27
2140,2025-11-12,France,Furniture,5,193.93,969.65
2141,2025-11-13,UK,Furniture,15,55.57,833.55
2142,2025-11-14,India,Sports,4,815.92,3263.68
2143,2025-11-15,India,Clothing,10,707.95,7079.5
2144,2025-11-16,UK,Sports,1,318.68,318.68
2145,2025-11-17,Australia,Electronics,19,516.7,9817.3
2146,2025-11-18,India,Sports,19,948.07,18013.33
2147,2025-11-19,Canada,Clothing,6,630.76,3784.56
2148,2025-11-20,UAE,Food,15,941.79,14126.85
2149,2025-11-21,USA,Clothing,17,300.37,5106.29
2150,2025-11-22,USA,Sports,7,800.64,5604.48
2151,2025-11-23,USA,Food,12,354.76,4257.12
2152,2025-11-24,USA,Furniture,1,226.5,226.5
2153,2025-11-25,UK,Sports,1,569.69,569.69
2154,2025-11-26,UK,Clothing,14,457.69,6407.66
2155,2025-11-27,India,Electronics,11,341.16,3752.76
2156,2025-11-28,Australia,Food,12,453.61,5443.32
2157,2025-11-29,Brazil,Clothing,2,903.59,1807.18
2158,2025-11-30,Germany,Furniture,5,372.3,1861.5
2159,2025-12-01,Brazil,Clothing,16,926.3,14820.8
2160,2025-12-02,Japan,Food,14,280.8,3931.2
2161,2025-12-03,Australia,Furniture,2,646.14,1292.28
2162,2025-12-04,France,Sports,20,623.3,12466.0
2163,2025-12-05,Germany,Food,18,469.94,8458.92
2164,2025-12-06,Brazil,Electronics,10,766.58,7665.8
2165,2025-12-07,Canada,Electronics,3,987.71,2963.13
2166,2025-12-08,UAE,Electronics,19,978.03,18582.57
2167,2025-12-09,France,Sports,19,796.65,15136.35
2168,2025-12-10,Canada,Electronics,19,608.37,11559.03
2169,2025-12-11,France,Clothing,5,104.7,523.5
2170,2025-12-12,Canada,Electronics,19,126.64,2406.16
2171,2025-12-13,France,Electronics,17,466.92,7937.64
2172,2025-12-14,India,Furniture,7,89.55,626.85
2173,2025-12-15,France,Food,1,122.46,122.46
2174,2025-12-16,Germany,Clothing,13,729.58,9484.54
2175,2025-12-17,UAE,Electronics,11,490.17,5391.87
2176,2025-12-18,India,Sports,3,985.77,2957.31
2177,2025-12-19,Germany,Sports,8,692.21,5537.68
2178,2025-12-20,Japan,Electronics,5,367.9,1839.5
2179,2025-12-21,Brazil,Food,11,710.33,7813.63
2180,2025-12-22,UAE,Sports,15,441.5,6622.5
2181,2025-12-23,India,Food,6,231.7,1390.2
2182,2025-12-24,UAE,Food,11,985.84,10844.24
2183,2025-12-25,UK,Furniture,10,89.96,899.6
2184,2025-12-26,Brazil,Furniture,8,310.96,2487.68
2185,2025-12-27,UK,Electronics,6,856.49,5138.94
2186,2025-12-28,USA,Food,2,925.88,1851.76
2187,2025-12-29,Australia,Food,12,243.6,2923.2
2188,2025-12-30,UK,Sports,4,523.78,2095.12
2189,2025-12-31,UAE,Clothing,12,325.81,3909.72
2190,2025-01-01,France,Clothing,18,524.13,9434.34
2191,2025-01-02,India,Food,14,112.46,1574.44
2192,2025-01-03,UAE,Electronics,1,305.96,305.96
2193,2025-01-04,India,Clothing,20,425.83,8516.6
2194,2025-01-05,Brazil,Clothing,5,100.75,503.75
2195,2025-01-06,Brazil,Electronics,3,472.38,1417.14
2196,2025-01-07,India,Furniture,13,793.91,10320.83
2197,2025-01-08,UK,Electronics,9,433.79,3904.11
2198,2025-01-09,India,Sports,10,243.43,2434.3
2199,2025-01-10,USA,Food,19,361.25,6863.75
2200,2025-01-11,Brazil,Clothing,4,523.44,2093.76
2201,2025-01-12,Brazil,Electronics,17,392.81,6677.77
2202,2025-01-13,UAE,Food,18,142.56,2566.08
2203,2025-01-14,USA,Electronics,20,979.36,19587.2
2204,2025-01-15,UK,Electronics,11,549.51,6044.61
2205,2025-01-16,Germany,Food,11,348.91,3838.01
2206,2025-01-17,Canada,Sports,14,596.96,8357.44
2207,2025-01-18,UK,Sports,9,132.93,1196.37
2208,2025-01-19,Japan,Clothing,13,187.1,2432.3
2209,2025-01-20,USA,Food,13,625.2,8127.6
2210,2025-01-21,Australia,Electronics,9,921.21,8290.89
2211,2025-01-22,Japan,Clothing,11,316.01,3476.11
2212,2025-01-23,UK,Clothing,7,251.78,1762.46
2213,2025-01-24,UK,Food,4,329.19,1316.76
2214,2025-01-25,UAE,Furniture,8,670.83,5366.64
2215,2025-01-26,India,Sports,19,728.44,13840.36
2216,2025-01-27,France,Sports,1,957.71,957.71
2217,2025-01-28,France,Food,12,676.0,8112.0
2218,2025-01-29,UAE,Sports,3,989.5,2968.5
2219,2025-01-30,Germany,Food,7,546.75,3827.25
2220,2025-01-31,UAE,Furniture,6,706.94,4241.64
2221,2025-02-01,Japan,Electronics,5,349.19,1745.95
2222,2025-02-02,Australia,Furniture,8,120.57,964.56
2223,2025-02-03,USA,Food,5,772.58,3862.9
2224,2025-02-04,France,Clothing,6,583.13,3498.78
2225,2025-02-05,Australia,Furniture,3,539.13,1617.39
2226,2025-02-06,Australia,Sports,17,820.59,13950.03
2227,2025-02-07,Brazil,Food,18,452.53,8145.54
2228,2025-02-08,Australia,Sports,12,744.74,8936.88
2229,2025-02-09,Germany,Sports,18,757.11,13627.98
2230,2025-02-10,UK,Food,18,771.99,13895.82
2231,2025-02-11,India,Electronics,13,672.14,8737.82
2232,2025-02-12,USA,Furniture,17,937.78,15942.26
2233,2025-02-13,USA,Clothing,18,656.57,11818.26
2234,2025-02-14,Australia,Furniture,15,979.2,14688.0
2235,2025-02-15,Germany,Food,6,733.86,4403.16
2236,2025-02-16,Brazil,Food,14,68.18,954.52
2237,2025-02-17,UAE,Furniture,5,490.64,2453.2
2238,2025-02-18,USA,Clothing,12,525.92,6311.04
2239,2025-02-19,USA,Clothing,17,865.74,14717.58
2240,2025-02-20,USA,Furniture,5,763.61,3818.05
2241,2025-02-21,Japan,Sports,11,539.17,5930.87
2242,2025-02-22,UAE,Furniture,5,879.93,4399.65
2243,2025-02-23,USA,Sports,19,147.9,2810.1
2244,2025-02-24,Germany,Food,4,373.24,1492.96
2245,2025-02-25,USA,Furniture,10,673.86,6738.6
2246,2025-02-26,Japan,Clothing,1,745.43,745.43
2247,2025-02-27,India,Electronics,3,189.67,569.01
2248,2025-02-28,Germany,Sports,13,133.74,1738.62
2249,2025-03-01,India,Sports,10,946.05,9460.5
2250,2025-03-02,UK,Furniture,18,662.51,11925.18
2251,2025-03-03,Brazil,Sports,17,234.88,3992.96
2252,2025-03-04,France,Clothing,2,661.96,1323.92
2253,2025-03-05,USA,Furniture,3,962.55,2887.65
2254,2025-03-06,UAE,Sports,1,842.52,842.52
2255,2025-03-07,Australia,Food,14,402.28,5631.92
2256,2025-03-08,Australia,Electronics,5,661.28,3306.4
2257,2025-03-09,Australia,Sports,18,943.6,16984.8
2258,2025-03-10,USA,Clothing,4,601.44,2405.76
2259,2025-03-11,USA,Food,12,965.21,11582.52
2260,2025-03-12,Canada,Clothing,14,489.07,6846.98
2261,2025-03-13,India,Furniture,10,525.26,5252.6
2262,2025-03-14,Germany,Food,18,936.41,16855.38
2263,2025-03-15,France,Sports,1,529.58,529.58
2264,2025-03-16,Australia,Sports,12,66.09,793.08
2265,2025-03-17,India,Electronics,20,861.07,17221.4
2266,2025-03-18,Brazil,Sports,18,92.48,1664.64
2267,2025-03-19,UK,Food,2,987.48,1974.96
2268,2025-03-20,Brazil,Clothing,9,223.48,2011.32
2269,2025-03-21,Australia,Electronics,15,922.78,13841.7
2270,2025-03-22,UAE,Food,3,147.29,441.87
2271,2025-03-23,France,Sports,15,504.24,7563.6
2272,2025-03-24,Germany,Furniture,6,443.5,2661.0
2273,2025-03-25,Japan,Furniture,8,963.0,7704.0
2274,2025-03-26,France,Food,2,172.22,344.44
2275,2025-03-27,Australia,Sports,17,589.07,10014.19
2276,2025-03-28,Germany,Electronics,18,789.92,14218.56
2277,2025-03-29,India,Electronics,9,882.34,7941.06
2278,2025-03-30,Germany,Furniture,1,809.68,809.68
2279,2025-03-31,Germany,Sports,5,152.62,763.1
2280,2025-04-01,Brazil,Electronics,14,814.86,11408.04
2281,2025-04-02,Brazil,Furniture,19,754.28,14331.32
2282,2025-04-03,USA,Sports,16,154.22,2467.52
2283,2025-04-04,Brazil,Clothing,5,778.48,3892.4
2284,2025-04-05,Australia,Furniture,18,713.79,12848.22
2285,2025-04-06,India,Food,16,23.83,381.28
2286,2025-04-07,UK,Electronics,12,983.44,11801.28
2287,2025-04-08,India,Furniture,9,754.46,6790.14
2288,2025-04-09,Brazil,Food,14,765.44,10716.16
2289,2025-04-10,France,Furniture,2,934.36,1868.72
2290,2025-04-11,Australia,Food,16,605.99,9695.84
2291,2025-04-12,USA,Food,16,486.6,7785.6
2292,2025-04-13,Brazil,Furniture,10,860.62,8606.2
2293,2025-04-14,Germany,Clothing,15,800.26,12003.9
2294,2025-04-15,UK,Food,7,634.2,4439.4
2295,2025-04-16,Canada,Furniture,20,701.97,14039.4
2296,2025-04-17,USA,Food,11,787.54,8662.94
2297,2025-04-18,UK,Furniture,1,721.36,721.36
2298,2025-04-19,UK,Clothing,1,13.98,13.98
2299,2025-04-20,Germany,Electronics,11,467.35,5140.85
2300,2025-04-21,India,Furniture,7,603.27,4222.89
2301,2025-04-22,India,Food,12,934.42,11213.04
2302,2025-04-23,Canada,Electronics,4,871.69,3486.76
2303,2025-04-24,France,Clothing,8,596.55,4772.4
2304,2025-04-25,Australia,Electronics,11,843.05,9273.55
2305,2025-04-26,Australia,Clothing,18,206.86,3723.48
2306,2025-04-27,France,Food,4,783.0,3132.0
2307,2025-04-28,Germany,Clothing,3,952.09,2856.27
2308,2025-04-29,France,Sports,1,259.54,259.54
2309,2025-04-30,UK,Electronics,2,109.66,219.32
2310,2025-05-01,UK,Electronics,13,655.7,8524.1
2311,2025-05-02,Japan,Furniture,12,76.35,916.2
2312,2025-05-03,Germany,Furniture,5,646.8,3234.0
2313,2025-05-04,Japan,Clothing,19,413.48,7856.12
2314,2025-05-05,India,Sports,7,93.12,651.84
2315,2025-05-06,UAE,Electronics,2,392.73,785.46
2316,2025-05-07,Brazil,Electronics,4,110.35,441.4
2317,2025-05-08,UK,Clothing,11,743.84,8182.24
2318,2025-05-09,Japan,Electronics,1,359.68,359.68
2319,2025-05-10,UK,Food,12,417.75,5013.0
2320,2025-05-11,Japan,Furniture,16,269.5,4312.0
2321,2025-05-12,USA,Food,17,970.6,16500.2
2322,2025-05-13,Japan,Food,20,578.9,11578.0
2323,2025-05-14,France,Clothing,4,290.12,1160.48
2324,2025-05-15,UAE,Sports,8,779.7,6237.6
2325,2025-05-16,Japan,Clothing,2,87.63,175.26
2326,2025-05-17,Brazil,Furniture,19,208.15,3954.85
2327,2025-05-18,UK,Food,15,942.81,14142.15
2328,2025-05-19,France,Furniture,8,57.69,461.52
2329,2025-05-20,Brazil,Sports,17,407.77,6932.09
2330,2025-05-21,Australia,Sports,5,25.49,127.45
2331,2025-05-22,Brazil,Food,14,17.78,248.92
2332,2025-05-23,Brazil,Food,15,811.49,12172.35
2333,2025-05-24,India,Sports,6,552.45,3314.7
2334,2025-05-25,Brazil,Food,12,768.92,9227.04
2335,2025-05-26,France,Electronics,14,778.99,10905.86
2336,2025-05-27,Japan,Electronics,17,888.19,15099.23
2337,2025-05-28,USA,Clothing,5,718.71,3593.55
2338,2025-05-29,USA,Sports,20,904.72,18094.4
2339,2025-05-30,Brazil,Furniture,4,372.97,1491.88
2340,2025-05-31,Brazil,Clothing,12,812.5,9750.0
2341,2025-06-01,Brazil,Electronics,3,772.5,2317.5
2342,2025-06-02,UK,Sports,1,649.15,649.15
2343,2025-06-03,Canada,Clothing,20,182.65,3653.0
2344,2025-06-04,Australia,Clothing,6,587.82,3526.92
2345,2025-06-05,Germany,Clothing,14,872.46,12214.44
2346,2025-06-06,Australia,Food,6,292.34,1754.04
2347,2025-06-07,Japan,Electronics,20,733.57,14671.4
2348,2025-06-08,Brazil,Electronics,4,914.86,3659.44
2349,2025-06-09,Canada,Food,2,623.75,1247.5
2350,2025-06-10,Brazil,Clothing,11,884.57,9730.27
2351,2025-06-11,UK,Clothing,19,212.29,4033.51
2352,2025-06-12,USA,Clothing,7,834.85,5843.95
2353,2025-06-13,UAE,Sports,3,145.01,435.03
2354,2025-06-14,Australia,Food,3,228.46,685.38
2355,2025-06-15,Brazil,Clothing,20,613.59,12271.8
2356,2025-06-16,Brazil,Furniture,6,350.1,2100.6
2357,2025-06-17,India,Sports,17,942.48,16022.16
2358,2025-06-18,Canada,Electronics,6,969.1,5814.6
2359,2025-06-19,France,Food,18,630.34,11346.12
2360,2025-06-20,Germany,Food,20,733.76,14675.2
2361,2025-06-21,Australia,Food,14,361.28,5057.92
2362,2025-06-22,India,Clothing,2,57.32,114.64
2363,2025-06-23,USA,Sports,18,339.56,6112.08
2364,2025-06-24,France,Clothing,15,179.23,2688.45
2365,2025-06-25,UK,Sports,4,508.43,2033.72
2366,2025-06-26,Australia,Clothing,12,269.45,3233.4
2367,2025-06-27,Canada,Food,14,166.82,2335.48
2368,2025-06-28,Canada,Sports,1,528.83,528.83
2369,2025-06-29,Canada,Food,4,756.43,3025.72
2370,2025-06-30,USA,Furniture,17,943.22,16034.74
2371,2025-07-01,Canada,Sports,20,104.04,2080.8
2372,2025-07-02,Germany,Sports,10,941.07,9410.7
2373,2025-07-03,Germany,Food,18,785.29,14135.22
2374,2025-07-04,India,Clothing,12,694.35,8332.2
2375,2025-07-05,Brazil,Food,4,835.51,3342.04
2376,2025-07-06,Brazil,Furniture,11,218.36,2401.96
2377,2025-07-07,UK,Food,11,601.61,6617.71
2378,2025-07-08,UAE,Food,18,197.5,3555.0
2379,2025-07-09,France,Furniture,6,115.83,694.98
2380,2025-07-10,Australia,Clothing,10,690.56,6905.6
2381,2025-07-11,USA,Food,3,983.71,2951.13
2382,2025-07-12,UK,Food,6,385.67,2314.02
2383,2025-07-13,India,Clothing,20,533.34,10666.8
2384,2025-07-14,UAE,Electronics,12,561.95,6743.4
2385,2025-07-15,Germany,Furniture,20,672.75,13455.0
2386,2025-07-16,USA,Sports,7,670.93,4696.51
2387,2025-07-17,UAE,Electronics,11,920.88,10129.68
2388,2025-07-18,Australia,Clothing,10,756.26,7562.6
2389,2025-07-19,UK,Sports,19,36.82,699.58
2390,2025-07-20,USA,Electronics,2,888.45,1776.9
2391,2025-07-21,USA,Electronics,20,522.1,10442.0
2392,2025-07-22,India,Electronics,2,17.69,35.38
2393,2025-07-23,India,Sports,4,830.01,3320.04
2394,2025-07-24,India,Electronics,17,73.79,1254.43
2395,2025-07-25,UK,Furniture,20,437.47,8749.4
2396,2025-07-26,India,Furniture,2,138.19,276.38
2397,2025-07-27,UK,Electronics,12,737.79,8853.48
2398,2025-07-28,France,Clothing,19,68.91,1309.29
2399,2025-07-29,USA,Clothing,11,254.69,2801.59
2400,2025-07-30,UK,Furniture,20,916.17,18323.4
2401,2025-07-31,Australia,Food,13,738.57,9601.41
2402,2025-08-01,Australia,Electronics,14,339.24,4749.36
2403,2025-08-02,India,Furniture,17,866.37,14728.29
2404,2025-08-03,Germany,Food,15,738.32,11074.8
2405,2025-08-04,Australia,Food,14,906.98,12697.72
2406,2025-08-05,India,Electronics,10,851.88,8518.8
2407,2025-08-06,UAE,Furniture,9,398.92,3590.28
2408,2025-08-07,Japan,Electronics,17,108.01,1836.17
2409,2025-08-08,Canada,Food,20,526.52,10530.4
2410,2025-08-09,UAE,Furniture,3,364.67,1094.01
2411,2025-08-10,UK,Sports,20,99.71,1994.2
2412,2025-08-11,Germany,Food,9,568.07,5112.63
2413,2025-08-12,Australia,Food,20,558.08,11161.6
2414,2025-08-13,Canada,Furniture,16,417.6,6681.6
2415,2025-08-14,UK,Sports,5,534.01,2670.05
2416,2025-08-15,Japan,Food,16,778.77,12460.32
2417,2025-08-16,India,Electronics,12,236.73,2840.76
2418,2025-08-17,USA,Electronics,9,463.8,4174.2
2419,2025-08-18,UK,Furniture,11,402.99,4432.89
2420,2025-08-19,France,Electronics,2,586.96,1173.92
2421,2025-08-20,Canada,Furniture,13,785.5,10211.5
2422,2025-08-21,Germany,Food,11,91.51,1006.61
2423,2025-08-22,Japan,Clothing,16,424.95,6799.2
2424,2025-08-23,Australia,Electronics,20,745.11,14902.2
2425,2025-08-24,Australia,Furniture,3,911.38,2734.14
2426,2025-08-25,USA,Sports,20,914.98,18299.6
2427,2025-08-26,Brazil,Food,20,279.08,5581.6
2428,2025-08-27,Brazil,Clothing,10,837.13,8371.3
2429,2025-08-28,Brazil,Clothing,3,343.15,1029.45
2430,2025-08-29,Canada,Furniture,17,430.52,7318.84
2431,2025-08-30,UAE,Furniture,18,416.91,7504.38
2432,2025-08-31,Australia,Sports,11,405.36,4458.96
2433,2025-09-01,UK,Sports,11,323.24,3555.64
2434,2025-09-02,UK,Clothing,17,228.31,3881.27
2435,2025-09-03,Australia,Clothing,6,161.01,966.06
2436,2025-09-04,France,Sports,20,295.21,5904.2
2437,2025-09-05,USA,Food,1,252.32,252.32
2438,2025-09-06,France,Furniture,14,189.01,2646.14
2439,2025-09-07,UK,Sports,9,720.7,6486.3
2440,2025-09-08,Australia,Furniture,11,275.36,3028.96
2441,2025-09-09,Canada,Electronics,10,651.6,6516.0
2442,2025-09-10,Germany,Furniture,8,41.6,332.8
2443,2025-09-11,Japan,Electronics,6,482.19,2893.14
2444,2025-09-12,UK,Clothing,8,588.14,4705.12
2445,2025-09-13,Australia,Clothing,6,41.55,249.3
2446,2025-09-14,USA,Furniture,20,271.08,5421.6
2447,2025-09-15,Brazil,Sports,20,292.76,5855.2
2448,2025-09-16,Canada,Clothing,13,737.5,9587.5
2449,2025-09-17,Germany,Food,8,584.75,4678.0
2450,2025-09-18,UK,Clothing,12,756.83,9081.96
2451,2025-09-19,UAE,Furniture,14,934.02,13076.28
2452,2025-09-20,India,Food,12,48.62,583.44
2453,2025-09-21,UK,Electronics,1,702.05,702.05
2454,2025-09-22,Canada,Food,18,244.58,4402.44
2455,2025-09-23,Canada,Clothing,19,373.79,7102.01
2456,2025-09-24,UAE,Electronics,13,809.58,10524.54
2457,2025-09-25,UK,Food,8,673.57,5388.56
2458,2025-09-26,UK,Sports,20,428.72,8574.4
2459,2025-09-27,France,Sports,11,246.91,2716.01
2460,2025-09-28,UAE,Clothing,8,84.54,676.32
2461,2025-09-29,India,Sports,14,223.88,3134.32
2462,2025-09-30,Australia,Food,17,331.99,5643.83
2463,2025-10-01,USA,Furniture,10,812.96,8129.6
2464,2025-10-02,Japan,Food,18,82.49,1484.82
2465,2025-10-03,France,Furniture,15,94.74,1421.1
2466,2025-10-04,UK,Sports,9,562.69,5064.21
2467,2025-10-05,Canada,Sports,16,819.02,13104.32
2468,2025-10-06,Germany,Furniture,12,366.34,4396.08
2469,2025-10-07,UK,Electronics,6,294.73,1768.38
2470,2025-10-08,UAE,Furniture,9,460.65,4145.85
2471,2025-10-09,Brazil,Clothing,12,352.8,4233.6
2472,2025-10-10,India,Clothing,3,26.23,78.69
2473,2025-10-11,Australia,Electronics,12,173.37,2080.44
2474,2025-10-12,Brazil,Clothing,2,896.87,1793.74
2475,2025-10-13,UAE,Electronics,5,977.05,4885.25
2476,2025-10-14,Japan,Clothing,6,935.69,5614.14
2477,2025-10-15,Japan,Electronics,8,408.01,3264.08
2478,2025-10-16,India,Clothing,17,266.16,4524.72
2479,2025-10-17,France,Furniture,13,238.08,3095.04
2480,2025-10-18,Germany,Food,15,30.74,461.1
2481,2025-10-19,USA,Electronics,16,757.1,12113.6
2482,2025-10-20,India,Food,9,608.06,5472.54
2483,2025-10-21,France,Clothing,2,153.01,306.02
2484,2025-10-22,UK,Clothing,7,325.57,2278.99
2485,2025-10-23,Japan,Food,6,328.16,1968.96
2486,2025-10-24,UK,Furniture,3,39.18,117.54
2487,2025-10-25,UK,Electronics,12,531.77,6381.24
2488,2025-10-26,UAE,Food,5,231.92,1159.6
2489,2025-10-27,UAE,Sports,8,720.36,5762.88
2490,2025-10-28,USA,Sports,4,52.63,210.52
2491,2025-10-29,India,Sports,13,587.89,7642.57
2492,2025-10-30,Japan,Clothing,6,582.37,3494.22
2493,2025-10-31,UK,Food,17,845.28,14369.76
2494,2025-11-01,Brazil,Electronics,20,976.15,19523.0
2495,2025-11-02,France,Electronics,8,660.86,5286.88
2496,2025-11-03,France,Food,17,918.36,15612.12
2497,2025-11-04,Brazil,Clothing,20,552.46,11049.2
2498,2025-11-05,UK,Sports,20,139.16,2783.2
2499,2025-11-06,Germany,Clothing,5,918.1,4590.5
2500,2025-11-07,UK,Sports,15,728.46,10926.9
2501,2025-11-08,Canada,Food,8,688.35,5506.8
2502,2025-11-09,Australia,Sports,5,475.07,2375.35
2503,2025-11-10,Germany,Electronics,19,128.32,2438.08
2504,2025-11-11,Germany,Furniture,15,696.79,10451.85
2505,2025-11-12,Brazil,Clothing,8,929.55,7436.4
2506,2025-11-13,UAE,Clothing,4,399.47,1597.88
2507,2025-11-14,UK,Clothing,16,693.13,11090.08
2508,2025-11-15,Australia,Electronics,2,948.93,1897.86
2509,2025-11-16,USA,Food,13,943.19,12261.47
2510,2025-11-17,Brazil,Furniture,10,313.32,3133.2
2511,2025-11-18,Canada,Sports,8,43.14,345.12
2512,2025-11-19,Canada,Sports,17,143.18,2434.06
2513,2025-11-20,India,Food,9,980.78,8827.02
2514,2025-11-21,India,Sports,6,365.14,2190.84
2515,2025-11-22,UK,Electronics,6,456.99,2741.94
2516,2025-11-23,UAE,Clothing,4,611.94,2447.76
2517,2025-11-24,Japan,Furniture,1,291.71,291.71
2518,2025-11-25,Brazil,Furniture,1,201.91,201.91
2519,2025-11-26,Australia,Sports,1,507.2,507.2
2520,2025-11-27,Germany,Electronics,11,55.34,608.74
2521,2025-11-28,Germany,Sports,14,818.52,11459.28
2522,2025-11-29,UK,Sports,18,978.74,17617.32
2523,2025-11-30,Australia,Clothing,14,19.91,278.74
2524,2025-12-01,Australia,Furniture,2,913.15,1826.3
2525,2025-12-02,UAE,Sports,9,381.02,3429.18
2526,2025-12-03,Canada,Electronics,1,703.26,703.26
2527,2025-12-04,Brazil,Furniture,15,539.26,8088.9
2528,2025-12-05,India,Clothing,9,929.95,8369.55
2529,2025-12-06,Germany,Sports,11,264.61,2910.71
2530,2025-12-07,Brazil,Sports,1,974.02,974.02
2531,2025-12-08,Japan,Electronics,10,630.61,6306.1
2532,2025-12-09,Canada,Clothing,1,35.02,35.02
2533,2025-12-10,USA,Electronics,9,824.99,7424.91
2534,2025-12-11,Japan,Electronics,10,418.37,4183.7
2535,2025-12-12,France,Sports,7,956.07,6692.49
2536,2025-12-13,France,Electronics,15,565.7,8485.5
2537,2025-12-14,Canada,Clothing,9,373.18,3358.62
2538,2025-12-15,India,Sports,15,985.01,14775.15
2539,2025-12-16,France,Sports,12,227.41,2728.92
2540,2025-12-17,UAE,Furniture,4,476.72,1906.88
2541,2025-12-18,Germany,Furniture,12,435.36,5224.32
2542,2025-12-19,Brazil,Electronics,15,235.56,3533.4
2543,2025-12-20,Brazil,Furniture,14,191.65,2683.1
2544,2025-12-21,USA,Food,17,351.76,5979.92
2545,2025-12-22,UAE,Food,8,107.0,856.0
2546,2025-12-23,France,Furniture,3,922.87,2768.61
2547,2025-12-24,India,Electronics,20,258.55,5171.0
2548,2025-12-25,Germany,Food,10,988.1,9881.0
2549,2025-12-26,UAE,Food,11,958.01,10538.11
2550,2025-12-27,USA,Electronics,12,181.29,2175.48
2551,2025-12-28,USA,Clothing,16,282.72,4523.52
2552,2025-12-29,Germany,Furniture,15,360.85,5412.75
2553,2025-12-30,Japan,Furniture,16,525.96,8415.36
2554,2025-12-31,Australia,Clothing,18,509.74,9175.32
2555,2025-01-01,Germany,Sports,15,23.01,345.15
2556,2025-01-02,France,Clothing,8,809.73,6477.84
2557,2025-01-03,Brazil,Electronics,7,101.45,710.15
2558,2025-01-04,Australia,Sports,3,868.48,2605.44
2559,2025-01-05,Germany,Furniture,16,872.43,13958.88
2560,2025-01-06,France,Food,18,740.53,13329.54
2561,2025-01-07,India,Furniture,9,18.89,170.01
2562,2025-01-08,UAE,Clothing,17,973.47,16548.99
2563,2025-01-09,UK,Food,18,743.54,13383.72
2564,2025-01-10,USA,Food,2,406.82,813.64
2565,2025-01-11,Brazil,Electronics,2,712.59,1425.18
2566,2025-01-12,Japan,Clothing,1,448.38,448.38
2567,2025-01-13,UAE,Electronics,8,839.04,6712.32
2568,2025-01-14,India,Furniture,4,219.44,877.76
2569,2025-01-15,India,Food,13,107.5,1397.5
2570,2025-01-16,UAE,Sports,1,695.44,695.44
2571,2025-01-17,Brazil,Sports,19,458.09,8703.71
2572,2025-01-18,France,Furniture,18,793.81,14288.58
2573,2025-01-19,Australia,Furniture,3,415.61,1246.83
2574,2025-01-20,France,Sports,13,908.86,11815.18
2575,2025-01-21,Japan,Electronics,6,162.35,974.1
2576,2025-01-22,France,Furniture,7,132.37,926.59
2577,2025-01-23,Brazil,Electronics,6,470.62,2823.72
2578,2025-01-24,UK,Sports,19,588.95,11190.05
2579,2025-01-25,France,Food,12,557.42,6689.04
2580,2025-01-26,USA,Food,18,833.87,15009.66
2581,2025-01-27,India,Sports,11,70.36,773.96
2582,2025-01-28,France,Food,17,504.57,8577.69
2583,2025-01-29,UAE,Electronics,8,127.64,1021.12
2584,2025-01-30,Japan,Clothing,3,503.99,1511.97
2585,2025-01-31,Germany,Clothing,10,793.14,7931.4
2586,2025-02-01,Australia,Food,11,392.6,4318.6
2587,2025-02-02,Canada,Furniture,7,830.45,5813.15
2588,2025-02-03,UAE,Sports,5,949.54,4747.7
2589,2025-02-04,UAE,Sports,1,354.01,354.01
2590,2025-02-05,France,Electronics,2,909.81,1819.62
2591,2025-02-06,France,Electronics,3,786.89,2360.67
2592,2025-02-07,Brazil,Furniture,6,418.1,2508.6
2593,2025-02-08,Australia,Furniture,13,565.53,7351.89
2594,2025-02-09,Australia,Furniture,17,396.65,6743.05
2595,2025-02-10,India,Electronics,6,485.78,2914.68
2596,2025-02-11,Australia,Clothing,8,23.17,185.36
2597,2025-02-12,France,Food,2,837.6,1675.2
2598,2025-02-13,Australia,Food,6,38.99,233.94
2599,2025-02-14,Australia,Furniture,19,953.94,18124.86
2600,2025-02-15,Brazil,Furniture,17,942.06,16015.02
2601,2025-02-16,France,Furniture,16,62.71,1003.36
2602,2025-02-17,France,Clothing,17,574.47,9765.99
2603,2025-02-18,Japan,Electronics,3,150.56,451.68
2604,2025-02-19,USA,Sports,10,347.03,3470.3
2605,2025-02-20,USA,Sports,15,511.31,7669.65
2606,2025-02-21,Australia,Furniture,15,607.53,9112.95
2607,2025-02-22,Canada,Electronics,4,938.28,3753.12
2608,2025-02-23,Canada,Clothing,11,644.79,7092.69
2609,2025-02-24,France,Furniture,20,118.69,2373.8
2610,2025-02-25,Brazil,Clothing,13,763.8,9929.4
2611,2025-02-26,India,Food,18,230.25,4144.5
2612,2025-02-27,USA,Furniture,2,996.53,1993.06
2613,2025-02-28,Brazil,Clothing,19,36.09,685.71
2614,2025-03-01,UK,Electronics,2,138.22,276.44
2615,2025-03-02,Japan,Electronics,18,852.86,15351.48
2616,2025-03-03,UAE,Clothing,6,176.26,1057.56
2617,2025-03-04,USA,Food,20,646.73,12934.6
2618,2025-03-05,India,Sports,16,889.44,14231.04
2619,2025-03-06,Canada,Furniture,16,700.22,11203.52
2620,2025-03-07,Australia,Food,8,524.55,4196.4
2621,2025-03-08,India,Electronics,15,545.96,8189.4
2622,2025-03-09,Canada,Furniture,12,344.85,4138.2
2623,2025-03-10,Australia,Food,11,98.07,1078.77
2624,2025-03-11,Canada,Clothing,10,742.45,7424.5
2625,2025-03-12,Australia,Sports,13,935.18,12157.34
2626,2025-03-13,Canada,Furniture,19,306.9,5831.1
2627,2025-03-14,UAE,Electronics,12,414.25,4971.0
2628,2025-03-15,France,Food,17,498.29,8470.93
2629,2025-03-16,India,Food,5,195.34,976.7
2630,2025-03-17,Canada,Clothing,5,82.23,411.15
2631,2025-03-18,Germany,Electronics,20,582.54,11650.8
2632,2025-03-19,Australia,Electronics,1,735.96,735.96
2633,2025-03-20,Australia,Clothing,14,527.61,7386.54
2634,2025-03-21,India,Electronics,11,499.21,5491.31
2635,2025-03-22,Australia,Furniture,8,105.28,842.24
2636,2025-03-23,France,Electronics,18,14.99,269.82
2637,2025-03-24,Canada,Sports,12,680.1,8161.2
2638,2025-03-25,Australia,Clothing,6,603.1,3618.6
2639,2025-03-26,Australia,Food,3,394.3,1182.9
2640,2025-03-27,Brazil,Clothing,10,481.06,4810.6
2641,2025-03-28,Brazil,Electronics,8,330.39,2643.12
2642,2025-03-29,Canada,Food,9,913.5,8221.5
2643,2025-03-30,UAE,Sports,12,722.09,8665.08
2644,2025-03-31,USA,Clothing,1,819.97,819.97
2645,2025-04-01,Japan,Food,6,302.61,1815.66
2646,2025-04-02,Japan,Electronics,12,328.6,3943.2
2647,2025-04-03,UAE,Sports,15,898.87,13483.05
2648,2025-04-04,UK,Sports,14,909.24,12729.36
2649,2025-04-05,Japan,Electronics,13,507.2,6593.6
2650,2025-04-06,Germany,Food,8,389.48,3115.84
2651,2025-04-07,Germany,Sports,20,30.06,601.2
2652,2025-04-08,USA,Food,19,290.37,5517.03
2653,2025-04-09,Canada,Food,14,668.82,9363.48
2654,2025-04-10,France,Furniture,3,167.61,502.83
2655,2025-04-11,Canada,Furniture,6,879.21,5275.26
2656,2025-04-12,Japan,Electronics,13,537.86,6992.18
2657,2025-04-13,UK,Furniture,9,13.03,117.27
2658,2025-04-14,UK,Clothing,9,641.94,5777.46
2659,2025-04-15,Germany,Sports,20,529.07,10581.4
2660,2025-04-16,France,Food,14,828.09,11593.26
2661,2025-04-17,Japan,Food,14,995.24,13933.36
2662,2025-04-18,UAE,Furniture,6,977.51,5865.06
2663,2025-04-19,India,Clothing,11,87.91,967.01
2664,2025-04-20,Australia,Electronics,5,386.24,1931.2
2665,2025-04-21,Japan,Furniture,18,583.34,10500.12
2666,2025-04-22,France,Electronics,1,664.11,664.11
2667,2025-04-23,Germany,Furniture,17,94.76,1610.92
2668,2025-04-24,France,Furniture,1,70.39,70.39
2669,2025-04-25,UK,Clothing,15,142.56,2138.4
2670,2025-04-26,Germany,Sports,15,583.6,8754.0
2671,2025-04-27,Australia,Food,20,44.57,891.4
2672,2025-04-28,Japan,Clothing,17,92.25,1568.25
2673,2025-04-29,Canada,Sports,8,292.07,2336.56
2674,2025-04-30,France,Electronics,6,235.37,1412.22
2675,2025-05-01,UAE,Food,7,751.4,5259.8
2676,2025-05-02,UAE,Sports,3,877.5,2632.5
2677,2025-05-03,India,Sports,11,331.76,3649.36
2678,2025-05-04,France,Clothing,18,102.16,1838.88
2679,2025-05-05,Japan,Sports,16,320.98,5135.68
2680,2025-05-06,Brazil,Furniture,19,549.47,10439.93
2681,2025-05-07,Brazil,Clothing,20,757.11,15142.2
2682,2025-05-08,Australia,Sports,20,746.16,14923.2
2683,2025-05-09,UK,Food,9,906.9,8162.1
2684,2025-05-10,France,Furniture,10,371.79,3717.9
2685,2025-05-11,Japan,Food,2,74.39,148.78
2686,2025-05-12,UAE,Sports,10,956.76,9567.6
2687,2025-05-13,Japan,Electronics,20,589.99,11799.8
2688,2025-05-14,UAE,Sports,8,269.48,2155.84
2689,2025-05-15,Australia,Sports,3,188.6,565.8
2690,2025-05-16,Brazil,Sports,14,229.9,3218.6
2691,2025-05-17,Australia,Food,19,533.65,10139.35
2692,2025-05-18,Brazil,Clothing,9,38.64,347.76
2693,2025-05-19,France,Food,9,334.09,3006.81
2694,2025-05-20,France,Sports,7,217.18,1520.26
2695,2025-05-21,UK,Clothing,7,787.09,5509.63
2696,2025-05-22,UAE,Clothing,2,993.95,1987.9
2697,2025-05-23,France,Food,1,967.5,967.5
2698,2025-05-24,Japan,Food,20,414.03,8280.6
2699,2025-05-25,Canada,Electronics,19,961.67,18271.73
2700,2025-05-26,Brazil,Sports,3,895.77,2687.31
2701,2025-05-27,Germany,Clothing,17,863.55,14680.35
2702,2025-05-28,Germany,Food,12,634.15,7609.8
2703,2025-05-29,Australia,Sports,14,338.18,4734.52
2704,2025-05-30,France,Furniture,11,290.14,3191.54
2705,2025-05-31,India,Electronics,8,470.14,3761.12
2706,2025-06-01,USA,Sports,4,706.82,2827.28
2707,2025-06-02,UK,Food,15,877.65,13164.75
2708,2025-06-03,France,Sports,17,131.47,2234.99
2709,2025-06-04,UAE,Sports,8,769.4,6155.2
2710,2025-06-05,France,Clothing,14,704.67,9865.38
2711,2025-06-06,USA,Furniture,17,964.52,16396.84
2712,2025-06-07,UK,Electronics,19,891.33,16935.27
2713,2025-06-08,USA,Food,20,191.83,3836.6
2714,2025-06-09,Brazil,Food,12,563.36,6760.32
2715,2025-06-10,USA,Sports,13,963.57,12526.41
2716,2025-06-11,France,Clothing,13,750.48,9756.24
2717,2025-06-12,Japan,Sports,13,267.07,3471.91
2718,2025-06-13,Japan,Electronics,1,939.45,939.45
2719,2025-06-14,France,Sports,5,443.42,2217.1
2720,2025-06-15,Brazil,Electronics,5,484.5,2422.5
2721,2025-06-16,Canada,Furniture,1,968.6,968.6
2722,2025-06-17,France,Clothing,5,356.91,1784.55
2723,2025-06-18,Brazil,Clothing,16,923.48,14775.68
2724,2025-06-19,Brazil,Sports,11,302.14,3323.54
2725,2025-06-20,USA,Sports,8,658.93,5271.44
2726,2025-06-21,UK,Furniture,13,290.59,3777.67
2727,2025-06-22,France,Food,8,736.63,5893.04
2728,2025-06-23,Australia,Food,3,689.15,2067.45
2729,2025-06-24,UAE,Sports,7,455.43,3188.01
2730,2025-06-25,Brazil,Clothing,5,498.88,2494.4
2731,2025-06-26,Australia,Electronics,10,13.03,130.3
2732,2025-06-27,Canada,Food,17,580.8,9873.6
2733,2025-06-28,UK,Electronics,6,228.47,1370.82
2734,2025-06-29,Germany,Clothing,16,999.97,15999.52
2735,2025-06-30,UK,Food,2,642.3,1284.6
2736,2025-07-01,India,Furniture,9,372.73,3354.57
2737,2025-07-02,UAE,Clothing,1,240.66,240.66
2738,2025-07-03,India,Electronics,2,365.5,731.0
2739,2025-07-04,USA,Clothing,2,135.45,270.9
2740,2025-07-05,Germany,Food,19,242.62,4609.78
2741,2025-07-06,UK,Clothing,11,418.14,4599.54
2742,2025-07-07,France,Sports,13,59.81,777.53
2743,2025-07-08,Canada,Electronics,12,345.81,4149.72
2744,2025-07-09,UK,Food,10,970.24,9702.4
2745,2025-07-10,UAE,Furniture,4,13.19,52.76
2746,2025-07-11,India,Furniture,10,78.96,789.6
2747,2025-07-12,Brazil,Electronics,4,248.42,993.68
2748,2025-07-13,UK,Clothing,5,596.63,2983.15
2749,2025-07-14,Australia,Sports,10,605.13,6051.3
2750,2025-07-15,Japan,Clothing,5,273.96,1369.8
2751,2025-07-16,UK,Electronics,6,547.0,3282.0
2752,2025-07-17,India,Food,15,678.71,10180.65
2753,2025-07-18,Canada,Electronics,8,741.18,5929.44
2754,2025-07-19,Australia,Sports,7,756.6,5296.2
2755,2025-07-20,Brazil,Furniture,14,950.97,13313.58
2756,2025-07-21,India,Food,12,824.85,9898.2
2757,2025-07-22,Germany,Sports,6,285.64,1713.84
2758,2025-07-23,Canada,Furniture,10,125.5,1255.0
2759,2025-07-24,India,Sports,10,267.87,2678.7
2760,2025-07-25,USA,Furniture,17,951.13,16169.21
2761,2025-07-26,USA,Furniture,9,909.54,8185.86
2762,2025-07-27,UAE,Electronics,9,218.09,1962.81
2763,2025-07-28,Japan,Food,8,902.73,7221.84
2764,2025-07-29,Brazil,Furniture,15,85.64,1284.6
2765,2025-07-30,Brazil,Clothing,1,908.49,908.49
2766,2025-07-31,Germany,Electronics,10,993.56,9935.6
2767,2025-08-01,UAE,Electronics,16,201.21,3219.36
2768,2025-08-02,UK,Sports,9,299.62,2696.58
2769,2025-08-03,UK,Sports,3,766.83,2300.49
2770,2025-08-04,USA,Food,10,418.74,4187.4
2771,2025-08-05,India,Food,1,152.52,152.52
2772,2025-08-06,India,Sports,18,209.31,3767.58
2773,2025-08-07,Japan,Furniture,7,16.24,113.68
2774,2025-08-08,India,Clothing,2,246.29,492.58
2775,2025-08-09,Australia,Food,7,32.2,225.4
2776,2025-08-10,Japan,Sports,8,263.01,2104.08
2777,2025-08-11,UK,Clothing,3,38.57,115.71
2778,2025-08-12,France,Clothing,15,24.85,372.75
2779,2025-08-13,Canada,Food,20,167.3,3346.0
2780,2025-08-14,Germany,Electronics,16,568.72,9099.52
2781,2025-08-15,India,Electronics,6,136.94,821.64
2782,2025-08-16,USA,Clothing,14,759.13,10627.82
2783,2025-08-17,France,Electronics,16,12.69,203.04
2784,2025-08-18,UAE,Sports,20,171.93,3438.6
2785,2025-08-19,Brazil,Electronics,14,133.36,1867.04
2786,2025-08-20,UAE,Food,5,46.2,231.0
2787,2025-08-21,India,Clothing,16,11.49,183.84
2788,2025-08-22,USA,Clothing,13,941.65,12241.45
2789,2025-08-23,France,Sports,5,745.29,3726.45
2790,2025-08-24,Germany,Sports,13,31.35,407.55
2791,2025-08-25,India,Electronics,6,529.05,3174.3
2792,2025-08-26,Brazil,Sports,16,810.16,12962.56
2793,2025-08-27,UK,Electronics,9,404.98,3644.82
2794,2025-08-28,Brazil,Furniture,18,556.44,10015.92
2795,2025-08-29,UK,Food,14,495.29,6934.06
2796,2025-08-30,India,Food,15,391.51,5872.65
2797,2025-08-31,UAE,Clothing,20,479.8,9596.0
2798,2025-09-01,Germany,Clothing,6,653.69,3922.14
2799,2025-09-02,USA,Clothing,6,870.45,5222.7
2800,2025-09-03,UK,Clothing,19,193.14,3669.66
2801,2025-09-04,India,Food,13,391.42,5088.46
2802,2025-09-05,Australia,Food,20,454.86,9097.2
2803,2025-09-06,France,Furniture,20,304.76,6095.2
2804,2025-09-07,Brazil,Furniture,4,297.4,1189.6
2805,2025-09-08,UK,Sports,4,932.94,3731.76
2806,2025-09-09,USA,Electronics,5,959.91,4799.55
2807,2025-09-10,Japan,Food,12,932.84,11194.08
2808,2025-09-11,Germany,Furniture,7,219.09,1533.63
2809,2025-09-12,India,Sports,8,497.06,3976.48
2810,2025-09-13,UK,Sports,5,916.64,4583.2
2811,2025-09-14,Germany,Food,14,702.64,9836.96
2812,2025-09-15,India,Furniture,18,374.1,6733.8
2813,2025-09-16,UAE,Sports,20,990.4,19808.0
2814,2025-09-17,UAE,Clothing,17,992.77,16877.09
2815,2025-09-18,Canada,Clothing,8,636.52,5092.16
2816,2025-09-19,Canada,Electronics,18,378.4,6811.2
2817,2025-09-20,France,Furniture,18,152.91,2752.38
2818,2025-09-21,France,Sports,7,109.95,769.65
2819,2025-09-22,UAE,Food,16,762.14,12194.24
2820,2025-09-23,India,Electronics,17,340.74,5792.58
2821,2025-09-24,Japan,Furniture,9,533.5,4801.5
2822,2025-09-25,Japan,Clothing,14,71.23,997.22
2823,2025-09-26,UK,Clothing,14,999.87,13998.18
2824,2025-09-27,France,Food,15,30.54,458.1
2825,2025-09-28,Canada,Food,9,354.1,3186.9
2826,2025-09-29,Brazil,Sports,7,17.43,122.01
2827,2025-09-30,Canada,Electronics,12,613.17,7358.04
2828,2025-10-01,Japan,Electronics,3,767.33,2301.99
2829,2025-10-02,Japan,Furniture,9,234.33,2108.97
2830,2025-10-03,UAE,Sports,9,95.33,857.97
2831,2025-10-04,USA,Electronics,20,208.4,4168.0
2832,2025-10-05,USA,Electronics,13,389.52,5063.76
2833,2025-10-06,UK,Electronics,17,78.08,1327.36
2834,2025-10-07,Japan,Sports,11,233.28,2566.08
2835,2025-10-08,Australia,Furniture,10,151.28,1512.8
2836,2025-10-09,USA,Sports,12,408.08,4896.96
2837,2025-10-10,USA,Food,18,543.02,9774.36
2838,2025-10-11,India,Electronics,12,497.54,5970.48
2839,2025-10-12,France,Sports,10,140.05,1400.5
2840,2025-10-13,UK,Furniture,18,438.37,7890.66
2841,2025-10-14,India,Furniture,3,519.94,1559.82
2842,2025-10-15,France,Furniture,10,190.48,1904.8
2843,2025-10-16,Australia,Food,9,208.62,1877.58
2844,2025-10-17,Canada,Clothing,6,831.37,4988.22
2845,2025-10-18,Canada,Electronics,9,841.83,7576.47
2846,2025-10-19,UK,Electronics,8,760.03,6080.24
2847,2025-10-20,UAE,Furniture,14,149.92,2098.88
2848,2025-10-21,Australia,Furniture,6,681.07,4086.42
2849,2025-10-22,USA,Furniture,11,514.77,5662.47
2850,2025-10-23,USA,Electronics,3,578.42,1735.26
2851,2025-10-24,Japan,Sports,4,959.74,3838.96
2852,2025-10-25,France,Clothing,13,435.89,5666.57
2853,2025-10-26,USA,Electronics,12,653.19,7838.28
2854,2025-10-27,India,Furniture,9,744.27,6698.43
2855,2025-10-28,Brazil,Furniture,19,498.5,9471.5
2856,2025-10-29,USA,Electronics,13,755.11,9816.43
2857,2025-10-30,Canada,Sports,9,733.55,6601.95
2858,2025-10-31,Japan,Food,6,283.04,1698.24
2859,2025-11-01,UAE,Electronics,10,834.75,8347.5
2860,2025-11-02,Canada,Furniture,16,130.65,2090.4
2861,2025-11-03,UAE,Furniture,15,297.77,4466.55
2862,2025-11-04,USA,Furniture,10,583.14,5831.4
2863,2025-11-05,France,Electronics,6,889.49,5336.94
2864,2025-11-06,Canada,Clothing,4,831.31,3325.24
2865,2025-11-07,UAE,Sports,2,975.58,1951.16
2866,2025-11-08,Germany,Clothing,8,518.01,4144.08
2867,2025-11-09,UAE,Sports,20,853.19,17063.8
2868,2025-11-10,India,Furniture,4,644.32,2577.28
2869,2025-11-11,UK,Food,3,666.85,2000.55
2870,2025-11-12,USA,Furniture,14,164.2,2298.8
2871,2025-11-13,Japan,Electronics,1,473.25,473.25
2872,2025-11-14,USA,Electronics,3,245.79,737.37
2873,2025-11-15,Brazil,Electronics,12,526.81,6321.72
2874,2025-11-16,UAE,Clothing,4,266.58,1066.32
2875,2025-11-17,USA,Food,1,385.16,385.16
2876,2025-11-18,France,Sports,12,143.35,1720.2
2877,2025-11-19,France,Clothing,18,42.32,761.76
2878,2025-11-20,USA,Furniture,6,444.57,2667.42
2879,2025-11-21,UAE,Furniture,18,203.85,3669.3
2880,2025-11-22,UAE,Electronics,3,39.44,118.32
2881,2025-11-23,France,Sports,1,614.29,614.29
2882,2025-11-24,Canada,Clothing,5,950.09,4750.45
2883,2025-11-25,UAE,Sports,7,35.65,249.55
2884,2025-11-26,UAE,Furniture,1,317.65,317.65
2885,2025-11-27,USA,Clothing,14,401.43,5620.02
2886,2025-11-28,UAE,Furniture,15,293.21,4398.15
2887,2025-11-29,UK,Sports,15,130.14,1952.1
2888,2025-11-30,Japan,Electronics,13,896.37,11652.81
2889,2025-12-01,UK,Electronics,8,450.45,3603.6
2890,2025-12-02,Brazil,Clothing,17,29.9,508.3
2891,2025-12-03,France,Furniture,14,983.28,13765.92
2892,2025-12-04,Japan,Clothing,13,282.95,3678.35
2893,2025-12-05,UAE,Food,16,880.93,14094.88
2894,2025-12-06,Japan,Sports,16,810.48,12967.68
2895,2025-12-07,Canada,Furniture,7,665.78,4660.46
2896,2025-12-08,UAE,Food,8,236.89,1895.12
2897,2025-12-09,UK,Electronics,1,496.39,496.39
2898,2025-12-10,France,Food,5,938.31,4691.55
2899,2025-12-11,UK,Food,12,999.85,11998.2
2900,2025-12-12,Germany,Furniture,15,371.57,5573.55
2901,2025-12-13,Germany,Food,7,410.39,2872.73
2902,2025-12-14,Australia,Food,3,449.25,1347.75
2903,2025-12-15,USA,Food,17,73.77,1254.09
2904,2025-12-16,Germany,Furniture,3,387.35,1162.05
2905,2025-12-17,Japan,Electronics,20,741.44,14828.8
2906,2025-12-18,France,Electronics,19,230.39,4377.41
2907,2025-12-19,Canada,Sports,15,55.9,838.5
2908,2025-12-20,Germany,Electronics,14,174.88,2448.32
2909,2025-12-21,UK,Furniture,5,406.89,2034.45
2910,2025-12-22,UK,Clothing,17,384.74,6540.58
2911,2025-12-23,India,Clothing,19,812.42,15435.98
2912,2025-12-24,Japan,Sports,13,674.61,8769.93
2913,2025-12-25,Japan,Electronics,2,336.5,673.0
2914,2025-12-26,Australia,Furniture,15,847.85,12717.75
2915,2025-12-27,Brazil,Clothing,15,318.6,4779.0
2916,2025-12-28,UAE,Furniture,6,790.15,4740.9
2917,2025-12-29,UK,Sports,19,99.22,1885.18
2918,2025-12-30,Japan,Clothing,7,766.32,5364.24
2919,2025-12-31,Canada,Electronics,2,667.81,1335.62
2920,2025-01-01,USA,Electronics,1,652.82,652.82
2921,2025-01-02,India,Electronics,1,593.62,593.62
2922,2025-01-03,France,Electronics,5,112.07,560.35
2923,2025-01-04,Brazil,Electronics,16,721.44,11543.04
2924,2025-01-05,Germany,Furniture,6,354.63,2127.78
2925,2025-01-06,India,Furniture,13,260.3,3383.9
2926,2025-01-07,Japan,Sports,16,397.49,6359.84
2927,2025-01-08,India,Electronics,10,151.36,1513.6
2928,2025-01-09,Brazil,Electronics,8,199.82,1598.56
2929,2025-01-10,Brazil,Clothing,13,896.91,11659.83
2930,2025-01-11,Australia,Clothing,16,713.74,11419.84
2931,2025-01-12,Australia,Furniture,16,545.31,8724.96
2932,2025-01-13,Brazil,Furniture,5,327.11,1635.55
2933,2025-01-14,UAE,Furniture,18,489.05,8802.9
2934,2025-01-15,Brazil,Electronics,5,100.66,503.3
2935,2025-01-16,UAE,Electronics,12,556.4,6676.8
2936,2025-01-17,Germany,Sports,3,769.24,2307.72
2937,2025-01-18,UK,Clothing,19,998.71,18975.49
2938,2025-01-19,USA,Food,5,693.29,3466.45
2939,2025-01-20,UK,Clothing,3,54.23,162.69
2940,2025-01-21,Australia,Furniture,14,544.45,7622.3
2941,2025-01-22,UAE,Food,13,95.0,1235.0
2942,2025-01-23,Canada,Food,11,840.7,9247.7
2943,2025-01-24,Australia,Sports,6,139.66,837.96
2944,2025-01-25,UAE,Food,15,269.21,4038.15
2945,2025-01-26,Germany,Food,7,384.94,2694.58
2946,2025-01-27,Canada,Electronics,17,439.18,7466.06
2947,2025-01-28,Japan,Furniture,19,937.33,17809.27
2948,2025-01-29,Brazil,Electronics,11,511.48,5626.28
2949,2025-01-30,USA,Furniture,12,367.02,4404.24
2950,2025-01-31,India,Sports,11,904.04,9944.44
2951,2025-02-01,UK,Sports,6,114.07,684.42
2952,2025-02-02,Brazil,Food,4,543.33,2173.32
2953,2025-02-03,UK,Electronics,18,993.4,17881.2
2954,2025-02-04,Brazil,Sports,1,529.16,529.16
2955,2025-02-05,Brazil,Furniture,13,420.38,5464.94
2956,2025-02-06,USA,Furniture,9,168.02,1512.18
2957,2025-02-07,Germany,Clothing,20,449.1,8982.0
2958,2025-02-08,Australia,Sports,9,734.93,6614.37
2959,2025-02-09,USA,Clothing,3,634.99,1904.97
2960,2025-02-10,Brazil,Sports,18,490.65,8831.7
2961,2025-02-11,UAE,Food,20,613.69,12273.8
2962,2025-02-12,France,Clothing,19,836.07,15885.33
2963,2025-02-13,UAE,Clothing,4,260.73,1042.92
2964,2025-02-14,France,Food,19,952.38,18095.22
2965,2025-02-15,Canada,Sports,10,968.01,9680.1
2966,2025-02-16,India,Food,19,234.44,4454.36
2967,2025-02-17,Germany,Clothing,15,190.34,2855.1
2968,2025-02-18,USA,Sports,6,146.49,878.94
2969,2025-02-19,Canada,Furniture,17,794.54,13507.18
2970,2025-02-20,Australia,Sports,15,657.93,9868.95
2971,2025-02-21,France,Furniture,7,494.43,3461.01
2972,2025-02-22,France,Food,8,465.08,3720.64
2973,2025-02-23,UK,Sports,20,420.68,8413.6
2974,2025-02-24,Brazil,Clothing,17,75.26,1279.42
2975,2025-02-25,India,Food,10,964.32,9643.2
2976,2025-02-26,USA,Clothing,13,162.55,2113.15
2977,2025-02-27,USA,Food,3,98.08,294.24
2978,2025-02-28,India,Food,14,261.16,3656.24
2979,2025-03-01,UAE,Clothing,12,680.68,8168.16
2980,2025-03-02,USA,Electronics,15,999.33,14989.95
2981,2025-03-03,USA,Food,11,836.21,9198.31
2982,2025-03-04,India,Clothing,3,834.22,2502.66
2983,2025-03-05,Canada,Clothing,11,29.07,319.77
2984,2025-03-06,UAE,Furniture,18,96.72,1740.96
2985,2025-03-07,Australia,Food,20,890.5,17810.0
2986,2025-03-08,India,Clothing,3,546.94,1640.82
2987,2025-03-09,Australia,Food,5,312.31,1561.55
2988,2025-03-10,Australia,Food,17,440.96,7496.32
2989,2025-03-11,Brazil,Clothing,9,607.23,5465.07
2990,2025-03-12,USA,Furniture,7,740.14,5180.98
2991,2025-03-13,USA,Sports,9,993.17,8938.53
2992,2025-03-14,Canada,Furniture,6,208.49,1250.94
2993,2025-03-15,Australia,Sports,5,730.49,3652.45
2994,2025-03-16,Australia,Clothing,18,495.17,8913.06
2995,2025-03-17,Japan,Electronics,11,560.78,6168.58
2996,2025-03-18,Japan,Electronics,8,287.46,2299.68
2997,2025-03-19,Australia,Furniture,17,122.98,2090.66
2998,2025-03-20,USA,Food,18,33.19,597.42
2999,2025-03-21,Australia,Sports,8,332.45,2659.6
3000,2025-03-22,Germany,Clothing,7,510.83,3575.81
3001,2025-03-23,UK,Furniture,3,231.7,695.1
3002,2025-03-24,UAE,Food,17,30.2,513.4
3003,2025-03-25,France,Food,1,713.63,713.63
3004,2025-03-26,USA,Food,8,52.14,417.12
3005,2025-03-27,USA,Electronics,5,28.15,140.75
3006,2025-03-28,Brazil,Sports,4,718.53,2874.12
3007,2025-03-29,UAE,Sports,11,417.52,4592.72
3008,2025-03-30,Brazil,Furniture,4,686.6,2746.4
3009,2025-03-31,Germany,Furniture,11,328.94,3618.34
3010,2025-04-01,Brazil,Sports,2,266.78,533.56
3011,2025-04-02,France,Clothing,1,783.02,783.02
3012,2025-04-03,Brazil,Furniture,6,88.61,531.66
3013,2025-04-04,Germany,Electronics,8,947.12,7576.96
3014,2025-04-05,UAE,Sports,1,364.9,364.9
3015,2025-04-06,India,Sports,7,606.99,4248.93
3016,2025-04-07,UK,Sports,14,808.89,11324.46
3017,2025-04-08,Germany,Furniture,20,732.17,14643.4
3018,2025-04-09,Germany,Food,16,795.04,12720.64
3019,2025-04-10,India,Food,11,530.74,5838.14
3020,2025-04-11,UK,Food,13,250.16,3252.08
3021,2025-04-12,Germany,Electronics,20,496.98,9939.6
3022,2025-04-13,India,Clothing,5,957.06,4785.3
3023,2025-04-14,Australia,Sports,18,297.04,5346.72
3024,2025-04-15,UAE,Sports,19,534.2,10149.8
3025,2025-04-16,India,Food,20,138.93,2778.6
3026,2025-04-17,Australia,Electronics,3,601.96,1805.88
3027,2025-04-18,Brazil,Clothing,8,508.32,4066.56
3028,2025-04-19,Brazil,Food,6,620.97,3725.82
3029,2025-04-20,France,Clothing,16,547.94,8767.04
3030,2025-04-21,Japan,Food,9,304.99,2744.91
3031,2025-04-22,India,Clothing,6,673.81,4042.86
3032,2025-04-23,Brazil,Food,10,550.13,5501.3
3033,2025-04-24,Germany,Furniture,20,744.03,14880.6
3034,2025-04-25,UK,Electronics,4,340.25,1361.0
3035,2025-04-26,Germany,Electronics,19,267.07,5074.33
3036,2025-04-27,Japan,Electronics,7,234.94,1644.58
3037,2025-04-28,Brazil,Furniture,1,951.74,951.74
3038,2025-04-29,UK,Furniture,15,868.61,13029.15
3039,2025-04-30,UK,Food,4,264.35,1057.4
3040,2025-05-01,USA,Sports,6,92.77,556.62
3041,2025-05-02,UAE,Electronics,6,623.94,3743.64
3042,2025-05-03,Germany,Electronics,7,601.77,4212.39
3043,2025-05-04,Germany,Sports,9,414.4,3729.6
3044,2025-05-05,India,Food,7,420.39,2942.73
3045,2025-05-06,Australia,Clothing,13,64.62,840.06
3046,2025-05-07,USA,Clothing,16,760.45,12167.2
3047,2025-05-08,India,Clothing,5,438.2,2191.0
3048,2025-05-09,UK,Sports,6,255.4,1532.4
3049,2025-05-10,France,Food,4,491.22,1964.88
3050,2025-05-11,USA,Sports,9,957.04,8613.36
3051,2025-05-12,Brazil,Electronics,11,321.57,3537.27
3052,2025-05-13,Germany,Furniture,14,908.45,12718.3
3053,2025-05-14,Brazil,Food,18,748.07,13465.26
3054,2025-05-15,UK,Food,13,572.37,7440.81
3055,2025-05-16,India,Sports,14,211.76,2964.64
3056,2025-05-17,USA,Furniture,18,185.03,3330.54
3057,2025-05-18,Brazil,Clothing,16,847.12,13553.92
3058,2025-05-19,Australia,Furniture,8,91.99,735.92
3059,2025-05-20,Australia,Food,6,888.84,5333.04
3060,2025-05-21,Germany,Furniture,7,436.86,3058.02
3061,2025-05-22,Brazil,Clothing,16,405.7,6491.2
3062,2025-05-23,India,Electronics,15,353.12,5296.8
3063,2025-05-24,Canada,Furniture,16,469.88,7518.08
3064,2025-05-25,Brazil,Sports,13,128.06,1664.78
3065,2025-05-26,France,Clothing,8,411.19,3289.52
3066,2025-05-27,Germany,Food,10,391.81,3918.1
3067,2025-05-28,Japan,Sports,13,219.33,2851.29
3068,2025-05-29,Germany,Electronics,14,447.48,6264.72
3069,2025-05-30,France,Electronics,11,81.8,899.8
3070,2025-05-31,Japan,Sports,5,335.26,1676.3
3071,2025-06-01,Australia,Furniture,2,89.39,178.78
3072,2025-06-02,France,Food,8,529.59,4236.72
3073,2025-06-03,Australia,Furniture,10,932.58,9325.8
3074,2025-06-04,USA,Electronics,9,742.27,6680.43
3075,2025-06-05,USA,Food,3,639.89,1919.67
3076,2025-06-06,Germany,Electronics,8,316.75,2534.0
3077,2025-06-07,France,Clothing,1,508.61,508.61
3078,2025-06-08,France,Furniture,9,481.91,4337.19
3079,2025-06-09,USA,Sports,17,436.62,7422.54
3080,2025-06-10,Australia,Clothing,7,385.03,2695.21
3081,2025-06-11,Japan,Sports,12,175.78,2109.36
3082,2025-06-12,UAE,Furniture,13,26.69,346.97
3083,2025-06-13,UAE,Food,7,615.33,4307.31
3084,2025-06-14,Australia,Clothing,6,750.44,4502.64
3085,2025-06-15,Australia,Clothing,7,252.4,1766.8
3086,2025-06-16,UAE,Electronics,15,813.25,12198.75
3087,2025-06-17,USA,Food,20,355.6,7112.0
3088,2025-06-18,India,Food,18,358.43,6451.74
3089,2025-06-19,Canada,Furniture,9,622.73,5604.57
3090,2025-06-20,Brazil,Sports,12,256.48,3077.76
3091,2025-06-21,Germany,Furniture,17,973.66,16552.22
3092,2025-06-22,Japan,Furniture,10,599.78,5997.8
3093,2025-06-23,Brazil,Furniture,11,186.18,2047.98
3094,2025-06-24,France,Sports,8,971.44,7771.52
3095,2025-06-25,UK,Electronics,2,736.93,1473.86
3096,2025-06-26,France,Electronics,10,857.36,8573.6
3097,2025-06-27,UAE,Food,12,691.24,8294.88
3098,2025-06-28,Australia,Food,19,514.17,9769.23
3099,2025-06-29,Japan,Clothing,6,235.6,1413.6
3100,2025-06-30,Japan,Furniture,14,480.36,6725.04
3101,2025-07-01,USA,Food,10,556.91,5569.1
3102,2025-07-02,UAE,Clothing,2,213.84,427.68
3103,2025-07-03,UK,Sports,11,658.14,7239.54
3104,2025-07-04,UAE,Food,3,401.51,1204.53
3105,2025-07-05,UAE,Electronics,7,151.64,1061.48
3106,2025-07-06,Brazil,Food,18,983.75,17707.5
3107,2025-07-07,USA,Sports,3,314.87,944.61
3108,2025-07-08,Canada,Clothing,12,181.56,2178.72
3109,2025-07-09,UK,Clothing,16,113.48,1815.68
3110,2025-07-10,Canada,Electronics,17,790.68,13441.56
3111,2025-07-11,UK,Food,1,962.25,962.25
3112,2025-07-12,UK,Furniture,17,450.15,7652.55
3113,2025-07-13,Japan,Electronics,19,160.14,3042.66
3114,2025-07-14,India,Furniture,15,518.33,7774.95
3115,2025-07-15,France,Food,7,674.53,4721.71
3116,2025-07-16,UK,Sports,17,267.44,4546.48
3117,2025-07-17,UK,Electronics,5,90.89,454.45
3118,2025-07-18,Brazil,Sports,9,252.29,2270.61
3119,2025-07-19,France,Electronics,12,72.61,871.32
3120,2025-07-20,Canada,Furniture,5,649.78,3248.9
3121,2025-07-21,Australia,Clothing,2,476.03,952.06
3122,2025-07-22,UK,Furniture,15,93.72,1405.8
3123,2025-07-23,India,Sports,15,172.93,2593.95
3124,2025-07-24,France,Clothing,18,545.22,9813.96
3125,2025-07-25,Germany,Food,7,865.12,6055.84
3126,2025-07-26,Japan,Food,20,983.94,19678.8
3127,2025-07-27,Canada,Electronics,20,495.55,9911.0
3128,2025-07-28,Australia,Clothing,3,695.98,2087.94
3129,2025-07-29,Japan,Electronics,17,736.88,12526.96
3130,2025-07-30,France,Clothing,15,915.82,13737.3
3131,2025-07-31,India,Food,20,588.49,11769.8
3132,2025-08-01,Japan,Sports,8,35.73,285.84
3133,2025-08-02,Canada,Sports,20,897.79,17955.8
3134,2025-08-03,France,Electronics,6,524.46,3146.76
3135,2025-08-04,France,Electronics,19,550.46,10458.74
3136,2025-08-05,Australia,Sports,8,966.74,7733.92
3137,2025-08-06,Canada,Clothing,4,969.23,3876.92
3138,2025-08-07,UK,Furniture,20,191.6,3832.0
3139,2025-08-08,USA,Furniture,13,701.9,9124.7
3140,2025-08-09,Australia,Food,19,527.37,10020.03
3141,2025-08-10,UAE,Clothing,3,570.21,1710.63
3142,2025-08-11,Japan,Food,11,174.2,1916.2
3143,2025-08-12,Brazil,Furniture,12,212.24,2546.88
3144,2025-08-13,India,Clothing,6,701.66,4209.96
3145,2025-08-14,Australia,Food,14,960.81,13451.34
3146,2025-08-15,France,Furniture,6,648.01,3888.06
3147,2025-08-16,Brazil,Food,8,33.59,268.72
3148,2025-08-17,Germany,Sports,4,664.09,2656.36
3149,2025-08-18,Brazil,Clothing,19,545.96,10373.24
3150,2025-08-19,France,Food,11,527.19,5799.09
3151,2025-08-20,Australia,Furniture,12,31.5,378.0
3152,2025-08-21,Brazil,Electronics,8,17.77,142.16
3153,2025-08-22,USA,Sports,15,344.02,5160.3
3154,2025-08-23,India,Clothing,5,810.41,4052.05
3155,2025-08-24,Australia,Food,20,413.9,8278.0
3156,2025-08-25,India,Sports,17,464.59,7898.03
3157,2025-08-26,Japan,Furniture,7,435.11,3045.77
3158,2025-08-27,India,Clothing,13,408.93,5316.09
3159,2025-08-28,Japan,Electronics,7,976.48,6835.36
3160,2025-08-29,UK,Sports,18,620.41,11167.38
3161,2025-08-30,UAE,Food,12,825.35,9904.2
3162,2025-08-31,Canada,Electronics,6,137.05,822.3
3163,2025-09-01,Brazil,Sports,14,965.8,13521.2
3164,2025-09-02,UK,Sports,8,217.66,1741.28
3165,2025-09-03,France,Furniture,17,500.53,8509.01
3166,2025-09-04,India,Furniture,14,871.46,12200.44
3167,2025-09-05,USA,Furniture,6,47.63,285.78
3168,2025-09-06,Germany,Clothing,20,631.9,12638.0
3169,2025-09-07,USA,Food,3,632.47,1897.41
3170,2025-09-08,Germany,Clothing,4,656.24,2624.96
3171,2025-09-09,UK,Furniture,3,855.18,2565.54
3172,2025-09-10,USA,Clothing,16,559.92,8958.72
3173,2025-09-11,France,Sports,17,709.77,12066.09
3174,2025-09-12,Canada,Furniture,8,397.38,3179.04
3175,2025-09-13,Australia,Food,11,785.71,8642.81
3176,2025-09-14,Australia,Food,8,735.75,5886.0
3177,2025-09-15,India,Clothing,16,850.69,13611.04
3178,2025-09-16,France,Electronics,18,290.67,5232.06
3179,2025-09-17,UAE,Food,2,992.39,1984.78
3180,2025-09-18,France,Food,13,951.92,12374.96
3181,2025-09-19,Canada,Clothing,4,784.62,3138.48
3182,2025-09-20,USA,Sports,16,714.85,11437.6
3183,2025-09-21,Japan,Furniture,17,141.33,2402.61
3184,2025-09-22,Brazil,Food,8,476.31,3810.48
3185,2025-09-23,France,Sports,4,543.95,2175.8
3186,2025-09-24,France,Electronics,10,818.27,8182.7
3187,2025-09-25,UAE,Clothing,17,571.35,9712.95
3188,2025-09-26,India,Furniture,5,520.44,2602.2
3189,2025-09-27,UAE,Furniture,19,501.82,9534.58
3190,2025-09-28,USA,Food,15,914.28,13714.2
3191,2025-09-29,Brazil,Clothing,7,486.57,3405.99
3192,2025-09-30,France,Clothing,8,983.48,7867.84
3193,2025-10-01,Germany,Furniture,14,857.62,12006.68
3194,2025-10-02,Japan,Food,20,521.39,10427.8
3195,2025-10-03,Brazil,Electronics,12,630.2,7562.4
3196,2025-10-04,UAE,Sports,15,914.59,13718.85
3197,2025-10-05,Australia,Clothing,3,682.29,2046.87
3198,2025-10-06,USA,Electronics,14,819.5,11473.0
3199,2025-10-07,Canada,Furniture,12,918.44,11021.28
3200,2025-10-08,Canada,Food,12,556.22,6674.64
3201,2025-10-09,USA,Food,18,671.46,12086.28
3202,2025-10-10,Australia,Food,5,727.22,3636.1
3203,2025-10-11,UAE,Clothing,11,685.21,7537.31
3204,2025-10-12,Brazil,Sports,9,615.71,5541.39
3205,2025-10-13,Brazil,Sports,12,296.97,3563.64
3206,2025-10-14,France,Sports,3,408.85,1226.55
3207,2025-10-15,France,Food,5,279.82,1399.1
3208,2025-10-16,UAE,Electronics,5,192.44,962.2
3209,2025-10-17,UK,Sports,17,199.88,3397.96
3210,2025-10-18,India,Food,11,505.86,5564.46
3211,2025-10-19,USA,Clothing,16,377.13,6034.08
3212,2025-10-20,UK,Electronics,8,810.04,6480.32
3213,2025-10-21,Brazil,Furniture,9,673.74,6063.66
3214,2025-10-22,Japan,Electronics,19,605.33,11501.27
3215,2025-10-23,France,Furniture,3,38.0,114.0
3216,2025-10-24,Japan,Clothing,4,753.14,3012.56
3217,2025-10-25,UK,Electronics,9,889.61,8006.49
3218,2025-10-26,India,Furniture,10,310.01,3100.1
3219,2025-10-27,Canada,Electronics,19,750.39,14257.41
3220,2025-10-28,France,Food,20,382.69,7653.8
3221,2025-10-29,USA,Electronics,12,59.63,715.56
3222,2025-10-30,Japan,Sports,8,36.92,295.36
3223,2025-10-31,France,Furniture,4,967.31,3869.24
3224,2025-11-01,UK,Sports,13,513.47,6675.11
3225,2025-11-02,Japan,Clothing,14,739.78,10356.92
3226,2025-11-03,France,Electronics,13,471.91,6134.83
3227,2025-11-04,Canada,Food,6,555.85,3335.1
3228,2025-11-05,UAE,Sports,17,495.66,8426.22
3229,2025-11-06,UK,Clothing,17,921.53,15666.01
3230,2025-11-07,USA,Furniture,2,972.22,1944.44
3231,2025-11-08,Canada,Furniture,6,892.83,5356.98
3232,2025-11-09,UK,Furniture,6,93.27,559.62
3233,2025-11-10,France,Furniture,7,742.25,5195.75
3234,2025-11-11,UK,Food,7,699.53,4896.71
3235,2025-11-12,Australia,Electronics,16,32.8,524.8
3236,2025-11-13,Brazil,Electronics,11,912.65,10039.15
3237,2025-11-14,Germany,Food,12,533.74,6404.88
3238,2025-11-15,Australia,Clothing,14,697.22,9761.08
3239,2025-11-16,Germany,Electronics,7,72.72,509.04
3240,2025-11-17,France,Clothing,16,383.65,6138.4
3241,2025-11-18,India,Furniture,14,324.45,4542.3
3242,2025-11-19,Australia,Food,14,838.11,11733.54
3243,2025-11-20,Japan,Clothing,14,431.03,6034.42
3244,2025-11-21,France,Furniture,15,117.55,1763.25
3245,2025-11-22,Germany,Electronics,10,159.38,1593.8
3246,2025-11-23,UK,Electronics,8,788.07,6304.56
3247,2025-11-24,Germany,Food,10,194.52,1945.2
3248,2025-11-25,India,Furniture,10,720.76,7207.6
3249,2025-11-26,Japan,Furniture,14,499.38,6991.32
3250,2025-11-27,Japan,Electronics,16,485.47,7767.52
3251,2025-11-28,Japan,Sports,2,414.25,828.5
3252,2025-11-29,Brazil,Sports,14,309.76,4336.64
3253,2025-11-30,India,Electronics,2,650.81,1301.62
3254,2025-12-01,Australia,Food,8,107.02,856.16
3255,2025-12-02,UK,Furniture,9,954.97,8594.73
3256,2025-12-03,Germany,Clothing,8,38.46,307.68
3257,2025-12-04,UAE,Electronics,1,30.78,30.78
3258,2025-12-05,UK,Sports,9,137.46,1237.14
3259,2025-12-06,UAE,Clothing,3,569.44,1708.32
3260,2025-12-07,USA,Sports,20,910.38,18207.6
3261,2025-12-08,Japan,Sports,1,574.48,574.48
3262,2025-12-09,USA,Food,19,931.59,17700.21
3263,2025-12-10,Japan,Electronics,6,289.42,1736.52
3264,2025-12-11,UK,Electronics,12,439.82,5277.84
3265,2025-12-12,Brazil,Electronics,15,594.04,8910.6
3266,2025-12-13,Germany,Sports,17,938.65,15957.05
3267,2025-12-14,France,Electronics,12,292.14,3505.68
3268,2025-12-15,France,Electronics,9,580.64,5225.76
3269,2025-12-16,UK,Electronics,12,820.12,9841.44
3270,2025-12-17,UAE,Clothing,4,786.06,3144.24
3271,2025-12-18,France,Sports,4,861.53,3446.12
3272,2025-12-19,USA,Food,2,620.12,1240.24
3273,2025-12-20,USA,Sports,17,951.9,16182.3
3274,2025-12-21,UK,Food,10,204.21,2042.1
3275,2025-12-22,USA,Electronics,16,808.56,12936.96
3276,2025-12-23,Canada,Furniture,16,677.35,10837.6
3277,2025-12-24,Canada,Electronics,15,824.31,12364.65
3278,2025-12-25,Brazil,Furniture,13,271.99,3535.87
3279,2025-12-26,USA,Furniture,6,630.59,3783.54
3280,2025-12-27,Brazil,Clothing,7,952.11,6664.77
3281,2025-12-28,Canada,Electronics,1,161.5,161.5
3282,2025-12-29,UK,Sports,4,978.71,3914.84
3283,2025-12-30,France,Clothing,20,967.95,19359.0
3284,2025-12-31,Canada,Electronics,3,267.3,801.9
3285,2025-01-01,France,Food,4,934.23,3736.92
3286,2025-01-02,Australia,Clothing,4,784.61,3138.44
3287,2025-01-03,India,Electronics,12,294.34,3532.08
3288,2025-01-04,Brazil,Sports,8,502.57,4020.56
3289,2025-01-05,USA,Clothing,6,650.06,3900.36
3290,2025-01-06,UK,Clothing,2,327.11,654.22
3291,2025-01-07,France,Electronics,4,518.07,2072.28
3292,2025-01-08,Japan,Electronics,16,630.8,10092.8
3293,2025-01-09,UAE,Sports,3,974.39,2923.17
3294,2025-01-10,India,Furniture,19,267.7,5086.3
3295,2025-01-11,Japan,Furniture,19,607.21,11536.99
3296,2025-01-12,Brazil,Sports,7,470.42,3292.94
3297,2025-01-13,USA,Sports,1,851.35,851.35
3298,2025-01-14,France,Sports,6,790.95,4745.7
3299,2025-01-15,USA,Sports,13,582.85,7577.05
3300,2025-01-16,Japan,Electronics,5,592.3,2961.5
3301,2025-01-17,Canada,Electronics,5,361.99,1809.95
3302,2025-01-18,Germany,Food,3,831.1,2493.3
3303,2025-01-19,UAE,Sports,15,730.09,10951.35
3304,2025-01-20,Canada,Furniture,5,535.76,2678.8
3305,2025-01-21,Japan,Sports,10,435.64,4356.4
3306,2025-01-22,Canada,Furniture,8,165.67,1325.36
3307,2025-01-23,Canada,Electronics,2,491.56,983.12
3308,2025-01-24,Australia,Clothing,5,713.73,3568.65
3309,2025-01-25,Japan,Food,2,263.57,527.14
3310,2025-01-26,Germany,Food,16,892.91,14286.56
3311,2025-01-27,Germany,Food,4,404.58,1618.32
3312,2025-01-28,Japan,Electronics,4,308.63,1234.52
3313,2025-01-29,USA,Food,17,282.32,4799.44
3314,2025-01-30,India,Electronics,8,597.18,4777.44
3315,2025-01-31,UAE,Electronics,6,528.27,3169.62
3316,2025-02-01,Brazil,Electronics,19,454.76,8640.44
3317,2025-02-02,Australia,Furniture,16,667.18,10674.88
3318,2025-02-03,Germany,Sports,6,624.38,3746.28
3319,2025-02-04,France,Food,11,930.1,10231.1
3320,2025-02-05,Japan,Electronics,7,512.0,3584.0
3321,2025-02-06,UK,Food,8,533.62,4268.96
3322,2025-02-07,Japan,Furniture,6,947.75,5686.5
3323,2025-02-08,Japan,Sports,8,444.34,3554.72
3324,2025-02-09,UAE,Furniture,8,660.53,5284.24
3325,2025-02-10,Australia,Electronics,8,447.98,3583.84
3326,2025-02-11,France,Food,17,368.83,6270.11
3327,2025-02-12,UAE,Food,1,162.19,162.19
3328,2025-02-13,Brazil,Food,15,894.2,13413.0
3329,2025-02-14,USA,Electronics,19,901.98,17137.62
3330,2025-02-15,France,Electronics,13,647.12,8412.56
3331,2025-02-16,UK,Electronics,3,467.16,1401.48
3332,2025-02-17,Japan,Furniture,20,834.29,16685.8
3333,2025-02-18,India,Electronics,11,345.37,3799.07
3334,2025-02-19,Canada,Electronics,14,927.69,12987.66
3335,2025-02-20,Canada,Food,2,167.61,335.22
3336,2025-02-21,USA,Sports,19,272.22,5172.18
3337,2025-02-22,Australia,Sports,8,312.64,2501.12
3338,2025-02-23,India,Food,4,401.29,1605.16
3339,2025-02-24,Canada,Food,2,779.51,1559.02
3340,2025-02-25,Japan,Clothing,15,126.6,1899.0
3341,2025-02-26,France,Food,11,948.9,10437.9
3342,2025-02-27,France,Furniture,12,423.04,5076.48
3343,2025-02-28,France,Electronics,15,261.44,3921.6
3344,2025-03-01,UK,Sports,1,733.1,733.1
3345,2025-03-02,Japan,Electronics,16,202.67,3242.72
3346,2025-03-03,Canada,Sports,14,147.55,2065.7
3347,2025-03-04,UK,Furniture,4,546.78,2187.12
3348,2025-03-05,UAE,Food,6,229.96,1379.76
3349,2025-03-06,USA,Food,20,86.61,1732.2
3350,2025-03-07,France,Food,1,492.96,492.96
3351,2025-03-08,Germany,Clothing,10,416.74,4167.4
3352,2025-03-09,India,Furniture,14,846.53,11851.42
3353,2025-03-10,UAE,Sports,1,346.95,346.95
3354,2025-03-11,Australia,Sports,1,788.17,788.17
3355,2025-03-12,Canada,Food,15,378.81,5682.15
3356,2025-03-13,UAE,Furniture,3,34.09,102.27
3357,2025-03-14,India,Furniture,9,243.04,2187.36
3358,2025-03-15,India,Food,17,278.33,4731.61
3359,2025-03-16,Germany,Electronics,5,70.57,352.85
3360,2025-03-17,Germany,Clothing,13,717.17,9323.21
3361,2025-03-18,Canada,Food,9,260.37,2343.33
3362,2025-03-19,Germany,Sports,13,769.43,10002.59
3363,2025-03-20,Germany,Sports,15,13.56,203.4
3364,2025-03-21,USA,Electronics,6,677.63,4065.78
3365,2025-03-22,UAE,Food,5,697.63,3488.15
3366,2025-03-23,Brazil,Food,2,71.53,143.06
3367,2025-03-24,Canada,Sports,9,686.24,6176.16
3368,2025-03-25,Germany,Electronics,7,619.1,4333.7
3369,2025-03-26,UAE,Sports,6,411.13,2466.78
3370,2025-03-27,UK,Clothing,11,177.17,1948.87
3371,2025-03-28,UAE,Food,1,426.13,426.13
3372,2025-03-29,UK,Sports,16,13.25,212.0
3373,2025-03-30,USA,Electronics,2,264.53,529.06
3374,2025-03-31,USA,Food,4,878.7,3514.8
3375,2025-04-01,Australia,Food,10,836.67,8366.7
3376,2025-04-02,UAE,Clothing,6,504.37,3026.22
3377,2025-04-03,Brazil,Sports,3,302.21,906.63
3378,2025-04-04,UAE,Electronics,5,183.85,919.25
3379,2025-04-05,UK,Sports,12,115.03,1380.36
3380,2025-04-06,Germany,Clothing,17,583.26,9915.42
3381,2025-04-07,Australia,Sports,13,308.96,4016.48
3382,2025-04-08,Japan,Clothing,9,480.69,4326.21
3383,2025-04-09,UK,Clothing,11,470.59,5176.49
3384,2025-04-10,Brazil,Sports,13,570.43,7415.59
3385,2025-04-11,UK,Electronics,19,755.67,14357.73
3386,2025-04-12,France,Furniture,10,34.79,347.9
3387,2025-04-13,France,Furniture,6,665.91,3995.46
3388,2025-04-14,Australia,Food,2,108.7,217.4
3389,2025-04-15,Canada,Furniture,1,89.11,89.11
3390,2025-04-16,UK,Clothing,20,724.76,14495.2
3391,2025-04-17,Canada,Sports,14,226.88,3176.32
3392,2025-04-18,UK,Sports,7,595.83,4170.81
3393,2025-04-19,Japan,Food,20,928.36,18567.2
3394,2025-04-20,Brazil,Sports,9,658.42,5925.78
3395,2025-04-21,Brazil,Food,18,42.33,761.94
3396,2025-04-22,Germany,Sports,10,118.93,1189.3
3397,2025-04-23,India,Clothing,9,974.89,8774.01
3398,2025-04-24,Australia,Electronics,20,850.03,17000.6
3399,2025-04-25,Canada,Furniture,15,623.52,9352.8
3400,2025-04-26,Canada,Clothing,1,720.18,720.18
3401,2025-04-27,France,Furniture,10,198.7,1987.0
3402,2025-04-28,India,Sports,9,172.91,1556.19
3403,2025-04-29,Brazil,Electronics,11,585.66,6442.26
3404,2025-04-30,Canada,Furniture,2,881.14,1762.28
3405,2025-05-01,USA,Clothing,12,665.65,7987.8
3406,2025-05-02,France,Sports,7,696.48,4875.36
3407,2025-05-03,UAE,Electronics,15,635.89,9538.35
3408,2025-05-04,UK,Sports,6,767.94,4607.64
3409,2025-05-05,Australia,Electronics,2,41.34,82.68
3410,2025-05-06,Germany,Clothing,20,192.28,3845.6
3411,2025-05-07,Germany,Electronics,5,984.25,4921.25
3412,2025-05-08,UK,Electronics,12,283.68,3404.16
3413,2025-05-09,Brazil,Clothing,18,196.43,3535.74
3414,2025-05-10,UK,Furniture,9,81.74,735.66
3415,2025-05-11,UK,Furniture,9,815.29,7337.61
3416,2025-05-12,UAE,Furniture,15,29.51,442.65
3417,2025-05-13,USA,Sports,3,603.26,1809.78
3418,2025-05-14,Australia,Sports,14,841.4,11779.6
3419,2025-05-15,Germany,Clothing,3,40.2,120.6
3420,2025-05-16,France,Electronics,6,657.02,3942.12
3421,2025-05-17,Japan,Sports,4,263.01,1052.04
3422,2025-05-18,UK,Sports,2,14.89,29.78
3423,2025-05-19,Japan,Food,2,71.86,143.72
3424,2025-05-20,UK,Sports,2,844.66,1689.32
3425,2025-05-21,India,Furniture,14,138.16,1934.24
3426,2025-05-22,France,Sports,12,534.94,6419.28
3427,2025-05-23,UAE,Furniture,16,562.46,8999.36
3428,2025-05-24,India,Electronics,4,807.11,3228.44
3429,2025-05-25,UK,Sports,2,385.23,770.46
3430,2025-05-26,Australia,Sports,16,945.74,15131.84
3431,2025-05-27,UK,Clothing,8,609.61,4876.88
3432,2025-05-28,Germany,Electronics,3,752.06,2256.18
3433,2025-05-29,UAE,Food,3,558.69,1676.07
3434,2025-05-30,India,Clothing,5,406.62,2033.1
3435,2025-05-31,UAE,Sports,6,731.54,4389.24
3436,2025-06-01,Australia,Electronics,15,774.5,11617.5
3437,2025-06-02,France,Electronics,5,981.82,4909.1
3438,2025-06-03,UAE,Electronics,1,984.1,984.1
3439,2025-06-04,UK,Food,3,95.07,285.21
3440,2025-06-05,UK,Food,15,784.12,11761.8
3441,2025-06-06,France,Clothing,2,775.37,1550.74
3442,2025-06-07,USA,Clothing,13,75.23,977.99
3443,2025-06-08,Germany,Sports,2,304.11,608.22
3444,2025-06-09,France,Electronics,14,153.86,2154.04
3445,2025-06-10,UAE,Furniture,2,277.52,555.04
3446,2025-06-11,Canada,Furniture,12,167.97,2015.64
3447,2025-06-12,India,Furniture,15,367.75,5516.25
3448,2025-06-13,Australia,Electronics,20,77.95,1559.0
3449,2025-06-14,Brazil,Sports,17,344.92,5863.64
3450,2025-06-15,Brazil,Food,5,658.78,3293.9
3451,2025-06-16,France,Food,2,459.31,918.62
3452,2025-06-17,Australia,Sports,3,892.51,2677.53
3453,2025-06-18,Canada,Electronics,9,612.46,5512.14
3454,2025-06-19,USA,Electronics,10,186.89,1868.9
3455,2025-06-20,Australia,Clothing,15,739.11,11086.65
3456,2025-06-21,Germany,Clothing,3,618.75,1856.25
3457,2025-06-22,Brazil,Electronics,17,799.74,13595.58
3458,2025-06-23,Canada,Sports,6,687.95,4127.7
3459,2025-06-24,USA,Sports,19,873.54,16597.26
3460,2025-06-25,Canada,Furniture,4,124.26,497.04
3461,2025-06-26,Canada,Electronics,3,831.42,2494.26
3462,2025-06-27,Australia,Sports,3,278.18,834.54
3463,2025-06-28,Brazil,Electronics,7,394.19,2759.33
3464,2025-06-29,USA,Food,5,769.22,3846.1
3465,2025-06-30,Germany,Sports,5,59.58,297.9
3466,2025-07-01,France,Electronics,11,536.7,5903.7
3467,2025-07-02,Japan,Food,16,396.43,6342.88
3468,2025-07-03,Japan,Furniture,17,530.64,9020.88
3469,2025-07-04,UAE,Clothing,8,270.63,2165.04
3470,2025-07-05,USA,Clothing,4,92.98,371.92
3471,2025-07-06,France,Food,11,901.32,9914.52
3472,2025-07-07,Brazil,Sports,16,224.71,3595.36
3473,2025-07-08,USA,Electronics,17,244.71,4160.07
3474,2025-07-09,USA,Sports,2,451.43,902.86
3475,2025-07-10,Japan,Electronics,7,486.31,3404.17
3476,2025-07-11,UAE,Clothing,13,328.27,4267.51
3477,2025-07-12,Germany,Clothing,9,745.03,6705.27
3478,2025-07-13,Australia,Clothing,18,960.11,17281.98
3479,2025-07-14,Australia,Food,8,261.66,2093.28
3480,2025-07-15,Canada,Sports,12,474.91,5698.92
3481,2025-07-16,Australia,Clothing,5,758.29,3791.45
3482,2025-07-17,Canada,Furniture,14,586.64,8212.96
3483,2025-07-18,UAE,Sports,11,681.49,7496.39
3484,2025-07-19,France,Food,1,757.42,757.42
3485,2025-07-20,UK,Sports,10,452.68,4526.8
3486,2025-07-21,Germany,Sports,19,904.69,17189.11
3487,2025-07-22,Australia,Furniture,12,693.73,8324.76
3488,2025-07-23,Brazil,Clothing,7,721.21,5048.47
3489,2025-07-24,Australia,Sports,16,532.07,8513.12
3490,2025-07-25,UK,Sports,6,883.75,5302.5
3491,2025-07-26,UK,Clothing,19,74.41,1413.79
3492,2025-07-27,Brazil,Clothing,14,988.63,13840.82
3493,2025-07-28,India,Furniture,9,137.37,1236.33
3494,2025-07-29,Canada,Furniture,12,76.33,915.96
3495,2025-07-30,Australia,Furniture,12,253.96,3047.52
3496,2025-07-31,India,Food,6,846.84,5081.04
3497,2025-08-01,Australia,Furniture,7,895.52,6268.64
3498,2025-08-02,Canada,Clothing,17,444.45,7555.65
3499,2025-08-03,Brazil,Furniture,20,127.26,2545.2
3500,2025-08-04,USA,Electronics,8,72.81,582.48
3501,2025-08-05,India,Food,20,67.36,1347.2
3502,2025-08-06,France,Sports,7,485.73,3400.11
3503,2025-08-07,Brazil,Food,18,865.81,15584.58
3504,2025-08-08,Japan,Electronics,12,148.5,1782.0
3505,2025-08-09,Brazil,Electronics,14,924.82,12947.48
3506,2025-08-10,France,Food,20,367.09,7341.8
3507,2025-08-11,Canada,Furniture,17,31.32,532.44
3508,2025-08-12,Germany,Sports,5,862.42,4312.1
3509,2025-08-13,Japan,Electronics,10,769.17,7691.7
3510,2025-08-14,France,Electronics,17,377.02,6409.34
3511,2025-08-15,Brazil,Clothing,13,505.17,6567.21
3512,2025-08-16,Brazil,Food,14,554.51,7763.14
3513,2025-08-17,Brazil,Sports,3,698.03,2094.09
3514,2025-08-18,USA,Clothing,17,628.73,10688.41
3515,2025-08-19,India,Sports,3,42.12,126.36
3516,2025-08-20,Australia,Furniture,15,483.09,7246.35
3517,2025-08-21,USA,Food,6,307.91,1847.46
3518,2025-08-22,UK,Electronics,11,396.58,4362.38
3519,2025-08-23,Australia,Electronics,7,936.72,6557.04
3520,2025-08-24,Japan,Sports,2,562.13,1124.26
3521,2025-08-25,UK,Sports,19,654.2,12429.8
3522,2025-08-26,Germany,Electronics,13,765.45,9950.85
3523,2025-08-27,Australia,Clothing,12,441.23,5294.76
3524,2025-08-28,Brazil,Clothing,19,437.14,8305.66
3525,2025-08-29,India,Clothing,1,424.44,424.44
3526,2025-08-30,Brazil,Sports,10,194.63,1946.3
3527,2025-08-31,Japan,Food,4,91.99,367.96
3528,2025-09-01,UAE,Food,11,703.18,7734.98
3529,2025-09-02,Japan,Electronics,8,716.55,5732.4
3530,2025-09-03,Japan,Sports,3,536.91,1610.73
3531,2025-09-04,USA,Food,4,271.77,1087.08
3532,2025-09-05,Germany,Food,2,893.79,1787.58
3533,2025-09-06,Germany,Food,18,867.66,15617.88
3534,2025-09-07,Brazil,Furniture,11,818.98,9008.78
3535,2025-09-08,India,Clothing,1,395.49,395.49
3536,2025-09-09,USA,Electronics,19,52.34,994.46
3537,2025-09-10,Canada,Electronics,7,390.19,2731.33
3538,2025-09-11,Brazil,Furniture,20,506.58,10131.6
3539,2025-09-12,Canada,Food,11,736.82,8105.02
3540,2025-09-13,Canada,Food,10,428.36,4283.6
3541,2025-09-14,UK,Sports,11,878.56,9664.16
3542,2025-09-15,UAE,Furniture,6,671.73,4030.38
3543,2025-09-16,India,Clothing,13,669.48,8703.24
3544,2025-09-17,USA,Clothing,5,921.15,4605.75
3545,2025-09-18,India,Food,8,643.66,5149.28
3546,2025-09-19,Japan,Sports,19,744.62,14147.78
3547,2025-09-20,Canada,Furniture,14,365.94,5123.16
3548,2025-09-21,UAE,Food,7,857.27,6000.89
3549,2025-09-22,Australia,Sports,16,487.14,7794.24
3550,2025-09-23,UAE,Electronics,17,759.19,12906.23
3551,2025-09-24,Canada,Electronics,2,118.0,236.0
3552,2025-09-25,India,Sports,17,26.54,451.18
3553,2025-09-26,Brazil,Food,14,472.91,6620.74
3554,2025-09-27,Brazil,Furniture,9,987.79,8890.11
3555,2025-09-28,Australia,Furniture,2,719.02,1438.04
3556,2025-09-29,UAE,Electronics,7,342.36,2396.52
3557,2025-09-30,Japan,Clothing,16,341.01,5456.16
3558,2025-10-01,Japan,Clothing,4,53.74,214.96
3559,2025-10-02,Germany,Clothing,11,896.1,9857.1
3560,2025-10-03,USA,Furniture,7,518.98,3632.86
3561,2025-10-04,USA,Sports,3,344.78,1034.34
3562,2025-10-05,India,Food,7,137.71,963.97
3563,2025-10-06,Japan,Food,8,87.68,701.44
3564,2025-10-07,USA,Furniture,20,432.62,8652.4
3565,2025-10-08,UAE,Electronics,16,118.55,1896.8
3566,2025-10-09,Germany,Electronics,18,693.15,12476.7
3567,2025-10-10,Australia,Food,18,538.24,9688.32
3568,2025-10-11,Canada,Sports,17,968.55,16465.35
3569,2025-10-12,Australia,Food,3,441.4,1324.2
3570,2025-10-13,USA,Electronics,17,70.84,1204.28
3571,2025-10-14,Australia,Sports,9,199.22,1792.98
3572,2025-10-15,USA,Clothing,5,759.53,3797.65
3573,2025-10-16,France,Clothing,11,959.1,10550.1
3574,2025-10-17,Canada,Clothing,1,917.66,917.66
3575,2025-10-18,Australia,Clothing,4,532.55,2130.2
3576,2025-10-19,USA,Furniture,13,27.29,354.77
3577,2025-10-20,USA,Clothing,5,593.52,2967.6
3578,2025-10-21,Australia,Furniture,10,339.1,3391.0
3579,2025-10-22,Brazil,Furniture,1,617.4,617.4
3580,2025-10-23,India,Electronics,3,63.86,191.58
3581,2025-10-24,UK,Furniture,15,217.81,3267.15
3582,2025-10-25,Germany,Electronics,10,406.16,4061.6
3583,2025-10-26,Australia,Food,6,872.27,5233.62
3584,2025-10-27,UK,Sports,17,352.6,5994.2
3585,2025-10-28,France,Furniture,4,987.97,3951.88
3586,2025-10-29,Canada,Clothing,9,566.87,5101.83
3587,2025-10-30,USA,Food,20,893.48,17869.6
3588,2025-10-31,Australia,Sports,3,651.66,1954.98
3589,2025-11-01,Australia,Sports,6,959.48,5756.88
3590,2025-11-02,France,Food,11,468.02,5148.22
3591,2025-11-03,Japan,Furniture,6,445.73,2674.38
3592,2025-11-04,Canada,Clothing,14,663.81,9293.34
3593,2025-11-05,UK,Food,7,86.5,605.5
3594,2025-11-06,UAE,Furniture,3,697.73,2093.19
3595,2025-11-07,Canada,Electronics,3,364.0,1092.0
3596,2025-11-08,Australia,Electronics,2,515.8,1031.6
3597,2025-11-09,UK,Electronics,12,244.17,2930.04
3598,2025-11-10,Brazil,Food,6,552.47,3314.82
3599,2025-11-11,UK,Sports,3,901.39,2704.17
3600,2025-11-12,Australia,Furniture,7,424.94,2974.58
3601,2025-11-13,India,Sports,6,277.05,1662.3
3602,2025-11-14,USA,Clothing,13,874.13,11363.69
3603,2025-11-15,USA,Food,12,435.46,5225.52
3604,2025-11-16,UK,Electronics,10,967.2,9672.0
3605,2025-11-17,UK,Clothing,10,770.22,7702.2
3606,2025-11-18,UK,Sports,6,447.56,2685.36
3607,2025-11-19,Canada,Clothing,20,772.95,15459.0
3608,2025-11-20,UAE,Clothing,8,498.59,3988.72
3609,2025-11-21,India,Sports,15,83.29,1249.35
3610,2025-11-22,UAE,Furniture,3,529.74,1589.22
3611,2025-11-23,Japan,Furniture,13,606.13,7879.69
3612,2025-11-24,Japan,Sports,19,722.67,13730.73
3613,2025-11-25,UK,Electronics,19,720.41,13687.79
3614,2025-11-26,Canada,Electronics,18,59.75,1075.5
3615,2025-11-27,Canada,Furniture,13,539.13,7008.69
3616,2025-11-28,UK,Electronics,10,950.16,9501.6
3617,2025-11-29,France,Food,13,237.68,3089.84
3618,2025-11-30,Japan,Electronics,2,323.31,646.62
3619,2025-12-01,France,Furniture,19,181.59,3450.21
3620,2025-12-02,France,Electronics,13,402.11,5227.43
3621,2025-12-03,USA,Furniture,4,901.05,3604.2
3622,2025-12-04,France,Furniture,5,225.57,1127.85
3623,2025-12-05,UK,Furniture,7,280.41,1962.87
3624,2025-12-06,France,Electronics,9,709.32,6383.88
3625,2025-12-07,Australia,Food,9,881.92,7937.28
3626,2025-12-08,France,Electronics,8,117.78,942.24
3627,2025-12-09,Australia,Electronics,19,964.35,18322.65
3628,2025-12-10,Australia,Electronics,9,965.82,8692.38
3629,2025-12-11,Canada,Clothing,19,390.01,7410.19
3630,2025-12-12,UAE,Food,12,36.3,435.6
3631,2025-12-13,Brazil,Furniture,20,810.26,16205.2
3632,2025-12-14,India,Sports,2,824.87,1649.74
3633,2025-12-15,USA,Clothing,5,948.74,4743.7
3634,2025-12-16,Australia,Clothing,1,621.93,621.93
3635,2025-12-17,Canada,Food,18,171.07,3079.26
3636,2025-12-18,Australia,Clothing,5,957.88,4789.4
3637,2025-12-19,France,Food,12,296.81,3561.72
3638,2025-12-20,Australia,Sports,7,904.21,6329.47
3639,2025-12-21,Canada,Clothing,8,104.92,839.36
3640,2025-12-22,Japan,Furniture,7,309.08,2163.56
3641,2025-12-23,Canada,Furniture,12,890.25,10683.0
3642,2025-12-24,Germany,Food,5,718.44,3592.2
3643,2025-12-25,France,Food,2,284.54,569.08
3644,2025-12-26,Japan,Clothing,2,421.45,842.9
3645,2025-12-27,Japan,Clothing,11,351.88,3870.68
3646,2025-12-28,UK,Food,2,572.56,1145.12
3647,2025-12-29,UK,Electronics,2,174.16,348.32
3648,2025-12-30,USA,Electronics,5,652.03,3260.15
3649,2025-12-31,Japan,Electronics,11,535.49,5890.39
3650,2025-01-01,USA,Food,15,628.74,9431.1
3651,2025-01-02,France,Electronics,14,662.2,9270.8
3652,2025-01-03,Japan,Food,11,94.86,1043.46
3653,2025-01-04,UK,Sports,11,660.95,7270.45
3654,2025-01-05,USA,Furniture,19,108.07,2053.33
3655,2025-01-06,Germany,Electronics,14,644.23,9019.22
3656,2025-01-07,India,Sports,17,995.88,16929.96
3657,2025-01-08,India,Sports,17,404.87,6882.79
3658,2025-01-09,Japan,Furniture,20,213.4,4268.0
3659,2025-01-10,India,Food,14,923.9,12934.6
3660,2025-01-11,India,Sports,18,447.48,8054.64
3661,2025-01-12,France,Food,2,364.77,729.54
3662,2025-01-13,UAE,Clothing,10,758.66,7586.6
3663,2025-01-14,Australia,Clothing,7,864.74,6053.18
3664,2025-01-15,USA,Food,18,558.3,10049.4
3665,2025-01-16,France,Furniture,16,190.15,3042.4
3666,2025-01-17,UK,Food,6,470.84,2825.04
3667,2025-01-18,France,Food,2,921.72,1843.44
3668,2025-01-19,Canada,Sports,13,898.25,11677.25
3669,2025-01-20,France,Sports,1,409.03,409.03
3670,2025-01-21,Germany,Furniture,14,960.86,13452.04
3671,2025-01-22,Australia,Electronics,3,920.79,2762.37
3672,2025-01-23,UK,Food,12,478.21,5738.52
3673,2025-01-24,Australia,Furniture,19,825.44,15683.36
3674,2025-01-25,Canada,Food,12,483.3,5799.6
3675,2025-01-26,India,Food,15,765.64,11484.6
3676,2025-01-27,Japan,Sports,13,550.87,7161.31
3677,2025-01-28,Australia,Sports,3,676.11,2028.33
3678,2025-01-29,USA,Clothing,1,773.33,773.33
3679,2025-01-30,Australia,Furniture,13,33.0,429.0
3680,2025-01-31,UAE,Sports,8,980.18,7841.44
3681,2025-02-01,Germany,Furniture,13,370.2,4812.6
3682,2025-02-02,Brazil,Clothing,18,721.14,12980.52
3683,2025-02-03,USA,Furniture,5,249.88,1249.4
3684,2025-02-04,Japan,Food,11,345.93,3805.23
3685,2025-02-05,Australia,Sports,7,188.35,1318.45
3686,2025-02-06,Germany,Clothing,4,443.17,1772.68
3687,2025-02-07,Australia,Clothing,18,607.91,10942.38
3688,2025-02-08,Australia,Furniture,2,950.34,1900.68
3689,2025-02-09,India,Clothing,7,737.59,5163.13
3690,2025-02-10,Germany,Sports,15,264.24,3963.6
3691,2025-02-11,UK,Clothing,8,625.04,5000.32
3692,2025-02-12,UK,Furniture,18,603.89,10870.02
3693,2025-02-13,Brazil,Furniture,4,755.13,3020.52
3694,2025-02-14,UK,Clothing,4,672.51,2690.04
3695,2025-02-15,Germany,Electronics,20,942.54,18850.8
3696,2025-02-16,Japan,Electronics,19,786.67,14946.73
3697,2025-02-17,UK,Food,19,467.58,8884.02
3698,2025-02-18,UAE,Furniture,14,862.67,12077.38
3699,2025-02-19,USA,Electronics,4,907.01,3628.04
3700,2025-02-20,USA,Clothing,2,177.37,354.74
3701,2025-02-21,Germany,Clothing,20,871.28,17425.6
3702,2025-02-22,India,Furniture,5,762.0,3810.0
3703,2025-02-23,Australia,Food,11,649.76,7147.36
3704,2025-02-24,UAE,Sports,1,963.54,963.54
3705,2025-02-25,UK,Electronics,16,363.1,5809.6
3706,2025-02-26,UAE,Food,18,349.2,6285.6
3707,2025-02-27,USA,Food,6,199.49,1196.94
3708,2025-02-28,Germany,Sports,6,239.74,1438.44
3709,2025-03-01,UK,Sports,15,14.93,223.95
3710,2025-03-02,Japan,Electronics,7,801.07,5607.49
3711,2025-03-03,Japan,Clothing,18,689.32,12407.76
3712,2025-03-04,USA,Clothing,18,421.69,7590.42
3713,2025-03-05,UK,Electronics,11,277.29,3050.19
3714,2025-03-06,UAE,Furniture,16,794.53,12712.48
3715,2025-03-07,Canada,Furniture,19,421.61,8010.59
3716,2025-03-08,UAE,Furniture,5,555.05,2775.25
3717,2025-03-09,India,Furniture,13,225.48,2931.24
3718,2025-03-10,UK,Food,11,348.49,3833.39
3719,2025-03-11,Brazil,Electronics,18,253.68,4566.24
3720,2025-03-12,Canada,Sports,2,530.97,1061.94
3721,2025-03-13,UAE,Electronics,2,486.88,973.76
3722,2025-03-14,Brazil,Furniture,20,940.82,18816.4
3723,2025-03-15,Canada,Sports,5,249.3,1246.5
3724,2025-03-16,Australia,Food,3,233.4,700.2
3725,2025-03-17,Brazil,Furniture,18,280.55,5049.9
3726,2025-03-18,Australia,Food,15,92.63,1389.45
3727,2025-03-19,Germany,Food,12,964.21,11570.52
3728,2025-03-20,USA,Clothing,3,896.32,2688.96
3729,2025-03-21,UAE,Furniture,18,982.44,17683.92
3730,2025-03-22,Japan,Furniture,19,636.38,12091.22
3731,2025-03-23,UK,Sports,20,318.1,6362.0
3732,2025-03-24,Brazil,Sports,6,713.67,4282.02
3733,2025-03-25,UAE,Food,17,554.73,9430.41
3734,2025-03-26,UK,Sports,18,360.97,6497.46
3735,2025-03-27,Brazil,Electronics,19,228.34,4338.46
3736,2025-03-28,UAE,Electronics,20,23.81,476.2
3737,2025-03-29,Germany,Clothing,3,265.87,797.61
3738,2025-03-30,India,Furniture,9,735.71,6621.39
3739,2025-03-31,Brazil,Food,5,638.49,3192.45
3740,2025-04-01,USA,Electronics,19,795.93,15122.67
3741,2025-04-02,Brazil,Food,1,135.79,135.79
3742,2025-04-03,Australia,Electronics,12,839.67,10076.04
3743,2025-04-04,India,Clothing,3,195.28,585.84
3744,2025-04-05,France,Electronics,17,120.67,2051.39
3745,2025-04-06,Australia,Furniture,14,644.83,9027.62
3746,2025-04-07,India,Food,16,31.67,506.72
3747,2025-04-08,Japan,Sports,19,59.21,1124.99
3748,2025-04-09,Germany,Food,9,556.42,5007.78
3749,2025-04-10,Australia,Clothing,17,423.5,7199.5
3750,2025-04-11,India,Furniture,5,963.31,4816.55
3751,2025-04-12,UK,Electronics,2,226.14,452.28
3752,2025-04-13,UAE,Furniture,5,18.61,93.05
3753,2025-04-14,India,Electronics,5,90.26,451.3
3754,2025-04-15,Germany,Electronics,5,582.59,2912.95
3755,2025-04-16,UK,Clothing,10,548.88,5488.8
3756,2025-04-17,USA,Electronics,7,381.55,2670.85
3757,2025-04-18,Brazil,Sports,5,882.23,4411.15
3758,2025-04-19,UAE,Furniture,17,130.58,2219.86
3759,2025-04-20,UAE,Sports,16,880.59,14089.44
3760,2025-04-21,UAE,Furniture,10,857.23,8572.3
3761,2025-04-22,India,Electronics,11,883.9,9722.9
3762,2025-04-23,Brazil,Electronics,9,418.23,3764.07
3763,2025-04-24,UK,Sports,18,941.35,16944.3
3764,2025-04-25,Brazil,Clothing,13,269.64,3505.32
3765,2025-04-26,Brazil,Food,20,116.95,2339.0
3766,2025-04-27,Brazil,Electronics,8,884.97,7079.76
3767,2025-04-28,France,Clothing,7,815.2,5706.4
3768,2025-04-29,Brazil,Food,13,998.33,12978.29
3769,2025-04-30,Germany,Furniture,8,821.32,6570.56
3770,2025-05-01,Australia,Furniture,16,741.3,11860.8
3771,2025-05-02,France,Furniture,9,692.02,6228.18
3772,2025-05-03,Germany,Sports,17,360.26,6124.42
3773,2025-05-04,Germany,Food,15,938.47,14077.05
3774,2025-05-05,France,Electronics,19,156.06,2965.14
3775,2025-05-06,France,Clothing,1,591.51,591.51
3776,2025-05-07,India,Sports,10,734.12,7341.2
3777,2025-05-08,France,Sports,16,614.14,9826.24
3778,2025-05-09,Brazil,Clothing,1,199.49,199.49
3779,2025-05-10,Brazil,Sports,4,612.15,2448.6
3780,2025-05-11,Japan,Furniture,10,835.39,8353.9
3781,2025-05-12,UK,Sports,18,497.07,8947.26
3782,2025-05-13,Canada,Furniture,6,367.14,2202.84
3783,2025-05-14,Germany,Electronics,6,538.53,3231.18
3784,2025-05-15,Japan,Furniture,8,64.08,512.64
3785,2025-05-16,Australia,Electronics,14,998.61,13980.54
3786,2025-05-17,UAE,Sports,2,262.25,524.5
3787,2025-05-18,France,Sports,1,594.08,594.08
3788,2025-05-19,Japan,Furniture,19,365.49,6944.31
3789,2025-05-20,France,Electronics,16,894.9,14318.4
3790,2025-05-21,Japan,Electronics,16,444.02,7104.32
3791,2025-05-22,Australia,Furniture,18,235.04,4230.72
3792,2025-05-23,France,Food,2,447.74,895.48
3793,2025-05-24,UAE,Sports,11,140.01,1540.11
3794,2025-05-25,India,Clothing,16,593.94,9503.04
3795,2025-05-26,Japan,Clothing,5,19.84,99.2
3796,2025-05-27,USA,Electronics,20,622.65,12453.0
3797,2025-05-28,UAE,Furniture,12,20.59,247.08
3798,2025-05-29,Australia,Electronics,7,945.1,6615.7
3799,2025-05-30,Brazil,Furniture,13,599.27,7790.51
3800,2025-05-31,Brazil,Clothing,13,390.48,5076.24
3801,2025-06-01,Brazil,Furniture,16,92.42,1478.72
3802,2025-06-02,UK,Food,19,857.03,16283.57
3803,2025-06-03,Japan,Sports,20,852.93,17058.6
3804,2025-06-04,Brazil,Sports,9,334.86,3013.74
3805,2025-06-05,Australia,Food,5,253.73,1268.65
3806,2025-06-06,Australia,Electronics,4,337.94,1351.76
3807,2025-06-07,UK,Sports,1,629.61,629.61
3808,2025-06-08,France,Food,15,920.21,13803.15
3809,2025-06-09,France,Food,2,884.63,1769.26
3810,2025-06-10,UAE,Clothing,12,10.53,126.36
3811,2025-06-11,Germany,Electronics,9,487.13,4384.17
3812,2025-06-12,France,Food,18,656.69,11820.42
3813,2025-06-13,Germany,Clothing,13,722.98,9398.74
3814,2025-06-14,UK,Electronics,6,707.62,4245.72
3815,2025-06-15,USA,Food,18,326.57,5878.26
3816,2025-06-16,Japan,Electronics,12,54.92,659.04
3817,2025-06-17,USA,Clothing,20,988.97,19779.4
3818,2025-06-18,Germany,Electronics,9,823.43,7410.87
3819,2025-06-19,Australia,Clothing,1,24.84,24.84
3820,2025-06-20,Japan,Electronics,2,963.97,1927.94
3821,2025-06-21,Brazil,Sports,5,731.48,3657.4
3822,2025-06-22,Germany,Electronics,16,313.96,5023.36
3823,2025-06-23,USA,Electronics,3,545.09,1635.27
3824,2025-06-24,India,Sports,9,714.63,6431.67
3825,2025-06-25,USA,Clothing,5,880.76,4403.8
3826,2025-06-26,France,Food,4,71.6,286.4
3827,2025-06-27,Canada,Clothing,10,783.28,7832.8
3828,2025-06-28,Canada,Food,19,840.73,15973.87
3829,2025-06-29,India,Food,1,620.15,620.15
3830,2025-06-30,UAE,Furniture,3,166.73,500.19
3831,2025-07-01,Brazil,Clothing,15,314.21,4713.15
3832,2025-07-02,Australia,Furniture,15,711.55,10673.25
3833,2025-07-03,UK,Clothing,9,593.19,5338.71
3834,2025-07-04,Australia,Electronics,10,951.29,9512.9
3835,2025-07-05,Australia,Furniture,20,532.18,10643.6
3836,2025-07-06,Australia,Furniture,20,495.02,9900.4
3837,2025-07-07,France,Furniture,17,684.27,11632.59
3838,2025-07-08,Japan,Sports,6,533.2,3199.2
3839,2025-07-09,USA,Furniture,7,663.23,4642.61
3840,2025-07-10,UAE,Sports,3,637.01,1911.03
3841,2025-07-11,Brazil,Clothing,2,33.48,66.96
3842,2025-07-12,Japan,Clothing,3,639.69,1919.07
3843,2025-07-13,UAE,Clothing,3,207.68,623.04
3844,2025-07-14,Australia,Sports,5,551.86,2759.3
3845,2025-07-15,Australia,Clothing,7,552.85,3869.95
3846,2025-07-16,Australia,Food,11,165.45,1819.95
3847,2025-07-17,Japan,Electronics,19,359.25,6825.75
3848,2025-07-18,Canada,Food,11,15.49,170.39
3849,2025-07-19,UAE,Food,17,729.98,12409.66
3850,2025-07-20,Germany,Sports,4,319.32,1277.28
3851,2025-07-21,UAE,Furniture,15,532.35,7985.25
3852,2025-07-22,Japan,Clothing,8,105.28,842.24
3853,2025-07-23,Germany,Clothing,3,24.49,73.47
3854,2025-07-24,Japan,Sports,17,872.87,14838.79
3855,2025-07-25,Japan,Furniture,11,877.61,9653.71
3856,2025-07-26,UAE,Food,18,446.43,8035.74
3857,2025-07-27,Canada,Food,6,879.95,5279.7
3858,2025-07-28,USA,Furniture,13,142.66,1854.58
3859,2025-07-29,USA,Furniture,15,987.33,14809.95
3860,2025-07-30,Japan,Electronics,4,967.09,3868.36
3861,2025-07-31,India,Furniture,5,134.23,671.15
3862,2025-08-01,Japan,Electronics,11,195.07,2145.77
3863,2025-08-02,Canada,Sports,13,317.55,4128.15
3864,2025-08-03,Brazil,Sports,5,336.12,1680.6
3865,2025-08-04,UK,Furniture,14,632.53,8855.42
3866,2025-08-05,Australia,Food,10,104.47,1044.7
3867,2025-08-06,UK,Food,2,88.26,176.52
3868,2025-08-07,Japan,Sports,6,274.01,1644.06
3869,2025-08-08,Brazil,Electronics,1,473.09,473.09
3870,2025-08-09,Canada,Food,14,362.8,5079.2
3871,2025-08-10,Canada,Electronics,13,173.41,2254.33
3872,2025-08-11,USA,Sports,18,919.62,16553.16
3873,2025-08-12,UAE,Electronics,3,400.21,1200.63
3874,2025-08-13,USA,Furniture,15,848.5,12727.5
3875,2025-08-14,France,Furniture,1,37.44,37.44
3876,2025-08-15,UAE,Food,4,410.18,1640.72
3877,2025-08-16,UAE,Clothing,17,936.9,15927.3
3878,2025-08-17,Australia,Food,7,634.53,4441.71
3879,2025-08-18,France,Sports,4,861.08,3444.32
3880,2025-08-19,UAE,Food,1,312.14,312.14
3881,2025-08-20,USA,Sports,2,715.07,1430.14
3882,2025-08-21,India,Sports,16,501.3,8020.8
3883,2025-08-22,Germany,Electronics,17,841.74,14309.58
3884,2025-08-23,Brazil,Food,18,639.96,11519.28
3885,2025-08-24,Japan,Sports,13,770.2,10012.6
3886,2025-08-25,Brazil,Sports,13,994.42,12927.46
3887,2025-08-26,France,Furniture,15,896.72,13450.8
3888,2025-08-27,UAE,Electronics,4,141.78,567.12
3889,2025-08-28,France,Clothing,20,425.8,8516.0
3890,2025-08-29,Brazil,Clothing,11,836.17,9197.87
3891,2025-08-30,Australia,Furniture,9,420.04,3780.36
3892,2025-08-31,Germany,Furniture,9,226.74,2040.66
3893,2025-09-01,India,Electronics,16,456.0,7296.0
3894,2025-09-02,USA,Electronics,13,148.13,1925.69
3895,2025-09-03,Australia,Clothing,10,419.6,4196.0
3896,2025-09-04,Canada,Sports,18,75.79,1364.22
3897,2025-09-05,India,Food,2,935.43,1870.86
3898,2025-09-06,UK,Furniture,18,902.56,16246.08
3899,2025-09-07,Japan,Clothing,13,770.94,10022.22
3900,2025-09-08,UK,Sports,16,850.46,13607.36
3901,2025-09-09,Canada,Sports,9,259.09,2331.81
3902,2025-09-10,USA,Furniture,12,429.48,5153.76
3903,2025-09-11,France,Sports,5,563.17,2815.85
3904,2025-09-12,Germany,Electronics,20,136.45,2729.0
3905,2025-09-13,Australia,Clothing,6,192.13,1152.78
3906,2025-09-14,UAE,Electronics,15,541.33,8119.95
3907,2025-09-15,Brazil,Food,9,276.22,2485.98
3908,2025-09-16,Canada,Food,18,635.09,11431.62
3909,2025-09-17,India,Electronics,18,619.67,11154.06
3910,2025-09-18,UK,Electronics,14,819.35,11470.9
3911,2025-09-19,France,Furniture,5,539.95,2699.75
3912,2025-09-20,UAE,Sports,14,853.85,11953.9
3913,2025-09-21,Australia,Furniture,10,61.71,617.1
3914,2025-09-22,UK,Electronics,16,912.37,14597.92
3915,2025-09-23,Canada,Furniture,7,976.99,6838.93
3916,2025-09-24,Brazil,Food,6,590.44,3542.64
3917,2025-09-25,Australia,Sports,8,262.0,2096.0
3918,2025-09-26,Canada,Furniture,10,113.09,1130.9
3919,2025-09-27,France,Sports,1,679.07,679.07
3920,2025-09-28,UK,Electronics,12,982.51,11790.12
3921,2025-09-29,Canada,Food,13,94.76,1231.88
3922,2025-09-30,Australia,Furniture,5,593.86,2969.3
3923,2025-10-01,Australia,Food,20,844.88,16897.6
3924,2025-10-02,Brazil,Furniture,3,69.68,209.04
3925,2025-10-03,Canada,Electronics,8,213.93,1711.44
3926,2025-10-04,USA,Furniture,12,814.46,9773.52
3927,2025-10-05,France,Sports,9,870.15,7831.35
3928,2025-10-06,USA,Sports,19,217.22,4127.18
3929,2025-10-07,Canada,Food,4,656.09,2624.36
3930,2025-10-08,USA,Electronics,20,322.47,6449.4
3931,2025-10-09,France,Food,6,859.26,5155.56
3932,2025-10-10,USA,Food,18,643.02,11574.36
3933,2025-10-11,India,Electronics,12,901.64,10819.68
3934,2025-10-12,Australia,Electronics,8,744.51,5956.08
3935,2025-10-13,Germany,Sports,12,670.93,8051.16
3936,2025-10-14,Japan,Sports,8,592.83,4742.64
3937,2025-10-15,USA,Clothing,19,859.64,16333.16
3938,2025-10-16,India,Sports,8,978.5,7828.0
3939,2025-10-17,India,Food,12,243.7,2924.4
3940,2025-10-18,Canada,Sports,16,343.02,5488.32
3941,2025-10-19,Germany,Electronics,6,853.68,5122.08
3942,2025-10-20,India,Electronics,17,333.81,5674.77
3943,2025-10-21,Brazil,Food,19,423.29,8042.51
3944,2025-10-22,India,Electronics,18,164.35,2958.3
3945,2025-10-23,Germany,Food,12,272.71,3272.52
3946,2025-10-24,Canada,Furniture,1,265.66,265.66
3947,2025-10-25,France,Electronics,18,328.87,5919.66
3948,2025-10-26,Australia,Clothing,3,501.84,1505.52
3949,2025-10-27,India,Clothing,19,901.84,17134.96
3950,2025-10-28,UAE,Furniture,7,956.66,6696.62
3951,2025-10-29,India,Electronics,19,341.63,6490.97
3952,2025-10-30,Brazil,Clothing,6,331.3,1987.8
3953,2025-10-31,Australia,Furniture,19,874.11,16608.09
3954,2025-11-01,Australia,Furniture,4,427.99,1711.96
3955,2025-11-02,Germany,Clothing,16,128.52,2056.32
3956,2025-11-03,India,Furniture,4,401.72,1606.88
3957,2025-11-04,Canada,Clothing,1,759.09,759.09
3958,2025-11-05,Japan,Sports,20,939.08,18781.6
3959,2025-11-06,Germany,Food,19,481.91,9156.29
3960,2025-11-07,USA,Furniture,9,780.4,7023.6
3961,2025-11-08,Japan,Food,11,213.65,2350.15
3962,2025-11-09,France,Food,4,297.9,1191.6
3963,2025-11-10,Germany,Clothing,6,257.24,1543.44
3964,2025-11-11,UK,Food,3,615.72,1847.16
3965,2025-11-12,Brazil,Sports,4,626.84,2507.36
3966,2025-11-13,UAE,Electronics,13,28.59,371.67
3967,2025-11-14,Japan,Sports,15,646.69,9700.35
3968,2025-11-15,India,Clothing,4,125.14,500.56
3969,2025-11-16,Brazil,Sports,2,677.8,1355.6
3970,2025-11-17,USA,Food,4,671.08,2684.32
3971,2025-11-18,Germany,Furniture,10,64.84,648.4
3972,2025-11-19,Brazil,Clothing,17,892.24,15168.08
3973,2025-11-20,Japan,Furniture,9,856.74,7710.66
3974,2025-11-21,Brazil,Electronics,11,95.32,1048.52
3975,2025-11-22,France,Food,19,314.83,5981.77
3976,2025-11-23,UAE,Electronics,4,252.05,1008.2
3977,2025-11-24,USA,Electronics,20,958.53,19170.6
3978,2025-11-25,Brazil,Furniture,10,870.57,8705.7
3979,2025-11-26,Australia,Furniture,7,266.51,1865.57
3980,2025-11-27,USA,Electronics,15,963.35,14450.25
3981,2025-11-28,Canada,Furniture,11,843.34,9276.74
3982,2025-11-29,Australia,Furniture,8,84.18,673.44
3983,2025-11-30,Germany,Clothing,19,658.5,12511.5
3984,2025-12-01,USA,Electronics,2,388.24,776.48
3985,2025-12-02,Japan,Clothing,8,816.09,6528.72
3986,2025-12-03,France,Sports,9,886.47,7978.23
3987,2025-12-04,Brazil,Clothing,5,644.87,3224.35
3988,2025-12-05,Germany,Food,16,861.76,13788.16
3989,2025-12-06,Germany,Furniture,3,632.98,1898.94
3990,2025-12-07,UK,Food,18,363.83,6548.94
3991,2025-12-08,UAE,Electronics,7,184.47,1291.29
3992,2025-12-09,Australia,Furniture,11,397.42,4371.62
3993,2025-12-10,France,Clothing,8,859.06,6872.48
3994,2025-12-11,USA,Electronics,14,750.0,10500.0
3995,2025-12-12,Brazil,Food,1,460.56,460.56
3996,2025-12-13,Japan,Furniture,7,817.19,5720.33
3997,2025-12-14,India,Furniture,10,666.05,6660.5
3998,2025-12-15,Brazil,Food,1,949.95,949.95
3999,2025-12-16,Australia,Clothing,1,924.59,924.59
4000,2025-12-17,Germany,Food,13,49.58,644.54
4001,2025-12-18,Australia,Furniture,13,496.03,6448.39
4002,2025-12-19,Japan,Clothing,2,591.22,1182.44
4003,2025-12-20,India,Food,11,172.69,1899.59
4004,2025-12-21,UAE,Food,8,859.99,6879.92
4005,2025-12-22,Brazil,Food,3,632.9,1898.7
4006,2025-12-23,France,Furniture,9,292.49,2632.41
4007,2025-12-24,UAE,Food,10,372.71,3727.1
4008,2025-12-25,UK,Electronics,8,463.14,3705.12
4009,2025-12-26,Germany,Sports,10,623.24,6232.4
4010,2025-12-27,Germany,Food,15,349.55,5243.25
4011,2025-12-28,Australia,Furniture,17,283.23,4814.91
4012,2025-12-29,India,Furniture,20,535.11,10702.2
4013,2025-12-30,France,Electronics,1,535.54,535.54
4014,2025-12-31,Germany,Food,16,121.33,1941.28
4015,2025-01-01,Brazil,Food,11,150.04,1650.44
4016,2025-01-02,Canada,Electronics,13,85.02,1105.26
4017,2025-01-03,Australia,Clothing,11,460.04,5060.44
4018,2025-01-04,Japan,Electronics,7,660.21,4621.47
4019,2025-01-05,Germany,Clothing,1,581.38,581.38
4020,2025-01-06,Brazil,Furniture,2,599.63,1199.26
4021,2025-01-07,USA,Furniture,10,593.44,5934.4
4022,2025-01-08,USA,Clothing,12,657.9,7894.8
4023,2025-01-09,France,Furniture,5,374.55,1872.75
4024,2025-01-10,Canada,Furniture,18,908.29,16349.22
4025,2025-01-11,Canada,Sports,16,178.12,2849.92
4026,2025-01-12,UK,Sports,6,958.08,5748.48
4027,2025-01-13,Japan,Food,13,729.81,9487.53
4028,2025-01-14,Canada,Furniture,5,421.11,2105.55
4029,2025-01-15,Australia,Sports,16,738.64,11818.24
4030,2025-01-16,UAE,Sports,16,657.05,10512.8
4031,2025-01-17,Australia,Food,9,696.11,6264.99
4032,2025-01-18,Canada,Electronics,20,697.9,13958.0
4033,2025-01-19,USA,Sports,19,352.98,6706.62
4034,2025-01-20,UK,Furniture,6,947.18,5683.08
4035,2025-01-21,Canada,Furniture,16,768.31,12292.96
4036,2025-01-22,Canada,Clothing,1,692.23,692.23
4037,2025-01-23,USA,Clothing,8,729.2,5833.6
4038,2025-01-24,Australia,Sports,20,21.67,433.4
4039,2025-01-25,UAE,Furniture,15,802.25,12033.75
4040,2025-01-26,France,Furniture,6,619.47,3716.82
4041,2025-01-27,Brazil,Electronics,3,451.18,1353.54
4042,2025-01-28,Brazil,Electronics,16,764.08,12225.28
4043,2025-01-29,Canada,Food,15,672.42,10086.3
4044,2025-01-30,USA,Electronics,6,226.66,1359.96
4045,2025-01-31,India,Clothing,5,782.71,3913.55
4046,2025-02-01,UK,Electronics,13,926.76,12047.88
4047,2025-02-02,Brazil,Electronics,6,72.1,432.6
4048,2025-02-03,France,Clothing,13,101.81,1323.53
4049,2025-02-04,Japan,Sports,5,271.29,1356.45
4050,2025-02-05,France,Clothing,18,199.01,3582.18
4051,2025-02-06,Japan,Furniture,16,555.26,8884.16
4052,2025-02-07,USA,Electronics,10,220.77,2207.7
4053,2025-02-08,India,Sports,13,542.32,7050.16
4054,2025-02-09,Germany,Electronics,8,645.12,5160.96
4055,2025-02-10,Japan,Furniture,9,201.46,1813.14
4056,2025-02-11,France,Electronics,7,729.77,5108.39
4057,2025-02-12,USA,Electronics,17,903.36,15357.12
4058,2025-02-13,UK,Sports,12,582.71,6992.52
4059,2025-02-14,Germany,Furniture,6,901.95,5411.7
4060,2025-02-15,UK,Sports,14,696.55,9751.7
4061,2025-02-16,France,Electronics,9,90.88,817.92
4062,2025-02-17,UAE,Sports,6,379.34,2276.04
4063,2025-02-18,Germany,Clothing,14,503.92,7054.88
4064,2025-02-19,France,Food,7,186.36,1304.52
4065,2025-02-20,France,Electronics,18,963.88,17349.84
4066,2025-02-21,Japan,Electronics,14,943.3,13206.2
4067,2025-02-22,Canada,Sports,9,924.19,8317.71
4068,2025-02-23,USA,Sports,15,447.95,6719.25
4069,2025-02-24,Australia,Food,6,443.1,2658.6
4070,2025-02-25,Germany,Clothing,13,959.49,12473.37
4071,2025-02-26,Japan,Food,16,260.83,4173.28
4072,2025-02-27,UK,Furniture,20,30.91,618.2
4073,2025-02-28,UK,Clothing,3,326.47,979.41
4074,2025-03-01,Canada,Electronics,4,170.9,683.6
4075,2025-03-02,Germany,Clothing,14,430.34,6024.76
4076,2025-03-03,Japan,Food,3,673.41,2020.23
4077,2025-03-04,Canada,Food,3,490.42,1471.26
4078,2025-03-05,Brazil,Furniture,6,51.25,307.5
4079,2025-03-06,Japan,Electronics,17,397.35,6754.95
4080,2025-03-07,Japan,Clothing,5,372.35,1861.75
4081,2025-03-08,Australia,Clothing,7,931.92,6523.44
4082,2025-03-09,Australia,Food,15,247.86,3717.9
4083,2025-03-10,Germany,Sports,13,708.89,9215.57
4084,2025-03-11,USA,Electronics,17,916.46,15579.82
4085,2025-03-12,UAE,Electronics,2,814.3,1628.6
4086,2025-03-13,Germany,Furniture,8,763.58,6108.64
4087,2025-03-14,France,Sports,15,739.62,11094.3
4088,2025-03-15,USA,Furniture,9,108.34,975.06
4089,2025-03-16,Germany,Sports,6,382.24,2293.44
4090,2025-03-17,USA,Furniture,1,608.05,608.05
4091,2025-03-18,Australia,Clothing,15,496.47,7447.05
4092,2025-03-19,Brazil,Food,17,223.8,3804.6
4093,2025-03-20,Australia,Food,16,690.2,11043.2
4094,2025-03-21,India,Furniture,11,475.34,5228.74
4095,2025-03-22,Japan,Sports,4,521.47,2085.88
4096,2025-03-23,UAE,Clothing,19,248.75,4726.25
4097,2025-03-24,France,Clothing,10,138.5,1385.0
4098,2025-03-25,UAE,Food,4,525.34,2101.36
4099,2025-03-26,Brazil,Furniture,12,945.45,11345.4
4100,2025-03-27,Brazil,Food,19,479.14,9103.66
4101,2025-03-28,France,Food,19,188.49,3581.31
4102,2025-03-29,Germany,Sports,19,773.04,14687.76
4103,2025-03-30,Australia,Food,11,283.78,3121.58
4104,2025-03-31,UK,Food,18,240.99,4337.82
4105,2025-04-01,France,Sports,8,683.54,5468.32
4106,2025-04-02,Brazil,Clothing,9,903.58,8132.22
4107,2025-04-03,Canada,Sports,9,189.07,1701.63
4108,2025-04-04,India,Sports,13,388.39,5049.07
4109,2025-04-05,Australia,Food,11,249.05,2739.55
4110,2025-04-06,Australia,Furniture,3,47.92,143.76
4111,2025-04-07,UAE,Clothing,9,546.12,4915.08
4112,2025-04-08,India,Clothing,4,723.43,2893.72
4113,2025-04-09,Brazil,Furniture,16,397.56,6360.96
4114,2025-04-10,USA,Clothing,6,248.68,1492.08
4115,2025-04-11,Australia,Clothing,11,410.77,4518.47
4116,2025-04-12,Brazil,Food,14,907.09,12699.26
4117,2025-04-13,India,Food,5,159.28,796.4
4118,2025-04-14,Australia,Furniture,2,375.82,751.64
4119,2025-04-15,India,Clothing,10,717.25,7172.5
4120,2025-04-16,Canada,Clothing,20,112.7,2254.0
4121,2025-04-17,Germany,Electronics,19,452.87,8604.53
4122,2025-04-18,UK,Sports,7,99.11,693.77
4123,2025-04-19,USA,Food,18,218.62,3935.16
4124,2025-04-20,UK,Electronics,7,259.8,1818.6
4125,2025-04-21,USA,Clothing,1,66.81,66.81
4126,2025-04-22,France,Clothing,15,612.6,9189.0
4127,2025-04-23,France,Furniture,7,337.27,2360.89
4128,2025-04-24,UK,Electronics,4,256.07,1024.28
4129,2025-04-25,India,Furniture,10,870.28,8702.8
4130,2025-04-26,India,Food,3,464.34,1393.02
4131,2025-04-27,Canada,Sports,9,131.85,1186.65
4132,2025-04-28,Japan,Sports,15,241.64,3624.6
4133,2025-04-29,Australia,Furniture,7,170.24,1191.68
4134,2025-04-30,Germany,Sports,3,742.78,2228.34
4135,2025-05-01,UAE,Electronics,17,878.31,14931.27
4136,2025-05-02,France,Food,15,297.82,4467.3
4137,2025-05-03,Germany,Furniture,7,961.43,6730.01
4138,2025-05-04,USA,Clothing,17,819.44,13930.48
4139,2025-05-05,Australia,Electronics,4,322.43,1289.72
4140,2025-05-06,UK,Electronics,5,391.58,1957.9
4141,2025-05-07,USA,Sports,2,68.54,137.08
4142,2025-05-08,Japan,Electronics,2,592.48,1184.96
4143,2025-05-09,Canada,Clothing,9,570.98,5138.82
4144,2025-05-10,Canada,Sports,16,915.74,14651.84
4145,2025-05-11,USA,Food,11,232.11,2553.21
4146,2025-05-12,India,Food,20,441.28,8825.6
4147,2025-05-13,India,Furniture,18,187.7,3378.6
4148,2025-05-14,France,Sports,8,47.45,379.6
4149,2025-05-15,UK,Furniture,8,353.22,2825.76
4150,2025-05-16,Germany,Furniture,11,558.12,6139.32
4151,2025-05-17,UK,Food,5,385.23,1926.15
4152,2025-05-18,USA,Furniture,6,528.43,3170.58
4153,2025-05-19,Brazil,Food,15,315.06,4725.9
4154,2025-05-20,UK,Sports,14,936.42,13109.88
4155,2025-05-21,USA,Clothing,18,560.96,10097.28
4156,2025-05-22,Germany,Sports,14,53.05,742.7
4157,2025-05-23,UK,Sports,5,190.78,953.9
4158,2025-05-24,Australia,Furniture,4,748.5,2994.0
4159,2025-05-25,Australia,Clothing,11,644.99,7094.89
4160,2025-05-26,USA,Clothing,16,984.14,15746.24
4161,2025-05-27,Australia,Furniture,2,163.64,327.28
4162,2025-05-28,Japan,Furniture,12,783.24,9398.88
4163,2025-05-29,Brazil,Food,18,948.23,17068.14
4164,2025-05-30,Australia,Sports,18,822.57,14806.26
4165,2025-05-31,Canada,Food,6,209.09,1254.54
4166,2025-06-01,Japan,Sports,16,878.84,14061.44
4167,2025-06-02,Brazil,Food,8,520.4,4163.2
4168,2025-06-03,Japan,Clothing,10,675.57,6755.7
4169,2025-06-04,USA,Sports,8,39.03,312.24
4170,2025-06-05,UK,Sports,9,334.31,3008.79
4171,2025-06-06,Canada,Sports,11,38.11,419.21
4172,2025-06-07,Germany,Sports,10,138.3,1383.0
4173,2025-06-08,UK,Clothing,8,436.14,3489.12
4174,2025-06-09,Japan,Clothing,17,378.53,6435.01
4175,2025-06-10,USA,Furniture,19,454.84,8641.96
4176,2025-06-11,USA,Electronics,9,134.94,1214.46
4177,2025-06-12,Germany,Furniture,18,479.33,8627.94
4178,2025-06-13,Germany,Food,10,632.58,6325.8
4179,2025-06-14,India,Electronics,12,140.95,1691.4
4180,2025-06-15,Germany,Food,6,825.7,4954.2
4181,2025-06-16,Germany,Food,13,926.46,12043.98
4182,2025-06-17,Australia,Electronics,15,848.09,12721.35
4183,2025-06-18,UAE,Electronics,12,488.15,5857.8
4184,2025-06-19,France,Furniture,10,640.42,6404.2
4185,2025-06-20,Australia,Food,14,260.16,3642.24
4186,2025-06-21,USA,Electronics,9,494.67,4452.03
4187,2025-06-22,USA,Furniture,8,828.68,6629.44
4188,2025-06-23,Brazil,Food,20,581.81,11636.2
4189,2025-06-24,Japan,Food,4,879.91,3519.64
4190,2025-06-25,India,Clothing,9,826.44,7437.96
4191,2025-06-26,Canada,Clothing,6,905.41,5432.46
4192,2025-06-27,Brazil,Electronics,2,101.0,202.0
4193,2025-06-28,Germany,Electronics,13,873.16,11351.08
4194,2025-06-29,Australia,Food,1,151.0,151.0
4195,2025-06-30,Canada,Clothing,8,338.35,2706.8
4196,2025-07-01,USA,Clothing,10,122.79,1227.9
4197,2025-07-02,USA,Clothing,2,469.0,938.0
4198,2025-07-03,Canada,Furniture,8,112.84,902.72
4199,2025-07-04,Japan,Electronics,2,745.39,1490.78
4200,2025-07-05,Brazil,Electronics,13,707.82,9201.66
4201,2025-07-06,UAE,Furniture,11,490.36,5393.96
4202,2025-07-07,UK,Sports,3,286.1,858.3
4203,2025-07-08,Japan,Electronics,17,795.83,13529.11
4204,2025-07-09,USA,Sports,16,368.12,5889.92
4205,2025-07-10,USA,Electronics,8,588.51,4708.08
4206,2025-07-11,UAE,Electronics,7,91.98,643.86
4207,2025-07-12,UAE,Clothing,16,853.59,13657.44
4208,2025-07-13,Canada,Furniture,16,482.65,7722.4
4209,2025-07-14,UK,Furniture,10,108.37,1083.7
4210,2025-07-15,UK,Sports,1,322.75,322.75
4211,2025-07-16,Canada,Clothing,11,824.53,9069.83
4212,2025-07-17,France,Clothing,19,425.19,8078.61
4213,2025-07-18,Australia,Sports,6,408.28,2449.68
4214,2025-07-19,Germany,Electronics,17,672.61,11434.37
4215,2025-07-20,UK,Electronics,15,129.74,1946.1
4216,2025-07-21,Australia,Furniture,8,851.45,6811.6
4217,2025-07-22,France,Electronics,20,869.74,17394.8
4218,2025-07-23,Brazil,Electronics,8,96.69,773.52
4219,2025-07-24,Canada,Sports,5,376.35,1881.75
4220,2025-07-25,Germany,Clothing,17,543.83,9245.11
4221,2025-07-26,France,Clothing,18,154.27,2776.86
4222,2025-07-27,UK,Sports,1,559.14,559.14
4223,2025-07-28,Japan,Sports,17,365.62,6215.54
4224,2025-07-29,UK,Food,1,170.55,170.55
4225,2025-07-30,UK,Sports,9,583.32,5249.88
4226,2025-07-31,USA,Furniture,6,827.85,4967.1
4227,2025-08-01,UK,Food,20,930.37,18607.4
4228,2025-08-02,Australia,Food,6,705.55,4233.3
4229,2025-08-03,Brazil,Food,2,651.0,1302.0
4230,2025-08-04,USA,Furniture,11,51.68,568.48
4231,2025-08-05,UK,Food,13,575.29,7478.77
4232,2025-08-06,Japan,Clothing,3,678.87,2036.61
4233,2025-08-07,India,Sports,17,266.54,4531.18
4234,2025-08-08,UK,Clothing,8,840.62,6724.96
4235,2025-08-09,UAE,Sports,12,581.16,6973.92
4236,2025-08-10,USA,Furniture,7,632.68,4428.76
4237,2025-08-11,UK,Electronics,9,196.01,1764.09
4238,2025-08-12,USA,Electronics,14,920.97,12893.58
4239,2025-08-13,Japan,Sports,8,286.84,2294.72
4240,2025-08-14,UAE,Food,10,486.93,4869.3
4241,2025-08-15,India,Clothing,8,276.74,2213.92
4242,2025-08-16,France,Furniture,6,700.07,4200.42
4243,2025-08-17,France,Food,10,318.03,3180.3
4244,2025-08-18,UK,Clothing,16,864.79,13836.64
4245,2025-08-19,Japan,Food,8,38.28,306.24
4246,2025-08-20,Japan,Food,2,595.88,1191.76
4247,2025-08-21,France,Food,13,620.0,8060.0
4248,2025-08-22,Canada,Food,5,463.1,2315.5
4249,2025-08-23,Australia,Food,13,255.53,3321.89
4250,2025-08-24,Brazil,Clothing,20,101.38,2027.6
4251,2025-08-25,USA,Electronics,16,921.37,14741.92
4252,2025-08-26,USA,Sports,1,288.07,288.07
4253,2025-08-27,Australia,Food,17,510.16,8672.72
4254,2025-08-28,Brazil,Furniture,15,124.29,1864.35
4255,2025-08-29,Germany,Clothing,18,703.98,12671.64
4256,2025-08-30,UAE,Sports,16,535.5,8568.0
4257,2025-08-31,Australia,Sports,15,767.13,11506.95
4258,2025-09-01,Germany,Clothing,20,637.8,12756.0
4259,2025-09-02,Australia,Electronics,3,429.9,1289.7
4260,2025-09-03,Canada,Clothing,3,562.79,1688.37
4261,2025-09-04,Canada,Sports,7,665.09,4655.63
4262,2025-09-05,USA,Food,3,478.82,1436.46
4263,2025-09-06,Brazil,Electronics,8,29.0,232.0
4264,2025-09-07,Canada,Sports,10,382.31,3823.1
4265,2025-09-08,Australia,Electronics,17,56.07,953.19
4266,2025-09-09,Germany,Sports,18,578.32,10409.76
4267,2025-09-10,UK,Food,13,189.23,2459.99
4268,2025-09-11,UK,Electronics,9,639.25,5753.25
4269,2025-09-12,USA,Furniture,16,449.5,7192.0
4270,2025-09-13,Canada,Sports,10,230.97,2309.7
4271,2025-09-14,Canada,Sports,4,263.23,1052.92
4272,2025-09-15,UK,Clothing,4,866.68,3466.72
4273,2025-09-16,Germany,Sports,4,561.84,2247.36
4274,2025-09-17,Australia,Electronics,12,903.65,10843.8
4275,2025-09-18,Canada,Sports,20,118.68,2373.6
4276,2025-09-19,Australia,Sports,7,257.08,1799.56
4277,2025-09-20,France,Sports,13,232.56,3023.28
4278,2025-09-21,Australia,Food,2,21.94,43.88
4279,2025-09-22,Australia,Sports,8,687.68,5501.44
4280,2025-09-23,USA,Electronics,16,944.04,15104.64
4281,2025-09-24,Brazil,Furniture,12,287.51,3450.12
4282,2025-09-25,Brazil,Sports,2,23.81,47.62
4283,2025-09-26,India,Clothing,6,115.16,690.96
4284,2025-09-27,Brazil,Food,6,591.69,3550.14
4285,2025-09-28,USA,Clothing,11,133.93,1473.23
4286,2025-09-29,Germany,Food,14,206.02,2884.28
4287,2025-09-30,Germany,Food,20,789.64,15792.8
4288,2025-10-01,India,Furniture,12,738.86,8866.32
4289,2025-10-02,UAE,Food,10,431.98,4319.8
4290,2025-10-03,Australia,Clothing,10,416.53,4165.3
4291,2025-10-04,USA,Furniture,5,123.64,618.2
4292,2025-10-05,UK,Electronics,1,806.45,806.45
4293,2025-10-06,Brazil,Food,5,523.09,2615.45
4294,2025-10-07,France,Sports,4,797.55,3190.2
4295,2025-10-08,Japan,Food,9,948.1,8532.9
4296,2025-10-09,Brazil,Clothing,15,906.49,13597.35
4297,2025-10-10,USA,Furniture,13,360.49,4686.37
4298,2025-10-11,India,Electronics,12,750.53,9006.36
4299,2025-10-12,Australia,Furniture,9,326.77,2940.93
4300,2025-10-13,Germany,Food,18,811.1,14599.8
4301,2025-10-14,Germany,Food,18,210.22,3783.96
4302,2025-10-15,UK,Electronics,9,743.53,6691.77
4303,2025-10-16,Japan,Sports,9,729.39,6564.51
4304,2025-10-17,UAE,Sports,18,641.1,11539.8
4305,2025-10-18,UAE,Furniture,9,30.09,270.81
4306,2025-10-19,Brazil,Electronics,18,904.53,16281.54
4307,2025-10-20,Germany,Electronics,2,857.84,1715.68
4308,2025-10-21,France,Electronics,14,468.16,6554.24
4309,2025-10-22,UK,Food,18,647.14,11648.52
4310,2025-10-23,USA,Sports,14,20.55,287.7
4311,2025-10-24,UK,Food,11,364.06,4004.66
4312,2025-10-25,India,Clothing,12,854.83,10257.96
4313,2025-10-26,India,Food,18,35.82,644.76
4314,2025-10-27,Japan,Electronics,9,976.58,8789.22
4315,2025-10-28,Canada,Food,13,647.7,8420.1
4316,2025-10-29,UAE,Furniture,6,814.09,4884.54
4317,2025-10-30,Germany,Furniture,8,670.89,5367.12
4318,2025-10-31,USA,Sports,18,270.6,4870.8
4319,2025-11-01,Japan,Clothing,7,571.51,4000.57
4320,2025-11-02,Australia,Electronics,13,298.72,3883.36
4321,2025-11-03,Germany,Sports,12,917.91,11014.92
4322,2025-11-04,UK,Sports,12,406.0,4872.0
4323,2025-11-05,Germany,Clothing,2,194.21,388.42
4324,2025-11-06,USA,Electronics,13,407.9,5302.7
4325,2025-11-07,France,Electronics,2,908.96,1817.92
4326,2025-11-08,Canada,Clothing,16,362.82,5805.12
4327,2025-11-09,Brazil,Food,13,297.34,3865.42
4328,2025-11-10,UK,Clothing,3,192.02,576.06
4329,2025-11-11,Brazil,Furniture,7,193.81,1356.67
4330,2025-11-12,Canada,Food,19,487.86,9269.34
4331,2025-11-13,Australia,Food,11,36.94,406.34
4332,2025-11-14,Germany,Electronics,5,894.13,4470.65
4333,2025-11-15,UAE,Furniture,3,90.49,271.47
4334,2025-11-16,France,Furniture,4,34.06,136.24
4335,2025-11-17,UK,Clothing,2,97.91,195.82
4336,2025-11-18,Japan,Sports,1,39.67,39.67
4337,2025-11-19,USA,Electronics,6,573.21,3439.26
4338,2025-11-20,Germany,Electronics,20,779.0,15580.0
4339,2025-11-21,UAE,Sports,6,223.21,1339.26
4340,2025-11-22,Brazil,Food,3,172.39,517.17
4341,2025-11-23,Japan,Electronics,20,805.05,16101.0
4342,2025-11-24,India,Clothing,18,712.92,12832.56
4343,2025-11-25,Japan,Furniture,6,106.85,641.1
4344,2025-11-26,UK,Furniture,4,697.55,2790.2
4345,2025-11-27,USA,Food,5,394.86,1974.3
4346,2025-11-28,Brazil,Clothing,9,101.41,912.69
4347,2025-11-29,Canada,Sports,12,363.13,4357.56
4348,2025-11-30,Brazil,Electronics,13,206.71,2687.23
4349,2025-12-01,Germany,Furniture,7,875.64,6129.48
4350,2025-12-02,Japan,Clothing,1,802.98,802.98
4351,2025-12-03,Canada,Sports,10,130.27,1302.7
4352,2025-12-04,Australia,Sports,7,818.57,5729.99
4353,2025-12-05,Canada,Furniture,5,433.71,2168.55
4354,2025-12-06,Japan,Electronics,10,779.36,7793.6
4355,2025-12-07,Germany,Food,7,987.53,6912.71
4356,2025-12-08,France,Sports,9,331.17,2980.53
4357,2025-12-09,India,Sports,20,256.05,5121.0
4358,2025-12-10,Germany,Sports,10,10.16,101.6
4359,2025-12-11,India,Electronics,6,537.37,3224.22
4360,2025-12-12,France,Clothing,7,58.17,407.19
4361,2025-12-13,Japan,Furniture,12,931.64,11179.68
4362,2025-12-14,UAE,Furniture,16,383.14,6130.24
4363,2025-12-15,Japan,Electronics,5,409.66,2048.3
4364,2025-12-16,USA,Clothing,14,218.12,3053.68
4365,2025-12-17,France,Electronics,6,714.38,4286.28
4366,2025-12-18,Japan,Electronics,3,634.16,1902.48
4367,2025-12-19,India,Electronics,14,432.39,6053.46
4368,2025-12-20,France,Food,15,119.01,1785.15
4369,2025-12-21,UAE,Electronics,13,726.12,9439.56
4370,2025-12-22,Canada,Sports,10,20.78,207.8
4371,2025-12-23,UK,Clothing,15,495.0,7425.0
4372,2025-12-24,Australia,Clothing,13,198.86,2585.18
4373,2025-12-25,USA,Furniture,18,161.31,2903.58
4374,2025-12-26,Canada,Food,6,33.78,202.68
4375,2025-12-27,Japan,Furniture,20,569.24,11384.8
4376,2025-12-28,Germany,Electronics,2,85.75,171.5
4377,2025-12-29,USA,Furniture,20,754.6,15092.0
4378,2025-12-30,India,Food,18,531.5,9567.0
4379,2025-12-31,UAE,Clothing,11,425.43,4679.73
4380,2025-01-01,UAE,Furniture,17,450.73,7662.41
4381,2025-01-02,USA,Furniture,10,598.39,5983.9
4382,2025-01-03,Australia,Electronics,13,138.96,1806.48
4383,2025-01-04,India,Sports,10,540.95,5409.5
4384,2025-01-05,UAE,Food,2,196.2,392.4
4385,2025-01-06,UK,Furniture,1,429.77,429.77
4386,2025-01-07,France,Electronics,14,900.97,12613.58
4387,2025-01-08,Japan,Sports,13,306.9,3989.7
4388,2025-01-09,Japan,Furniture,11,889.21,9781.31
4389,2025-01-10,USA,Clothing,1,157.13,157.13
4390,2025-01-11,Australia,Sports,17,981.27,16681.59
4391,2025-01-12,Australia,Clothing,5,753.8,3769.0
4392,2025-01-13,Japan,Clothing,5,44.22,221.1
4393,2025-01-14,UAE,Electronics,20,865.63,17312.6
4394,2025-01-15,Brazil,Food,17,628.9,10691.3
4395,2025-01-16,France,Furniture,5,742.23,3711.15
4396,2025-01-17,India,Clothing,13,709.33,9221.29
4397,2025-01-18,India,Food,2,514.84,1029.68
4398,2025-01-19,Germany,Sports,11,147.64,1624.04
4399,2025-01-20,Germany,Food,6,43.8,262.8
4400,2025-01-21,India,Sports,18,814.61,14662.98
4401,2025-01-22,UK,Electronics,3,58.28,174.84
4402,2025-01-23,Japan,Sports,15,43.48,652.2
4403,2025-01-24,USA,Clothing,8,475.46,3803.68
4404,2025-01-25,Canada,Clothing,6,145.12,870.72
4405,2025-01-26,France,Furniture,8,862.52,6900.16
4406,2025-01-27,Australia,Furniture,17,827.75,14071.75
4407,2025-01-28,France,Electronics,6,970.83,5824.98
4408,2025-01-29,Canada,Electronics,6,365.92,2195.52
4409,2025-01-30,UAE,Furniture,13,570.28,7413.64
4410,2025-01-31,France,Sports,19,342.68,6510.92
4411,2025-02-01,USA,Sports,19,649.23,12335.37
4412,2025-02-02,USA,Clothing,9,284.71,2562.39
4413,2025-02-03,UK,Electronics,17,673.52,11449.84
4414,2025-02-04,Australia,Electronics,19,309.13,5873.47
4415,2025-02-05,Canada,Food,7,35.65,249.55
4416,2025-02-06,Brazil,Sports,9,248.17,2233.53
4417,2025-02-07,Australia,Furniture,16,171.76,2748.16
4418,2025-02-08,India,Electronics,2,591.99,1183.98
4419,2025-02-09,Germany,Furniture,20,964.22,19284.4
4420,2025-02-10,UAE,Electronics,17,28.29,480.93
4421,2025-02-11,Japan,Clothing,10,526.73,5267.3
4422,2025-02-12,India,Electronics,5,806.79,4033.95
4423,2025-02-13,India,Furniture,10,61.83,618.3
4424,2025-02-14,Japan,Electronics,16,797.1,12753.6
4425,2025-02-15,UK,Electronics,11,678.27,7460.97
4426,2025-02-16,Brazil,Electronics,1,968.04,968.04
4427,2025-02-17,UAE,Sports,10,855.29,8552.9
4428,2025-02-18,UAE,Electronics,7,791.6,5541.2
4429,2025-02-19,UAE,Sports,9,461.71,4155.39
4430,2025-02-20,Canada,Clothing,5,137.79,688.95
4431,2025-02-21,Australia,Sports,19,151.64,2881.16
4432,2025-02-22,UAE,Sports,9,98.51,886.59
4433,2025-02-23,USA,Sports,12,772.64,9271.68
4434,2025-02-24,Australia,Food,10,393.0,3930.0
4435,2025-02-25,Canada,Sports,1,494.79,494.79
4436,2025-02-26,Brazil,Clothing,4,518.71,2074.84
4437,2025-02-27,UAE,Food,16,424.4,6790.4
4438,2025-02-28,UAE,Furniture,1,105.01,105.01
4439,2025-03-01,Germany,Clothing,20,595.59,11911.8
4440,2025-03-02,India,Furniture,11,188.45,2072.95
4441,2025-03-03,Australia,Sports,12,844.47,10133.64
4442,2025-03-04,Japan,Furniture,17,633.03,10761.51
4443,2025-03-05,Germany,Clothing,19,232.66,4420.54
4444,2025-03-06,USA,Sports,13,197.94,2573.22
4445,2025-03-07,Canada,Clothing,9,279.3,2513.7
4446,2025-03-08,USA,Clothing,3,864.83,2594.49
4447,2025-03-09,France,Furniture,20,699.02,13980.4
4448,2025-03-10,UK,Food,10,467.85,4678.5
4449,2025-03-11,Brazil,Furniture,12,278.65,3343.8
4450,2025-03-12,UAE,Furniture,7,786.87,5508.09
4451,2025-03-13,Brazil,Electronics,11,920.05,10120.55
4452,2025-03-14,Canada,Electronics,20,234.6,4692.0
4453,2025-03-15,Australia,Sports,2,701.04,1402.08
4454,2025-03-16,Japan,Furniture,19,808.38,15359.22
4455,2025-03-17,Australia,Food,14,462.94,6481.16
4456,2025-03-18,UAE,Furniture,20,752.76,15055.2
4457,2025-03-19,Germany,Sports,20,251.31,5026.2
4458,2025-03-20,France,Food,18,136.59,2458.62
4459,2025-03-21,UAE,Electronics,8,414.68,3317.44
4460,2025-03-22,USA,Electronics,5,703.09,3515.45
4461,2025-03-23,Japan,Food,3,942.09,2826.27
4462,2025-03-24,Germany,Food,2,353.77,707.54
4463,2025-03-25,Australia,Food,5,979.74,4898.7
4464,2025-03-26,Brazil,Clothing,16,423.7,6779.2
4465,2025-03-27,Germany,Electronics,7,469.96,3289.72
4466,2025-03-28,Canada,Electronics,7,124.23,869.61
4467,2025-03-29,Australia,Electronics,20,859.24,17184.8
4468,2025-03-30,Germany,Sports,14,828.97,11605.58
4469,2025-03-31,USA,Furniture,2,613.59,1227.18
4470,2025-04-01,India,Sports,12,38.8,465.6
4471,2025-04-02,Brazil,Food,11,478.08,5258.88
4472,2025-04-03,USA,Furniture,6,158.18,949.08
4473,2025-04-04,USA,Food,3,141.12,423.36
4474,2025-04-05,USA,Clothing,15,793.3,11899.5
4475,2025-04-06,Japan,Sports,7,993.72,6956.04
4476,2025-04-07,Japan,Sports,20,646.04,12920.8
4477,2025-04-08,Australia,Furniture,1,693.84,693.84
4478,2025-04-09,France,Food,6,559.09,3354.54
4479,2025-04-10,Australia,Clothing,6,179.8,1078.8
4480,2025-04-11,Brazil,Clothing,5,393.34,1966.7
4481,2025-04-12,Germany,Furniture,5,229.26,1146.3
4482,2025-04-13,France,Food,14,153.63,2150.82
4483,2025-04-14,UAE,Furniture,10,555.82,5558.2
4484,2025-04-15,USA,Clothing,7,601.24,4208.68
4485,2025-04-16,India,Food,5,820.3,4101.5
4486,2025-04-17,UK,Clothing,5,209.45,1047.25
4487,2025-04-18,India,Electronics,17,698.1,11867.7
4488,2025-04-19,France,Furniture,10,525.84,5258.4
4489,2025-04-20,Australia,Electronics,12,740.46,8885.52
4490,2025-04-21,Australia,Furniture,1,52.66,52.66
4491,2025-04-22,Japan,Food,12,285.33,3423.96
4492,2025-04-23,India,Furniture,1,295.35,295.35
4493,2025-04-24,UAE,Sports,2,458.21,916.42
4494,2025-04-25,UK,Electronics,11,43.32,476.52
4495,2025-04-26,Germany,Clothing,2,674.48,1348.96
4496,2025-04-27,Canada,Food,13,79.45,1032.85
4497,2025-04-28,Japan,Furniture,8,146.98,1175.84
4498,2025-04-29,USA,Clothing,18,796.56,14338.08
4499,2025-04-30,UK,Clothing,9,943.06,8487.54
4500,2025-05-01,Japan,Electronics,18,204.0,3672.0
4501,2025-05-02,UAE,Electronics,10,13.27,132.7
4502,2025-05-03,Australia,Furniture,3,859.26,2577.78
4503,2025-05-04,India,Food,13,655.34,8519.42
4504,2025-05-05,Germany,Furniture,7,538.17,3767.19
4505,2025-05-06,Canada,Sports,9,54.59,491.31
4506,2025-05-07,UAE,Electronics,20,936.69,18733.8
4507,2025-05-08,Australia,Sports,9,793.96,7145.64
4508,2025-05-09,UK,Food,19,429.05,8151.95
4509,2025-05-10,Australia,Sports,12,449.92,5399.04
4510,2025-05-11,UK,Food,8,34.78,278.24
4511,2025-05-12,Brazil,Clothing,16,346.77,5548.32
4512,2025-05-13,Germany,Clothing,4,14.28,57.12
4513,2025-05-14,Canada,Food,2,58.49,116.98
4514,2025-05-15,USA,Sports,7,953.59,6675.13
4515,2025-05-16,UAE,Electronics,12,856.11,10273.32
4516,2025-05-17,Brazil,Food,17,641.19,10900.23
4517,2025-05-18,UK,Food,7,437.9,3065.3
4518,2025-05-19,France,Sports,13,964.7,12541.1
4519,2025-05-20,Germany,Clothing,14,302.4,4233.6
4520,2025-05-21,Brazil,Clothing,12,529.98,6359.76
4521,2025-05-22,France,Furniture,16,646.0,10336.0
4522,2025-05-23,UAE,Clothing,13,10.58,137.54
4523,2025-05-24,USA,Sports,12,904.8,10857.6
4524,2025-05-25,Japan,Electronics,9,871.0,7839.0
4525,2025-05-26,Canada,Electronics,14,28.88,404.32
4526,2025-05-27,Canada,Electronics,7,804.59,5632.13
4527,2025-05-28,USA,Food,9,999.37,8994.33
4528,2025-05-29,Australia,Food,10,249.3,2493.0
4529,2025-05-30,UAE,Electronics,6,649.6,3897.6
4530,2025-05-31,Japan,Sports,16,561.6,8985.6
4531,2025-06-01,USA,Clothing,17,366.25,6226.25
4532,2025-06-02,Brazil,Food,6,149.29,895.74
4533,2025-06-03,Canada,Food,7,134.06,938.42
4534,2025-06-04,UAE,Electronics,4,216.71,866.84
4535,2025-06-05,Brazil,Food,20,239.37,4787.4
4536,2025-06-06,France,Food,18,91.13,1640.34
4537,2025-06-07,UAE,Furniture,19,678.34,12888.46
4538,2025-06-08,UAE,Food,15,615.01,9225.15
4539,2025-06-09,Japan,Food,13,353.17,4591.21
4540,2025-06-10,Brazil,Electronics,18,430.92,7756.56
4541,2025-06-11,Australia,Electronics,16,719.0,11504.0
4542,2025-06-12,UK,Electronics,12,262.96,3155.52
4543,2025-06-13,Australia,Electronics,18,295.11,5311.98
4544,2025-06-14,Brazil,Food,4,10.31,41.24
4545,2025-06-15,France,Electronics,15,612.47,9187.05
4546,2025-06-16,Canada,Sports,5,408.76,2043.8
4547,2025-06-17,Japan,Food,1,803.57,803.57
4548,2025-06-18,France,Electronics,15,379.93,5698.95
4549,2025-06-19,Japan,Clothing,15,566.33,8494.95
4550,2025-06-20,India,Clothing,14,878.47,12298.58
4551,2025-06-21,UAE,Furniture,1,750.65,750.65
4552,2025-06-22,Japan,Sports,3,776.16,2328.48
4553,2025-06-23,Australia,Clothing,11,313.59,3449.49
4554,2025-06-24,Canada,Sports,1,742.45,742.45
4555,2025-06-25,India,Food,18,723.28,13019.04
4556,2025-06-26,India,Furniture,14,567.79,7949.06
4557,2025-06-27,Germany,Furniture,20,66.2,1324.0
4558,2025-06-28,India,Food,3,609.26,1827.78
4559,2025-06-29,Canada,Sports,8,69.55,556.4
4560,2025-06-30,France,Sports,3,147.39,442.17
4561,2025-07-01,India,Clothing,6,269.92,1619.52
4562,2025-07-02,Germany,Furniture,18,511.41,9205.38
4563,2025-07-03,India,Electronics,11,727.68,8004.48
4564,2025-07-04,UAE,Furniture,9,851.66,7664.94
4565,2025-07-05,USA,Food,17,203.05,3451.85
4566,2025-07-06,India,Sports,9,550.18,4951.62
4567,2025-07-07,Japan,Sports,12,124.1,1489.2
4568,2025-07-08,USA,Furniture,8,290.81,2326.48
4569,2025-07-09,UAE,Electronics,10,563.06,5630.6
4570,2025-07-10,France,Electronics,1,52.14,52.14
4571,2025-07-11,France,Furniture,5,616.82,3084.1
4572,2025-07-12,France,Furniture,15,995.05,14925.75
4573,2025-07-13,France,Clothing,4,176.46,705.84
4574,2025-07-14,Germany,Electronics,5,818.03,4090.15
4575,2025-07-15,UK,Electronics,6,521.84,3131.04
4576,2025-07-16,Brazil,Clothing,12,927.37,11128.44
4577,2025-07-17,India,Sports,12,465.17,5582.04
4578,2025-07-18,India,Clothing,9,763.44,6870.96
4579,2025-07-19,Germany,Clothing,17,244.42,4155.14
4580,2025-07-20,UK,Food,2,543.15,1086.3
4581,2025-07-21,UAE,Sports,8,603.51,4828.08
4582,2025-07-22,USA,Sports,2,497.22,994.44
4583,2025-07-23,Canada,Furniture,20,989.18,19783.6
4584,2025-07-24,India,Food,12,178.25,2139.0
4585,2025-07-25,Canada,Furniture,18,690.14,12422.52
4586,2025-07-26,UK,Furniture,5,265.84,1329.2
4587,2025-07-27,India,Electronics,20,129.01,2580.2
4588,2025-07-28,Canada,Clothing,11,428.08,4708.88
4589,2025-07-29,USA,Food,2,39.84,79.68
4590,2025-07-30,UK,Clothing,18,794.65,14303.7
4591,2025-07-31,Brazil,Electronics,12,863.95,10367.4
4592,2025-08-01,Germany,Electronics,12,553.28,6639.36
4593,2025-08-02,UK,Food,4,22.28,89.12
4594,2025-08-03,Brazil,Sports,17,144.77,2461.09
4595,2025-08-04,UAE,Electronics,14,831.69,11643.66
4596,2025-08-05,UK,Furniture,16,793.34,12693.44
4597,2025-08-06,Germany,Food,15,213.3,3199.5
4598,2025-08-07,France,Furniture,7,648.82,4541.74
4599,2025-08-08,Germany,Furniture,19,128.01,2432.19
4600,2025-08-09,UK,Electronics,3,94.84,284.52
4601,2025-08-10,France,Clothing,17,373.03,6341.51
4602,2025-08-11,Brazil,Clothing,3,78.1,234.3
4603,2025-08-12,France,Sports,7,288.87,2022.09
4604,2025-08-13,Australia,Food,19,811.68,15421.92
4605,2025-08-14,UK,Clothing,16,404.83,6477.28
4606,2025-08-15,USA,Electronics,8,907.16,7257.28
4607,2025-08-16,Brazil,Sports,10,89.92,899.2
4608,2025-08-17,USA,Food,12,987.93,11855.16
4609,2025-08-18,Australia,Furniture,16,275.4,4406.4
4610,2025-08-19,Germany,Sports,8,779.41,6235.28
4611,2025-08-20,USA,Electronics,14,526.13,7365.82
4612,2025-08-21,Germany,Clothing,12,675.54,8106.48
4613,2025-08-22,Japan,Furniture,14,904.49,12662.86
4614,2025-08-23,Japan,Clothing,9,608.59,5477.31
4615,2025-08-24,UAE,Sports,4,842.8,3371.2
4616,2025-08-25,India,Electronics,8,861.34,6890.72
4617,2025-08-26,France,Electronics,15,972.13,14581.95
4618,2025-08-27,UAE,Electronics,11,860.94,9470.34
4619,2025-08-28,Germany,Furniture,9,296.14,2665.26
4620,2025-08-29,Canada,Food,6,552.2,3313.2
4621,2025-08-30,Brazil,Clothing,10,926.08,9260.8
4622,2025-08-31,India,Sports,14,177.68,2487.52
4623,2025-09-01,Australia,Electronics,16,840.49,13447.84
4624,2025-09-02,USA,Sports,5,483.52,2417.6
4625,2025-09-03,Canada,Electronics,8,801.27,6410.16
4626,2025-09-04,India,Food,12,90.1,1081.2
4627,2025-09-05,Canada,Sports,5,445.05,2225.25
4628,2025-09-06,USA,Clothing,5,716.12,3580.6
4629,2025-09-07,Japan,Sports,1,692.58,692.58
4630,2025-09-08,Australia,Electronics,4,730.51,2922.04
4631,2025-09-09,UAE,Clothing,16,445.6,7129.6
4632,2025-09-10,UAE,Clothing,18,42.18,759.24
4633,2025-09-11,UAE,Food,5,414.78,2073.9
4634,2025-09-12,Japan,Sports,9,599.3,5393.7
4635,2025-09-13,Australia,Clothing,8,110.33,882.64
4636,2025-09-14,USA,Clothing,16,965.71,15451.36
4637,2025-09-15,Germany,Sports,7,271.71,1901.97
4638,2025-09-16,UK,Furniture,9,661.49,5953.41
4639,2025-09-17,Brazil,Furniture,7,16.35,114.45
4640,2025-09-18,USA,Food,16,18.89,302.24
4641,2025-09-19,UAE,Sports,3,416.67,1250.01
4642,2025-09-20,Brazil,Clothing,5,361.12,1805.6
4643,2025-09-21,Australia,Food,12,485.04,5820.48
4644,2025-09-22,Japan,Clothing,16,221.87,3549.92
4645,2025-09-23,UK,Food,17,727.89,12374.13
4646,2025-09-24,Japan,Food,18,576.78,10382.04
4647,2025-09-25,Brazil,Electronics,8,759.68,6077.44
4648,2025-09-26,Germany,Food,1,728.6,728.6
4649,2025-09-27,UK,Food,16,571.74,9147.84
4650,2025-09-28,France,Food,2,228.3,456.6
4651,2025-09-29,Japan,Electronics,2,644.72,1289.44
4652,2025-09-30,Germany,Furniture,16,660.19,10563.04
4653,2025-10-01,Germany,Electronics,14,419.3,5870.2
4654,2025-10-02,Germany,Clothing,10,865.74,8657.4
4655,2025-10-03,Canada,Sports,2,118.88,237.76
4656,2025-10-04,Australia,Clothing,15,398.89,5983.35
4657,2025-10-05,Brazil,Sports,2,957.96,1915.92
4658,2025-10-06,UK,Food,19,611.7,11622.3
4659,2025-10-07,Canada,Electronics,8,558.03,4464.24
4660,2025-10-08,Brazil,Food,7,494.75,3463.25
4661,2025-10-09,Canada,Furniture,2,632.14,1264.28
4662,2025-10-10,France,Food,19,415.88,7901.72
4663,2025-10-11,Canada,Clothing,18,838.57,15094.26
4664,2025-10-12,Australia,Electronics,15,541.12,8116.8
4665,2025-10-13,UK,Clothing,16,108.83,1741.28
4666,2025-10-14,Australia,Food,12,315.5,3786.0
4667,2025-10-15,India,Furniture,8,381.23,3049.84
4668,2025-10-16,Canada,Electronics,18,975.35,17556.3
4669,2025-10-17,USA,Electronics,5,589.53,2947.65
4670,2025-10-18,UAE,Sports,12,238.63,2863.56
4671,2025-10-19,USA,Furniture,17,395.18,6718.06
4672,2025-10-20,Australia,Clothing,2,159.32,318.64
4673,2025-10-21,UAE,Food,19,174.05,3306.95
4674,2025-10-22,Brazil,Electronics,15,327.91,4918.65
4675,2025-10-23,Brazil,Sports,11,874.8,9622.8
4676,2025-10-24,France,Sports,11,581.83,6400.13
4677,2025-10-25,Australia,Food,5,568.88,2844.4
4678,2025-10-26,USA,Sports,1,668.36,668.36
4679,2025-10-27,Brazil,Electronics,19,408.44,7760.36
4680,2025-10-28,USA,Food,9,230.54,2074.86
4681,2025-10-29,Brazil,Electronics,2,47.33,94.66
4682,2025-10-30,India,Furniture,13,19.46,252.98
4683,2025-10-31,Germany,Food,13,560.49,7286.37
4684,2025-11-01,USA,Food,11,105.81,1163.91
4685,2025-11-02,France,Furniture,2,27.8,55.6
4686,2025-11-03,Australia,Electronics,6,326.62,1959.72
4687,2025-11-04,France,Furniture,11,469.35,5162.85
4688,2025-11-05,Canada,Electronics,8,880.24,7041.92
4689,2025-11-06,Australia,Electronics,2,552.12,1104.24
4690,2025-11-07,India,Furniture,1,883.66,883.66
4691,2025-11-08,India,Food,8,753.76,6030.08
4692,2025-11-09,France,Electronics,15,789.69,11845.35
4693,2025-11-10,Germany,Electronics,14,47.24,661.36
4694,2025-11-11,Brazil,Furniture,13,859.42,11172.46
4695,2025-11-12,India,Clothing,1,573.56,573.56
4696,2025-11-13,Canada,Furniture,10,966.88,9668.8
4697,2025-11-14,UAE,Furniture,20,998.61,19972.2
4698,2025-11-15,Germany,Furniture,1,83.54,83.54
4699,2025-11-16,France,Sports,4,602.9,2411.6
4700,2025-11-17,France,Sports,15,859.19,12887.85
4701,2025-11-18,UAE,Sports,6,383.32,2299.92
4702,2025-11-19,France,Electronics,8,783.01,6264.08
4703,2025-11-20,UK,Clothing,16,571.68,9146.88
4704,2025-11-21,France,Food,18,127.39,2293.02
4705,2025-11-22,Brazil,Clothing,9,296.7,2670.3
4706,2025-11-23,France,Electronics,20,890.82,17816.4
4707,2025-11-24,Germany,Sports,7,330.92,2316.44
4708,2025-11-25,UK,Furniture,5,816.93,4084.65
4709,2025-11-26,Canada,Furniture,19,372.94,7085.86
4710,2025-11-27,Brazil,Sports,3,848.59,2545.77
4711,2025-11-28,Australia,Clothing,19,768.53,14602.07
4712,2025-11-29,Canada,Electronics,4,404.27,1617.08
4713,2025-11-30,France,Clothing,1,518.61,518.61
4714,2025-12-01,Canada,Electronics,11,648.63,7134.93
4715,2025-12-02,UK,Clothing,12,580.33,6963.96
4716,2025-12-03,India,Food,14,954.96,13369.44
4717,2025-12-04,USA,Furniture,12,466.12,5593.44
4718,2025-12-05,France,Furniture,3,896.8,2690.4
4719,2025-12-06,Brazil,Electronics,5,385.02,1925.1
4720,2025-12-07,India,Sports,17,580.81,9873.77
4721,2025-12-08,Brazil,Food,4,277.44,1109.76
4722,2025-12-09,Australia,Food,12,645.75,7749.0
4723,2025-12-10,Japan,Furniture,14,224.88,3148.32
4724,2025-12-11,India,Sports,18,442.14,7958.52
4725,2025-12-12,Canada,Clothing,7,32.35,226.45
4726,2025-12-13,Germany,Sports,17,200.93,3415.81
4727,2025-12-14,Germany,Sports,2,311.01,622.02
4728,2025-12-15,UK,Sports,19,382.83,7273.77
4729,2025-12-16,Brazil,Furniture,2,877.69,1755.38
4730,2025-12-17,Canada,Electronics,20,796.08,15921.6
4731,2025-12-18,Brazil,Clothing,14,724.55,10143.7
4732,2025-12-19,India,Clothing,19,229.13,4353.47
4733,2025-12-20,Australia,Electronics,10,28.53,285.3
4734,2025-12-21,UAE,Food,18,781.34,14064.12
4735,2025-12-22,Brazil,Electronics,19,853.56,16217.64
4736,2025-12-23,Brazil,Furniture,19,334.43,6354.17
4737,2025-12-24,USA,Food,11,384.23,4226.53
4738,2025-12-25,Germany,Food,11,327.72,3604.92
4739,2025-12-26,Canada,Food,19,857.12,16285.28
4740,2025-12-27,UK,Electronics,19,908.6,17263.4
4741,2025-12-28,UAE,Furniture,12,571.4,6856.8
4742,2025-12-29,Australia,Furniture,13,407.86,5302.18
4743,2025-12-30,Germany,Electronics,3,931.66,2794.98
4744,2025-12-31,India,Clothing,13,805.17,10467.21
4745,2025-01-01,Japan,Clothing,4,107.4,429.6
4746,2025-01-02,UAE,Electronics,20,827.07,16541.4
4747,2025-01-03,Canada,Furniture,8,850.54,6804.32
4748,2025-01-04,Canada,Sports,9,389.68,3507.12
4749,2025-01-05,USA,Sports,20,382.23,7644.6
4750,2025-01-06,Australia,Sports,19,132.58,2519.02
4751,2025-01-07,Brazil,Electronics,15,586.7,8800.5
4752,2025-01-08,UK,Electronics,12,142.92,1715.04
4753,2025-01-09,Japan,Sports,18,162.6,2926.8
4754,2025-01-10,India,Clothing,3,132.22,396.66
4755,2025-01-11,Brazil,Sports,15,765.43,11481.45
4756,2025-01-12,UK,Electronics,2,482.8,965.6
4757,2025-01-13,Japan,Food,7,349.6,2447.2
4758,2025-01-14,Australia,Furniture,20,887.18,17743.6
4759,2025-01-15,UAE,Sports,4,398.16,1592.64
4760,2025-01-16,USA,Electronics,9,986.26,8876.34
4761,2025-01-17,France,Sports,20,942.29,18845.8
4762,2025-01-18,Australia,Electronics,18,465.38,8376.84
4763,2025-01-19,USA,Furniture,7,511.43,3580.01
4764,2025-01-20,Japan,Electronics,13,307.02,3991.26
4765,2025-01-21,Brazil,Clothing,15,821.41,12321.15
4766,2025-01-22,UAE,Furniture,1,816.36,816.36
4767,2025-01-23,France,Sports,7,826.55,5785.85
4768,2025-01-24,USA,Clothing,8,752.08,6016.64
4769,2025-01-25,Brazil,Food,5,226.75,1133.75
4770,2025-01-26,Germany,Food,12,238.53,2862.36
4771,2025-01-27,Australia,Furniture,8,345.97,2767.76
4772,2025-01-28,USA,Sports,19,951.98,18087.62
4773,2025-01-29,Canada,Clothing,3,399.23,1197.69
4774,2025-01-30,Japan,Furniture,13,180.96,2352.48
4775,2025-01-31,UK,Electronics,20,663.83,13276.6
4776,2025-02-01,Japan,Furniture,4,990.57,3962.28
4777,2025-02-02,USA,Electronics,16,845.95,13535.2
4778,2025-02-03,Japan,Sports,14,884.68,12385.52
4779,2025-02-04,Germany,Sports,6,59.67,358.02
4780,2025-02-05,India,Clothing,18,442.84,7971.12
4781,2025-02-06,Brazil,Electronics,18,83.87,1509.66
4782,2025-02-07,UK,Food,18,771.72,13890.96
4783,2025-02-08,Australia,Food,9,382.37,3441.33
4784,2025-02-09,Canada,Clothing,8,892.77,7142.16
4785,2025-02-10,Canada,Food,11,232.71,2559.81
4786,2025-02-11,Canada,Furniture,2,375.87,751.74
4787,2025-02-12,India,Food,19,766.72,14567.68
4788,2025-02-13,Brazil,Sports,1,601.42,601.42
4789,2025-02-14,Brazil,Sports,4,399.88,1599.52
4790,2025-02-15,UAE,Food,3,974.95,2924.85
4791,2025-02-16,Canada,Food,18,905.07,16291.26
4792,2025-02-17,Brazil,Clothing,9,115.81,1042.29
4793,2025-02-18,USA,Food,13,493.32,6413.16
4794,2025-02-19,Brazil,Electronics,17,898.59,15276.03
4795,2025-02-20,Brazil,Clothing,11,789.74,8687.14
4796,2025-02-21,Japan,Sports,6,986.96,5921.76
4797,2025-02-22,India,Food,10,520.49,5204.9
4798,2025-02-23,UAE,Sports,15,786.9,11803.5
4799,2025-02-24,UK,Furniture,8,912.0,7296.0
4800,2025-02-25,Japan,Food,17,227.99,3875.83
4801,2025-02-26,Brazil,Electronics,2,514.34,1028.68
4802,2025-02-27,USA,Sports,13,611.03,7943.39
4803,2025-02-28,Brazil,Electronics,15,935.74,14036.1
4804,2025-03-01,India,Clothing,15,600.84,9012.6
4805,2025-03-02,Germany,Food,11,215.36,2368.96
4806,2025-03-03,Brazil,Food,17,753.0,12801.0
4807,2025-03-04,Japan,Food,12,877.6,10531.2
4808,2025-03-05,Canada,Electronics,17,494.2,8401.4
4809,2025-03-06,USA,Sports,8,434.92,3479.36
4810,2025-03-07,UK,Sports,3,661.28,1983.84
4811,2025-03-08,Brazil,Electronics,5,967.66,4838.3
4812,2025-03-09,Germany,Furniture,15,554.85,8322.75
4813,2025-03-10,India,Sports,17,671.29,11411.93
4814,2025-03-11,UAE,Clothing,19,475.86,9041.34
4815,2025-03-12,Australia,Furniture,16,628.14,10050.24
4816,2025-03-13,UAE,Food,4,281.73,1126.92
4817,2025-03-14,UAE,Furniture,4,172.83,691.32
4818,2025-03-15,France,Food,1,803.01,803.01
4819,2025-03-16,Australia,Sports,9,458.88,4129.92
4820,2025-03-17,France,Food,18,919.84,16557.12
4821,2025-03-18,USA,Clothing,10,469.67,4696.7
4822,2025-03-19,USA,Furniture,19,844.86,16052.34
4823,2025-03-20,Canada,Electronics,12,525.4,6304.8
4824,2025-03-21,India,Sports,10,647.77,6477.7
4825,2025-03-22,India,Food,7,206.4,1444.8
4826,2025-03-23,USA,Clothing,11,924.23,10166.53
4827,2025-03-24,USA,Electronics,6,677.47,4064.82
4828,2025-03-25,Brazil,Electronics,20,218.59,4371.8
4829,2025-03-26,France,Sports,6,283.02,1698.12
4830,2025-03-27,France,Electronics,14,691.35,9678.9
4831,2025-03-28,USA,Food,13,396.11,5149.43
4832,2025-03-29,USA,Food,5,155.42,777.1
4833,2025-03-30,Canada,Food,5,819.49,4097.45
4834,2025-03-31,Canada,Clothing,4,746.07,2984.28
4835,2025-04-01,Japan,Electronics,10,974.11,9741.1
4836,2025-04-02,Australia,Clothing,1,463.76,463.76
4837,2025-04-03,Brazil,Electronics,14,272.92,3820.88
4838,2025-04-04,UK,Sports,7,609.06,4263.42
4839,2025-04-05,India,Sports,5,751.59,3757.95
4840,2025-04-06,Japan,Furniture,4,410.84,1643.36
4841,2025-04-07,France,Electronics,11,622.65,6849.15
4842,2025-04-08,Germany,Clothing,3,300.32,900.96
4843,2025-04-09,Australia,Furniture,13,387.54,5038.02
4844,2025-04-10,Germany,Furniture,12,560.84,6730.08
4845,2025-04-11,France,Sports,6,223.38,1340.28
4846,2025-04-12,Brazil,Clothing,15,155.73,2335.95
4847,2025-04-13,UAE,Food,19,572.22,10872.18
4848,2025-04-14,Australia,Furniture,19,378.87,7198.53
4849,2025-04-15,Japan,Food,5,518.84,2594.2
4850,2025-04-16,India,Clothing,19,747.8,14208.2
4851,2025-04-17,France,Furniture,17,751.55,12776.35
4852,2025-04-18,France,Furniture,1,119.8,119.8
4853,2025-04-19,Japan,Food,12,253.75,3045.0
4854,2025-04-20,UAE,Clothing,8,610.45,4883.6
4855,2025-04-21,Japan,Furniture,13,648.54,8431.02
4856,2025-04-22,UK,Sports,7,623.61,4365.27
4857,2025-04-23,Canada,Clothing,18,479.48,8630.64
4858,2025-04-24,Australia,Furniture,17,556.07,9453.19
4859,2025-04-25,Germany,Sports,5,27.03,135.15
4860,2025-04-26,France,Furniture,3,916.02,2748.06
4861,2025-04-27,UAE,Food,13,728.19,9466.47
4862,2025-04-28,Japan,Food,5,494.54,2472.7
4863,2025-04-29,Brazil,Electronics,4,500.96,2003.84
4864,2025-04-30,France,Clothing,18,670.82,12074.76
4865,2025-05-01,UAE,Food,6,834.21,5005.26
4866,2025-05-02,Australia,Electronics,7,567.44,3972.08
4867,2025-05-03,Germany,Electronics,13,671.09,8724.17
4868,2025-05-04,USA,Furniture,16,380.45,6087.2
4869,2025-05-05,Germany,Furniture,8,419.47,3355.76
4870,2025-05-06,Canada,Furniture,7,190.68,1334.76
4871,2025-05-07,Japan,Clothing,1,132.82,132.82
4872,2025-05-08,Brazil,Sports,19,265.02,5035.38
4873,2025-05-09,Germany,Sports,17,186.59,3172.03
4874,2025-05-10,USA,Clothing,2,45.25,90.5
4875,2025-05-11,USA,Furniture,13,500.98,6512.74
4876,2025-05-12,UAE,Food,18,539.0,9702.0
4877,2025-05-13,Japan,Food,9,745.32,6707.88
4878,2025-05-14,USA,Electronics,15,280.16,4202.4
4879,2025-05-15,Japan,Furniture,13,366.06,4758.78
4880,2025-05-16,India,Furniture,16,104.73,1675.68
4881,2025-05-17,Japan,Clothing,4,177.51,710.04
4882,2025-05-18,Japan,Furniture,18,913.92,16450.56
4883,2025-05-19,Australia,Sports,12,136.67,1640.04
4884,2025-05-20,Australia,Food,1,909.09,909.09
4885,2025-05-21,India,Sports,3,457.58,1372.74
4886,2025-05-22,Australia,Furniture,9,248.96,2240.64
4887,2025-05-23,India,Furniture,1,288.0,288.0
4888,2025-05-24,France,Furniture,7,55.09,385.63
4889,2025-05-25,Canada,Furniture,5,968.91,4844.55
4890,2025-05-26,Canada,Electronics,13,873.93,11361.09
4891,2025-05-27,Australia,Electronics,1,218.42,218.42
4892,2025-05-28,France,Sports,17,453.12,7703.04
4893,2025-05-29,Australia,Electronics,19,372.26,7072.94
4894,2025-05-30,Australia,Electronics,6,236.15,1416.9
4895,2025-05-31,Brazil,Electronics,13,889.66,11565.58
4896,2025-06-01,Australia,Furniture,3,396.81,1190.43
4897,2025-06-02,UAE,Sports,3,149.45,448.35
4898,2025-06-03,Canada,Clothing,6,826.05,4956.3
4899,2025-06-04,India,Sports,3,745.68,2237.04
4900,2025-06-05,Australia,Furniture,7,388.08,2716.56
4901,2025-06-06,Brazil,Food,14,30.03,420.42
4902,2025-06-07,France,Sports,1,142.76,142.76
4903,2025-06-08,UAE,Electronics,15,210.3,3154.5
4904,2025-06-09,UAE,Sports,8,782.85,6262.8
4905,2025-06-10,Germany,Electronics,4,567.15,2268.6
4906,2025-06-11,India,Sports,19,53.32,1013.08
4907,2025-06-12,Australia,Electronics,9,775.87,6982.83
4908,2025-06-13,Brazil,Clothing,17,219.36,3729.12
4909,2025-06-14,India,Electronics,8,229.7,1837.6
4910,2025-06-15,USA,Sports,10,752.64,7526.4
4911,2025-06-16,India,Furniture,14,771.28,10797.92
4912,2025-06-17,Brazil,Electronics,19,996.1,18925.9
4913,2025-06-18,Australia,Electronics,11,750.89,8259.79
4914,2025-06-19,Brazil,Clothing,3,318.92,956.76
4915,2025-06-20,Canada,Food,7,494.55,3461.85
4916,2025-06-21,Japan,Sports,6,58.02,348.12
4917,2025-06-22,Australia,Food,13,731.74,9512.62
4918,2025-06-23,UAE,Clothing,12,609.73,7316.76
4919,2025-06-24,Germany,Clothing,2,332.63,665.26
4920,2025-06-25,USA,Food,11,220.05,2420.55
4921,2025-06-26,Australia,Food,6,563.56,3381.36
4922,2025-06-27,Australia,Electronics,4,657.26,2629.04
4923,2025-06-28,Canada,Food,3,324.33,972.99
4924,2025-06-29,Canada,Food,19,945.52,17964.88
4925,2025-06-30,Australia,Sports,6,730.06,4380.36
4926,2025-07-01,India,Sports,8,482.43,3859.44
4927,2025-07-02,UK,Clothing,14,685.88,9602.32
4928,2025-07-03,UAE,Food,8,25.44,203.52
4929,2025-07-04,Germany,Clothing,1,955.12,955.12
4930,2025-07-05,USA,Food,5,920.13,4600.65
4931,2025-07-06,Canada,Electronics,13,801.34,10417.42
4932,2025-07-07,Australia,Electronics,16,976.47,15623.52
4933,2025-07-08,Germany,Furniture,14,268.58,3760.12
4934,2025-07-09,Germany,Food,15,932.67,13990.05
4935,2025-07-10,Australia,Sports,13,189.77,2467.01
4936,2025-07-11,Australia,Food,9,27.27,245.43
4937,2025-07-12,Brazil,Food,16,155.05,2480.8
4938,2025-07-13,Australia,Clothing,17,197.74,3361.58
4939,2025-07-14,UK,Clothing,18,923.57,16624.26
4940,2025-07-15,Australia,Clothing,10,817.14,8171.4
4941,2025-07-16,Germany,Clothing,8,100.86,806.88
4942,2025-07-17,Australia,Clothing,5,652.9,3264.5
4943,2025-07-18,Germany,Clothing,1,281.61,281.61
4944,2025-07-19,France,Furniture,11,127.69,1404.59
4945,2025-07-20,USA,Electronics,16,556.02,8896.32
4946,2025-07-21,USA,Food,2,931.0,1862.0
4947,2025-07-22,UK,Electronics,20,91.43,1828.6
4948,2025-07-23,UK,Sports,12,272.85,3274.2
4949,2025-07-24,Germany,Food,14,412.71,5777.94
4950,2025-07-25,UK,Furniture,3,80.3,240.9
4951,2025-07-26,France,Food,3,430.95,1292.85
4952,2025-07-27,Japan,Clothing,9,60.87,547.83
4953,2025-07-28,Australia,Clothing,11,83.51,918.61
4954,2025-07-29,India,Clothing,10,19.56,195.6
4955,2025-07-30,UAE,Clothing,8,412.99,3303.92
4956,2025-07-31,Brazil,Clothing,1,721.96,721.96
4957,2025-08-01,Canada,Sports,2,69.52,139.04
4958,2025-08-02,France,Clothing,8,770.09,6160.72
4959,2025-08-03,UAE,Sports,15,572.14,8582.1
4960,2025-08-04,Canada,Furniture,7,566.29,3964.03
4961,2025-08-05,Brazil,Sports,11,585.3,6438.3
4962,2025-08-06,UAE,Clothing,9,706.53,6358.77
4963,2025-08-07,UK,Clothing,7,755.79,5290.53
4964,2025-08-08,Germany,Sports,14,76.6,1072.4
4965,2025-08-09,France,Food,16,298.92,4782.72
4966,2025-08-10,UK,Sports,10,890.92,8909.2
4967,2025-08-11,Australia,Clothing,10,300.68,3006.8
4968,2025-08-12,USA,Food,1,838.92,838.92
4969,2025-08-13,Canada,Sports,14,390.66,5469.24
4970,2025-08-14,UAE,Clothing,2,26.73,53.46
4971,2025-08-15,Germany,Clothing,11,752.76,8280.36
4972,2025-08-16,Japan,Electronics,2,729.51,1459.02
4973,2025-08-17,Canada,Electronics,16,948.43,15174.88
4974,2025-08-18,Brazil,Clothing,17,743.77,12644.09
4975,2025-08-19,India,Sports,6,247.95,1487.7
4976,2025-08-20,Canada,Electronics,5,425.9,2129.5
4977,2025-08-21,India,Electronics,9,18.42,165.78
4978,2025-08-22,Canada,Sports,5,679.71,3398.55
4979,2025-08-23,India,Food,2,887.22,1774.44
4980,2025-08-24,Germany,Food,14,893.84,12513.76
4981,2025-08-25,UK,Electronics,1,727.77,727.77
4982,2025-08-26,UK,Food,1,89.14,89.14
4983,2025-08-27,Brazil,Furniture,19,153.8,2922.2
4984,2025-08-28,UAE,Food,4,618.23,2472.92
4985,2025-08-29,USA,Sports,3,46.64,139.92
4986,2025-08-30,Germany,Electronics,11,351.58,3867.38
4987,2025-08-31,USA,Clothing,8,922.85,7382.8
4988,2025-09-01,Brazil,Food,17,783.88,13325.96
4989,2025-09-02,UAE,Furniture,4,154.79,619.16
4990,2025-09-03,India,Clothing,8,300.95,2407.6
4991,2025-09-04,India,Food,19,848.95,16130.05
4992,2025-09-05,Canada,Sports,9,478.95,4310.55
4993,2025-09-06,India,Electronics,8,716.29,5730.32
4994,2025-09-07,Brazil,Clothing,19,686.17,13037.23
4995,2025-09-08,UAE,Furniture,17,566.54,9631.18
4996,2025-09-09,Japan,Clothing,2,361.38,722.76
4997,2025-09-10,India,Sports,19,668.64,12704.16
4998,2025-09-11,UAE,Furniture,14,377.61,5286.54
4999,2025-09-12,UK,Food,4,754.44,3017.76
5000,2025-09-13,Canada,Clothing,16,65.89,1054.24
5001,2025-09-14,Australia,Electronics,2,10.42,20.84
5002,2025-09-15,France,Furniture,3,934.82,2804.46
5003,2025-09-16,UAE,Clothing,19,362.9,6895.1
5004,2025-09-17,UK,Furniture,15,645.67,9685.05
5005,2025-09-18,Australia,Food,7,690.07,4830.49
5006,2025-09-19,UK,Electronics,1,648.43,648.43
5007,2025-09-20,Brazil,Food,3,860.61,2581.83
5008,2025-09-21,Australia,Furniture,13,713.94,9281.22
5009,2025-09-22,Australia,Sports,18,962.25,17320.5
5010,2025-09-23,Canada,Sports,2,431.6,863.2
5011,2025-09-24,Japan,Food,14,540.5,7567.0
5012,2025-09-25,UK,Clothing,10,389.24,3892.4
5013,2025-09-26,Germany,Clothing,17,683.33,11616.61
5014,2025-09-27,India,Electronics,18,377.82,6800.76
5015,2025-09-28,Canada,Furniture,14,860.52,12047.28
5016,2025-09-29,Brazil,Electronics,14,321.85,4505.9
5017,2025-09-30,Canada,Sports,17,678.17,11528.89
5018,2025-10-01,UK,Electronics,7,873.36,6113.52
5019,2025-10-02,France,Clothing,20,966.43,19328.6
5020,2025-10-03,India,Food,16,814.79,13036.64
5021,2025-10-04,Japan,Sports,8,782.18,6257.44
5022,2025-10-05,Brazil,Furniture,13,552.68,7184.84
5023,2025-10-06,Brazil,Food,10,472.3,4723.0
5024,2025-10-07,France,Food,20,282.37,5647.4
5025,2025-10-08,Brazil,Food,17,796.37,13538.29
5026,2025-10-09,Canada,Sports,3,57.39,172.17
5027,2025-10-10,Germany,Clothing,12,606.95,7283.4
5028,2025-10-11,India,Food,6,940.92,5645.52
5029,2025-10-12,Japan,Clothing,13,241.19,3135.47
5030,2025-10-13,UK,Sports,5,522.38,2611.9
5031,2025-10-14,India,Sports,10,213.92,2139.2
5032,2025-10-15,Australia,Clothing,6,165.79,994.74
5033,2025-10-16,Canada,Furniture,2,18.56,37.12
5034,2025-10-17,UK,Food,9,174.39,1569.51
5035,2025-10-18,India,Sports,19,405.4,7702.6
5036,2025-10-19,UAE,Clothing,9,940.41,8463.69
5037,2025-10-20,India,Electronics,15,66.3,994.5
5038,2025-10-21,France,Clothing,5,649.09,3245.45
5039,2025-10-22,Australia,Sports,6,148.05,888.3
5040,2025-10-23,Brazil,Food,13,273.43,3554.59
5041,2025-10-24,India,Sports,20,746.15,14923.0
5042,2025-10-25,Japan,Furniture,20,217.17,4343.4
5043,2025-10-26,Brazil,Sports,20,381.82,7636.4
5044,2025-10-27,UK,Furniture,15,536.71,8050.65
5045,2025-10-28,USA,Food,14,825.98,11563.72
5046,2025-10-29,UAE,Food,3,932.37,2797.11
5047,2025-10-30,Australia,Electronics,13,179.85,2338.05
5048,2025-10-31,USA,Clothing,8,892.35,7138.8
5049,2025-11-01,Canada,Sports,14,644.02,9016.28
5050,2025-11-02,USA,Clothing,18,554.85,9987.3
5051,2025-11-03,UK,Electronics,2,330.87,661.74
5052,2025-11-04,Germany,Clothing,12,934.99,11219.88
5053,2025-11-05,India,Electronics,11,135.67,1492.37
5054,2025-11-06,Australia,Sports,9,598.97,5390.73
5055,2025-11-07,Australia,Sports,13,208.88,2715.44
5056,2025-11-08,UAE,Clothing,20,727.44,14548.8
5057,2025-11-09,UK,Electronics,18,92.89,1672.02
5058,2025-11-10,Canada,Clothing,19,84.63,1607.97
5059,2025-11-11,Brazil,Electronics,18,749.76,13495.68
5060,2025-11-12,Germany,Food,1,278.81,278.81
5061,2025-11-13,USA,Food,2,335.6,671.2
5062,2025-11-14,UK,Food,18,218.55,3933.9
5063,2025-11-15,India,Food,8,888.69,7109.52
5064,2025-11-16,Australia,Sports,1,670.84,670.84
5065,2025-11-17,Germany,Furniture,1,985.46,985.46
5066,2025-11-18,France,Furniture,4,423.53,1694.12
5067,2025-11-19,Canada,Food,17,129.31,2198.27
5068,2025-11-20,Germany,Furniture,14,152.69,2137.66
5069,2025-11-21,UAE,Food,18,462.04,8316.72
5070,2025-11-22,Australia,Electronics,20,467.2,9344.0
5071,2025-11-23,France,Furniture,13,112.9,1467.7
5072,2025-11-24,France,Furniture,11,816.05,8976.55
5073,2025-11-25,UAE,Furniture,18,203.34,3660.12
5074,2025-11-26,Brazil,Food,17,728.94,12391.98
5075,2025-11-27,India,Sports,14,76.53,1071.42
5076,2025-11-28,Canada,Furniture,14,343.45,4808.3
5077,2025-11-29,Australia,Clothing,16,508.24,8131.84
5078,2025-11-30,USA,Sports,18,510.07,9181.26
5079,2025-12-01,Canada,Sports,4,587.37,2349.48
5080,2025-12-02,Germany,Clothing,19,455.23,8649.37
5081,2025-12-03,UK,Furniture,8,375.5,3004.0
5082,2025-12-04,India,Clothing,2,394.41,788.82
5083,2025-12-05,USA,Clothing,2,56.08,112.16
5084,2025-12-06,UAE,Sports,19,104.71,1989.49
5085,2025-12-07,Canada,Furniture,1,74.87,74.87
5086,2025-12-08,Japan,Sports,8,179.65,1437.2
5087,2025-12-09,USA,Electronics,2,535.44,1070.88
5088,2025-12-10,Japan,Furniture,14,782.58,10956.12
5089,2025-12-11,UAE,Food,3,465.25,1395.75
5090,2025-12-12,France,Furniture,2,145.19,290.38
5091,2025-12-13,France,Food,11,943.38,10377.18
5092,2025-12-14,Canada,Furniture,20,82.25,1645.0
5093,2025-12-15,Germany,Food,14,44.62,624.68
5094,2025-12-16,India,Sports,15,593.32,8899.8
5095,2025-12-17,Australia,Electronics,7,247.38,1731.66
5096,2025-12-18,France,Furniture,13,659.38,8571.94
5097,2025-12-19,Brazil,Electronics,2,967.1,1934.2
5098,2025-12-20,UAE,Furniture,18,38.82,698.76
5099,2025-12-21,Brazil,Sports,17,488.37,8302.29
5100,2025-12-22,UAE,Furniture,14,763.47,10688.58
5101,2025-12-23,UAE,Sports,18,401.92,7234.56
5102,2025-12-24,Brazil,Furniture,14,721.32,10098.48
5103,2025-12-25,Brazil,Sports,7,431.04,3017.28
5104,2025-12-26,USA,Clothing,12,27.54,330.48
5105,2025-12-27,Canada,Clothing,7,57.23,400.61
5106,2025-12-28,Australia,Furniture,8,394.73,3157.84
5107,2025-12-29,UAE,Electronics,20,485.74,9714.8
5108,2025-12-30,USA,Sports,12,697.5,8370.0
5109,2025-12-31,India,Food,16,628.82,10061.12
5110,2025-01-01,UK,Electronics,5,391.77,1958.85
5111,2025-01-02,Germany,Electronics,13,238.41,3099.33
5112,2025-01-03,UK,Food,6,729.46,4376.76
5113,2025-01-04,Germany,Furniture,15,997.25,14958.75
5114,2025-01-05,Canada,Furniture,19,253.07,4808.33
5115,2025-01-06,Germany,Clothing,13,875.13,11376.69
5116,2025-01-07,Brazil,Furniture,1,366.24,366.24
5117,2025-01-08,UK,Food,20,30.87,617.4
5118,2025-01-09,India,Clothing,4,329.63,1318.52
5119,2025-01-10,India,Furniture,8,860.62,6884.96
5120,2025-01-11,UK,Sports,15,861.51,12922.65
5121,2025-01-12,Canada,Electronics,7,686.37,4804.59
5122,2025-01-13,UAE,Clothing,13,726.53,9444.89
5123,2025-01-14,Australia,Furniture,11,42.65,469.15
5124,2025-01-15,Canada,Sports,13,434.97,5654.61
5125,2025-01-16,Brazil,Food,6,448.79,2692.74
5126,2025-01-17,Germany,Food,18,750.48,13508.64
5127,2025-01-18,UK,Clothing,5,230.07,1150.35
5128,2025-01-19,France,Food,12,981.49,11777.88
5129,2025-01-20,Brazil,Clothing,1,818.65,818.65
5130,2025-01-21,Brazil,Clothing,4,371.35,1485.4
5131,2025-01-22,Brazil,Food,6,373.9,2243.4
5132,2025-01-23,Australia,Furniture,16,434.82,6957.12
5133,2025-01-24,France,Electronics,3,259.51,778.53
5134,2025-01-25,UAE,Clothing,5,295.08,1475.4
5135,2025-01-26,UAE,Furniture,2,888.17,1776.34
5136,2025-01-27,Japan,Furniture,15,970.96,14564.4
5137,2025-01-28,UAE,Clothing,16,421.56,6744.96
5138,2025-01-29,Germany,Electronics,3,13.63,40.89
5139,2025-01-30,UK,Electronics,16,269.74,4315.84
5140,2025-01-31,France,Sports,13,761.95,9905.35
5141,2025-02-01,Brazil,Electronics,3,90.59,271.77
5142,2025-02-02,USA,Sports,15,61.72,925.8
5143,2025-02-03,India,Furniture,19,801.71,15232.49
5144,2025-02-04,Brazil,Clothing,3,272.62,817.86
5145,2025-02-05,Germany,Sports,7,831.02,5817.14
5146,2025-02-06,UAE,Food,18,700.65,12611.7
5147,2025-02-07,Germany,Food,17,895.02,15215.34
5148,2025-02-08,India,Electronics,15,596.52,8947.8
5149,2025-02-09,France,Electronics,12,56.99,683.88
5150,2025-02-10,USA,Electronics,14,937.36,13123.04
5151,2025-02-11,Brazil,Furniture,4,802.76,3211.04
5152,2025-02-12,USA,Clothing,19,651.87,12385.53
5153,2025-02-13,Canada,Food,15,866.06,12990.9
5154,2025-02-14,Japan,Furniture,2,127.48,254.96
5155,2025-02-15,Canada,Sports,2,260.37,520.74
5156,2025-02-16,Australia,Furniture,2,534.18,1068.36
5157,2025-02-17,Canada,Furniture,15,344.83,5172.45
5158,2025-02-18,Australia,Electronics,11,57.12,628.32
5159,2025-02-19,Canada,Clothing,17,877.14,14911.38
5160,2025-02-20,UAE,Clothing,9,370.4,3333.6
5161,2025-02-21,France,Furniture,17,790.52,13438.84
5162,2025-02-22,Germany,Clothing,19,200.9,3817.1
5163,2025-02-23,Australia,Sports,8,942.85,7542.8
5164,2025-02-24,UAE,Sports,11,822.6,9048.6
5165,2025-02-25,Brazil,Electronics,10,951.9,9519.0
5166,2025-02-26,UK,Food,11,489.52,5384.72
5167,2025-02-27,Germany,Furniture,3,243.85,731.55
5168,2025-02-28,Germany,Clothing,12,869.0,10428.0
5169,2025-03-01,Canada,Electronics,18,39.09,703.62
5170,2025-03-02,India,Furniture,16,430.98,6895.68
5171,2025-03-03,Brazil,Sports,19,993.52,18876.88
5172,2025-03-04,France,Food,1,519.25,519.25
5173,2025-03-05,Germany,Clothing,7,913.74,6396.18
5174,2025-03-06,Germany,Sports,14,763.71,10691.94
5175,2025-03-07,Brazil,Food,7,651.96,4563.72
5176,2025-03-08,UAE,Food,18,871.37,15684.66
5177,2025-03-09,Japan,Food,3,507.45,1522.35
5178,2025-03-10,Australia,Food,12,750.34,9004.08
5179,2025-03-11,UAE,Food,8,436.2,3489.6
5180,2025-03-12,Brazil,Furniture,7,453.07,3171.49
5181,2025-03-13,Canada,Sports,17,160.64,2730.88
5182,2025-03-14,Brazil,Furniture,8,868.35,6946.8
5183,2025-03-15,France,Furniture,15,827.3,12409.5
5184,2025-03-16,France,Furniture,6,607.54,3645.24
5185,2025-03-17,France,Electronics,19,703.77,13371.63
5186,2025-03-18,Canada,Sports,13,399.75,5196.75
5187,2025-03-19,UK,Electronics,12,184.3,2211.6
5188,2025-03-20,Brazil,Sports,11,745.87,8204.57
5189,2025-03-21,Brazil,Furniture,5,925.77,4628.85
5190,2025-03-22,Australia,Electronics,16,227.94,3647.04
5191,2025-03-23,UK,Clothing,3,760.65,2281.95
5192,2025-03-24,Japan,Furniture,2,787.75,1575.5
5193,2025-03-25,UAE,Sports,9,517.64,4658.76
5194,2025-03-26,UK,Electronics,12,739.63,8875.56
5195,2025-03-27,France,Food,20,188.06,3761.2
5196,2025-03-28,Canada,Sports,1,257.63,257.63
5197,2025-03-29,USA,Clothing,5,883.02,4415.1
5198,2025-03-30,Canada,Food,10,468.69,4686.9
5199,2025-03-31,France,Clothing,15,284.9,4273.5
5200,2025-04-01,UAE,Clothing,12,169.66,2035.92
5201,2025-04-02,Canada,Furniture,11,916.11,10077.21
5202,2025-04-03,Germany,Clothing,13,765.98,9957.74
5203,2025-04-04,Australia,Food,9,246.85,2221.65
5204,2025-04-05,Brazil,Electronics,11,935.05,10285.55
5205,2025-04-06,Brazil,Furniture,6,209.06,1254.36
5206,2025-04-07,Japan,Electronics,20,205.07,4101.4
5207,2025-04-08,Brazil,Electronics,2,399.7,799.4
5208,2025-04-09,Australia,Electronics,6,755.76,4534.56
5209,2025-04-10,UAE,Food,5,896.31,4481.55
5210,2025-04-11,India,Clothing,8,282.11,2256.88
5211,2025-04-12,USA,Clothing,16,637.0,10192.0
5212,2025-04-13,UK,Food,17,255.46,4342.82
5213,2025-04-14,USA,Clothing,4,609.23,2436.92
5214,2025-04-15,UAE,Furniture,9,662.22,5959.98
5215,2025-04-16,Brazil,Sports,2,629.78,1259.56
5216,2025-04-17,France,Food,18,549.71,9894.78
5217,2025-04-18,Japan,Food,18,26.48,476.64
5218,2025-04-19,India,Food,17,384.87,6542.79
5219,2025-04-20,France,Sports,20,78.53,1570.6
5220,2025-04-21,UK,Furniture,3,219.28,657.84
5221,2025-04-22,UAE,Food,5,905.67,4528.35
5222,2025-04-23,UK,Electronics,12,159.13,1909.56
5223,2025-04-24,USA,Food,6,491.18,2947.08
5224,2025-04-25,France,Clothing,16,814.78,13036.48
5225,2025-04-26,Japan,Food,8,754.58,6036.64
5226,2025-04-27,Japan,Clothing,9,162.77,1464.93
5227,2025-04-28,USA,Furniture,3,60.76,182.28
5228,2025-04-29,UAE,Food,2,545.49,1090.98
5229,2025-04-30,France,Food,7,585.46,4098.22
5230,2025-05-01,USA,Sports,1,916.64,916.64
5231,2025-05-02,Japan,Sports,18,950.09,17101.62
5232,2025-05-03,Australia,Sports,10,401.09,4010.9
5233,2025-05-04,Australia,Furniture,13,306.91,3989.83
5234,2025-05-05,Japan,Food,8,852.75,6822.0
5235,2025-05-06,UAE,Food,13,19.38,251.94
5236,2025-05-07,UAE,Furniture,14,293.6,4110.4
5237,2025-05-08,UK,Clothing,2,74.08,148.16
5238,2025-05-09,Australia,Electronics,3,47.08,141.24
5239,2025-05-10,Brazil,Furniture,6,132.16,792.96
5240,2025-05-11,USA,Electronics,15,270.79,4061.85
5241,2025-05-12,France,Furniture,14,805.82,11281.48
5242,2025-05-13,Brazil,Electronics,16,359.88,5758.08
5243,2025-05-14,India,Furniture,12,960.62,11527.44
5244,2025-05-15,Japan,Sports,10,35.99,359.9
5245,2025-05-16,Brazil,Food,18,860.18,15483.24
5246,2025-05-17,Germany,Electronics,6,975.53,5853.18
5247,2025-05-18,USA,Electronics,6,871.29,5227.74
5248,2025-05-19,Australia,Sports,1,242.33,242.33
5249,2025-05-20,UK,Clothing,19,152.93,2905.67
5250,2025-05-21,France,Electronics,19,268.12,5094.28
5251,2025-05-22,Japan,Furniture,7,298.66,2090.62
5252,2025-05-23,UAE,Furniture,17,289.97,4929.49
5253,2025-05-24,UAE,Clothing,9,489.16,4402.44
5254,2025-05-25,Canada,Furniture,2,37.87,75.74
5255,2025-05-26,Japan,Sports,2,471.45,942.9
5256,2025-05-27,Canada,Sports,10,686.57,6865.7
5257,2025-05-28,Brazil,Sports,11,696.5,7661.5
5258,2025-05-29,France,Electronics,17,126.18,2145.06
5259,2025-05-30,UAE,Furniture,16,131.33,2101.28
5260,2025-05-31,Germany,Electronics,11,895.59,9851.49
5261,2025-06-01,UAE,Sports,1,125.85,125.85
5262,2025-06-02,Canada,Food,17,674.06,11459.02
5263,2025-06-03,Canada,Clothing,17,534.52,9086.84
5264,2025-06-04,Canada,Sports,4,969.94,3879.76
5265,2025-06-05,USA,Food,16,912.59,14601.44
5266,2025-06-06,India,Sports,20,231.4,4628.0
5267,2025-06-07,Australia,Food,17,180.41,3066.97
5268,2025-06-08,France,Furniture,12,249.69,2996.28
5269,2025-06-09,Japan,Food,9,412.04,3708.36
5270,2025-06-10,France,Electronics,5,840.32,4201.6
5271,2025-06-11,Japan,Electronics,19,565.06,10736.14
5272,2025-06-12,Germany,Furniture,3,909.44,2728.32
5273,2025-06-13,France,Electronics,20,195.92,3918.4
5274,2025-06-14,Germany,Electronics,13,701.27,9116.51
5275,2025-06-15,USA,Furniture,8,682.68,5461.44
5276,2025-06-16,Brazil,Furniture,4,220.11,880.44
5277,2025-06-17,Japan,Sports,6,303.31,1819.86
5278,2025-06-18,Japan,Clothing,5,432.89,2164.45
5279,2025-06-19,UK,Furniture,18,272.72,4908.96
5280,2025-06-20,UAE,Clothing,12,88.44,1061.28
5281,2025-06-21,UK,Clothing,1,168.18,168.18
5282,2025-06-22,USA,Food,15,784.62,11769.3
5283,2025-06-23,Brazil,Furniture,9,627.53,5647.77
5284,2025-06-24,France,Electronics,6,46.75,280.5
5285,2025-06-25,Australia,Clothing,17,946.18,16085.06
5286,2025-06-26,UK,Food,6,908.28,5449.68
5287,2025-06-27,USA,Clothing,19,686.2,13037.8
5288,2025-06-28,India,Clothing,7,205.31,1437.17
5289,2025-06-29,France,Furniture,10,654.4,6544.0
5290,2025-06-30,UK,Food,13,705.67,9173.71
5291,2025-07-01,India,Clothing,9,285.0,2565.0
5292,2025-07-02,Brazil,Furniture,20,679.08,13581.6
5293,2025-07-03,USA,Sports,14,855.29,11974.06
5294,2025-07-04,Germany,Food,16,643.7,10299.2
5295,2025-07-05,UK,Food,15,756.01,11340.15
5296,2025-07-06,India,Furniture,12,783.01,9396.12
5297,2025-07-07,Brazil,Food,8,441.57,3532.56
5298,2025-07-08,France,Food,12,387.42,4649.04
5299,2025-07-09,Japan,Clothing,9,485.16,4366.44
5300,2025-07-10,Germany,Furniture,19,152.71,2901.49
5301,2025-07-11,Canada,Sports,14,483.61,6770.54
5302,2025-07-12,USA,Clothing,4,990.02,3960.08
5303,2025-07-13,UK,Furniture,19,353.56,6717.64
5304,2025-07-14,Brazil,Furniture,1,519.62,519.62
5305,2025-07-15,UK,Electronics,4,992.84,3971.36
5306,2025-07-16,Brazil,Sports,1,489.39,489.39
5307,2025-07-17,USA,Sports,5,635.94,3179.7
5308,2025-07-18,UK,Electronics,1,439.13,439.13
5309,2025-07-19,Japan,Furniture,10,556.07,5560.7
5310,2025-07-20,Brazil,Electronics,5,723.05,3615.25
5311,2025-07-21,Germany,Sports,16,72.02,1152.32
5312,2025-07-22,UK,Sports,14,601.8,8425.2
5313,2025-07-23,USA,Clothing,2,562.27,1124.54
5314,2025-07-24,France,Electronics,18,574.23,10336.14
5315,2025-07-25,UAE,Electronics,16,96.02,1536.32
5316,2025-07-26,Canada,Furniture,18,56.64,1019.52
5317,2025-07-27,Japan,Furniture,4,963.63,3854.52
5318,2025-07-28,Australia,Clothing,6,815.91,4895.46
5319,2025-07-29,Australia,Food,14,718.14,10053.96
5320,2025-07-30,France,Furniture,17,399.15,6785.55
5321,2025-07-31,India,Clothing,13,319.56,4154.28
5322,2025-08-01,Australia,Furniture,12,966.63,11599.56
5323,2025-08-02,UK,Sports,8,329.65,2637.2
5324,2025-08-03,Canada,Sports,14,157.45,2204.3
5325,2025-08-04,Japan,Clothing,12,955.9,11470.8
5326,2025-08-05,Japan,Furniture,13,859.07,11167.91
5327,2025-08-06,Germany,Electronics,9,876.01,7884.09
5328,2025-08-07,India,Food,13,844.72,10981.36
5329,2025-08-08,Australia,Furniture,11,242.03,2662.33
5330,2025-08-09,UK,Clothing,2,467.6,935.2
5331,2025-08-10,Brazil,Electronics,3,842.27,2526.81
5332,2025-08-11,India,Clothing,6,294.15,1764.9
5333,2025-08-12,Japan,Electronics,2,563.39,1126.78
5334,2025-08-13,Brazil,Clothing,7,254.34,1780.38
5335,2025-08-14,Brazil,Food,19,59.53,1131.07
5336,2025-08-15,USA,Food,13,354.42,4607.46
5337,2025-08-16,France,Sports,2,998.43,1996.86
5338,2025-08-17,UAE,Food,17,413.61,7031.37
5339,2025-08-18,Brazil,Clothing,12,677.61,8131.32
5340,2025-08-19,USA,Sports,5,713.44,3567.2
5341,2025-08-20,Japan,Furniture,15,94.84,1422.6
5342,2025-08-21,UK,Furniture,8,307.83,2462.64
5343,2025-08-22,UK,Electronics,8,324.2,2593.6
5344,2025-08-23,India,Clothing,11,774.62,8520.82
5345,2025-08-24,Germany,Food,8,239.56,1916.48
5346,2025-08-25,UAE,Food,16,830.12,13281.92
5347,2025-08-26,USA,Food,11,350.47,3855.17
5348,2025-08-27,Australia,Food,5,241.08,1205.4
5349,2025-08-28,Germany,Electronics,13,847.43,11016.59
5350,2025-08-29,Japan,Electronics,12,959.22,11510.64
5351,2025-08-30,UAE,Sports,3,379.96,1139.88
5352,2025-08-31,India,Electronics,9,325.2,2926.8
5353,2025-09-01,India,Furniture,6,15.08,90.48
5354,2025-09-02,France,Furniture,12,953.76,11445.12
5355,2025-09-03,Canada,Food,2,242.08,484.16
5356,2025-09-04,Australia,Furniture,8,804.55,6436.4
5357,2025-09-05,Australia,Food,18,552.11,9937.98
5358,2025-09-06,Australia,Furniture,19,762.46,14486.74
5359,2025-09-07,UAE,Sports,20,556.57,11131.4
5360,2025-09-08,USA,Sports,4,520.77,2083.08
5361,2025-09-09,Australia,Clothing,14,543.15,7604.1
5362,2025-09-10,Australia,Clothing,8,668.82,5350.56
5363,2025-09-11,France,Sports,12,699.61,8395.32
5364,2025-09-12,India,Clothing,6,663.23,3979.38
5365,2025-09-13,Germany,Electronics,17,256.46,4359.82
5366,2025-09-14,UK,Furniture,7,42.63,298.41
5367,2025-09-15,Germany,Furniture,16,803.61,12857.76
5368,2025-09-16,Australia,Clothing,15,680.66,10209.9
5369,2025-09-17,Japan,Food,9,759.21,6832.89
5370,2025-09-18,UK,Electronics,15,801.44,12021.6
5371,2025-09-19,UAE,Electronics,17,388.14,6598.38
5372,2025-09-20,UK,Furniture,10,585.81,5858.1
5373,2025-09-21,UK,Food,14,203.39,2847.46
5374,2025-09-22,Canada,Sports,9,238.39,2145.51
5375,2025-09-23,Australia,Electronics,7,83.55,584.85
5376,2025-09-24,Brazil,Food,6,720.51,4323.06
5377,2025-09-25,Germany,Electronics,16,200.65,3210.4
5378,2025-09-26,USA,Food,18,328.52,5913.36
5379,2025-09-27,USA,Food,12,261.06,3132.72
5380,2025-09-28,Australia,Furniture,13,181.85,2364.05
5381,2025-09-29,India,Clothing,18,359.74,6475.32
5382,2025-09-30,Canada,Clothing,15,527.17,7907.55
5383,2025-10-01,Germany,Sports,11,996.5,10961.5
5384,2025-10-02,India,Food,14,311.64,4362.96
5385,2025-10-03,Australia,Clothing,13,354.88,4613.44
5386,2025-10-04,Canada,Sports,12,870.06,10440.72
5387,2025-10-05,UAE,Clothing,3,607.59,1822.77
5388,2025-10-06,USA,Electronics,1,882.65,882.65
5389,2025-10-07,India,Food,5,207.38,1036.9
5390,2025-10-08,Australia,Sports,12,360.57,4326.84
5391,2025-10-09,India,Sports,1,964.93,964.93
5392,2025-10-10,UK,Sports,13,913.73,11878.49
5393,2025-10-11,Brazil,Electronics,6,301.03,1806.18
5394,2025-10-12,UAE,Sports,5,211.24,1056.2
5395,2025-10-13,Germany,Electronics,19,520.38,9887.22
5396,2025-10-14,Canada,Food,2,65.03,130.06
5397,2025-10-15,Brazil,Clothing,13,848.88,11035.44
5398,2025-10-16,France,Clothing,17,376.66,6403.22
5399,2025-10-17,UK,Electronics,2,819.13,1638.26
5400,2025-10-18,UK,Sports,9,221.45,1993.05
5401,2025-10-19,UK,Sports,7,33.26,232.82
5402,2025-10-20,Brazil,Electronics,3,890.54,2671.62
5403,2025-10-21,Canada,Electronics,18,777.52,13995.36
5404,2025-10-22,Australia,Electronics,10,789.64,7896.4
5405,2025-10-23,Japan,Furniture,17,879.54,14952.18
5406,2025-10-24,Brazil,Furniture,1,650.93,650.93
5407,2025-10-25,Australia,Food,4,824.78,3299.12
5408,2025-10-26,Japan,Furniture,20,968.72,19374.4
5409,2025-10-27,India,Clothing,14,834.32,11680.48
5410,2025-10-28,UK,Sports,5,208.12,1040.6
5411,2025-10-29,USA,Food,13,36.52,474.76
5412,2025-10-30,Australia,Furniture,5,531.24,2656.2
5413,2025-10-31,Australia,Electronics,7,816.96,5718.72
5414,2025-11-01,France,Electronics,18,783.9,14110.2
5415,2025-11-02,Australia,Electronics,3,191.2,573.6
5416,2025-11-03,France,Electronics,9,882.55,7942.95
5417,2025-11-04,France,Sports,15,90.6,1359.0
5418,2025-11-05,UAE,Furniture,3,584.37,1753.11
5419,2025-11-06,Brazil,Furniture,16,795.29,12724.64
5420,2025-11-07,Australia,Food,17,801.6,13627.2
5421,2025-11-08,Germany,Sports,10,774.46,7744.6
5422,2025-11-09,USA,Furniture,12,177.7,2132.4
5423,2025-11-10,UAE,Food,15,944.42,14166.3
5424,2025-11-11,Japan,Furniture,9,850.24,7652.16
5425,2025-11-12,UK,Food,7,231.23,1618.61
5426,2025-11-13,Japan,Food,11,614.95,6764.45
5427,2025-11-14,Australia,Sports,3,967.96,2903.88
5428,2025-11-15,India,Food,14,347.26,4861.64
5429,2025-11-16,Australia,Electronics,4,332.8,1331.2
5430,2025-11-17,France,Electronics,15,524.88,7873.2
5431,2025-11-18,Germany,Clothing,4,818.89,3275.56
5432,2025-11-19,Germany,Food,8,379.91,3039.28
5433,2025-11-20,France,Electronics,17,500.9,8515.3
5434,2025-11-21,USA,Electronics,20,712.25,14245.0
5435,2025-11-22,Australia,Electronics,15,132.59,1988.85
5436,2025-11-23,UAE,Sports,10,929.66,9296.6
5437,2025-11-24,UK,Clothing,5,127.16,635.8
5438,2025-11-25,UK,Sports,3,604.78,1814.34
5439,2025-11-26,UK,Food,19,264.01,5016.19
5440,2025-11-27,Brazil,Furniture,8,518.23,4145.84
5441,2025-11-28,Germany,Furniture,3,200.45,601.35
5442,2025-11-29,Germany,Sports,13,101.3,1316.9
5443,2025-11-30,Japan,Food,12,680.24,8162.88
5444,2025-12-01,Brazil,Sports,5,600.49,3002.45
5445,2025-12-02,USA,Clothing,12,936.65,11239.8
5446,2025-12-03,India,Electronics,15,331.96,4979.4
5447,2025-12-04,Japan,Furniture,3,629.95,1889.85
5448,2025-12-05,Canada,Sports,10,36.56,365.6
5449,2025-12-06,Japan,Food,20,564.34,11286.8
5450,2025-12-07,UAE,Sports,1,124.37,124.37
5451,2025-12-08,UAE,Furniture,6,652.25,3913.5
5452,2025-12-09,UK,Furniture,9,986.84,8881.56
5453,2025-12-10,Australia,Electronics,4,518.92,2075.68
5454,2025-12-11,USA,Clothing,12,674.37,8092.44
5455,2025-12-12,UK,Clothing,8,578.79,4630.32
5456,2025-12-13,Canada,Sports,14,432.46,6054.44
5457,2025-12-14,Canada,Clothing,14,784.5,10983.0
5458,2025-12-15,India,Electronics,11,886.09,9746.99
5459,2025-12-16,Australia,Food,14,964.56,13503.84
5460,2025-12-17,India,Furniture,16,297.15,4754.4
5461,2025-12-18,Germany,Furniture,13,513.38,6673.94
5462,2025-12-19,Germany,Food,7,199.05,1393.35
5463,2025-12-20,France,Sports,8,914.74,7317.92
5464,2025-12-21,Japan,Furniture,9,200.48,1804.32
5465,2025-12-22,France,Clothing,8,924.36,7394.88
5466,2025-12-23,UAE,Sports,12,40.23,482.76
5467,2025-12-24,Australia,Clothing,4,329.08,1316.32
5468,2025-12-25,UAE,Furniture,8,702.57,5620.56
5469,2025-12-26,Japan,Food,5,407.26,2036.3
5470,2025-12-27,Japan,Sports,11,300.07,3300.77
5471,2025-12-28,UK,Food,20,10.91,218.2
5472,2025-12-29,France,Electronics,10,535.26,5352.6
5473,2025-12-30,India,Electronics,17,63.21,1074.57
5474,2025-12-31,India,Clothing,16,381.12,6097.92
5475,2025-01-01,UK,Furniture,12,87.88,1054.56
5476,2025-01-02,Japan,Clothing,2,652.28,1304.56
5477,2025-01-03,India,Food,10,354.68,3546.8
5478,2025-01-04,Canada,Clothing,20,559.86,11197.2
5479,2025-01-05,USA,Sports,15,649.15,9737.25
5480,2025-01-06,UAE,Sports,6,979.8,5878.8
5481,2025-01-07,USA,Electronics,2,616.0,1232.0
5482,2025-01-08,Australia,Sports,14,788.0,11032.0
5483,2025-01-09,UK,Clothing,12,372.79,4473.48
5484,2025-01-10,India,Clothing,17,252.47,4291.99
5485,2025-01-11,France,Sports,19,170.83,3245.77
5486,2025-01-12,Japan,Sports,6,494.94,2969.64
5487,2025-01-13,UK,Sports,19,159.61,3032.59
5488,2025-01-14,France,Food,9,318.49,2866.41
5489,2025-01-15,UAE,Sports,20,174.71,3494.2
5490,2025-01-16,India,Food,13,724.79,9422.27
5491,2025-01-17,Canada,Furniture,13,345.51,4491.63
5492,2025-01-18,Germany,Furniture,20,428.74,8574.8
5493,2025-01-19,UAE,Sports,13,402.87,5237.31
5494,2025-01-20,France,Food,3,158.73,476.19
5495,2025-01-21,Canada,Electronics,9,149.24,1343.16
5496,2025-01-22,Australia,Electronics,8,369.78,2958.24
5497,2025-01-23,Brazil,Clothing,2,559.68,1119.36
5498,2025-01-24,Germany,Electronics,18,682.04,12276.72
5499,2025-01-25,India,Furniture,15,544.84,8172.6
5500,2025-01-26,Japan,Sports,18,667.03,12006.54
5501,2025-01-27,USA,Electronics,2,231.46,462.92
5502,2025-01-28,India,Electronics,1,329.7,329.7
5503,2025-01-29,Germany,Food,3,109.68,329.04
5504,2025-01-30,Brazil,Furniture,7,634.53,4441.71
5505,2025-01-31,UK,Food,20,24.9,498.0
5506,2025-02-01,Germany,Sports,16,547.35,8757.6
5507,2025-02-02,USA,Food,12,15.25,183.0
5508,2025-02-03,India,Furniture,6,754.04,4524.24
5509,2025-02-04,Japan,Electronics,15,607.76,9116.4
5510,2025-02-05,Canada,Electronics,10,829.35,8293.5
5511,2025-02-06,Brazil,Sports,11,48.25,530.75
5512,2025-02-07,UAE,Furniture,17,315.79,5368.43
5513,2025-02-08,France,Food,16,253.02,4048.32
5514,2025-02-09,UAE,Furniture,1,795.17,795.17
5515,2025-02-10,Japan,Clothing,15,180.69,2710.35
5516,2025-02-11,Germany,Food,12,794.27,9531.24
5517,2025-02-12,Brazil,Electronics,7,336.68,2356.76
5518,2025-02-13,Japan,Furniture,13,293.37,3813.81
5519,2025-02-14,UAE,Electronics,6,449.27,2695.62
5520,2025-02-15,France,Sports,9,266.99,2402.91
5521,2025-02-16,Australia,Furniture,6,347.3,2083.8
5522,2025-02-17,Canada,Furniture,6,348.62,2091.72
5523,2025-02-18,Australia,Electronics,1,324.12,324.12
5524,2025-02-19,India,Electronics,17,402.25,6838.25
5525,2025-02-20,Japan,Clothing,6,539.38,3236.28
5526,2025-02-21,Australia,Furniture,11,598.06,6578.66
5527,2025-02-22,France,Sports,2,757.97,1515.94
5528,2025-02-23,UK,Clothing,2,515.93,1031.86
5529,2025-02-24,Brazil,Food,5,301.79,1508.95
5530,2025-02-25,Canada,Clothing,7,148.34,1038.38
5531,2025-02-26,Germany,Food,3,486.11,1458.33
5532,2025-02-27,USA,Clothing,2,44.03,88.06
5533,2025-02-28,UK,Clothing,4,444.02,1776.08
5534,2025-03-01,Germany,Clothing,11,846.08,9306.88
5535,2025-03-02,Australia,Furniture,20,675.46,13509.2
5536,2025-03-03,Canada,Electronics,13,96.03,1248.39
5537,2025-03-04,France,Food,20,569.57,11391.4
5538,2025-03-05,UK,Furniture,2,266.2,532.4
5539,2025-03-06,Germany,Clothing,8,535.0,4280.0
5540,2025-03-07,Japan,Sports,18,464.76,8365.68
5541,2025-03-08,Germany,Clothing,4,410.62,1642.48
5542,2025-03-09,Japan,Furniture,8,431.59,3452.72
5543,2025-03-10,Brazil,Clothing,6,166.95,1001.7
5544,2025-03-11,India,Food,12,512.08,6144.96
5545,2025-03-12,Canada,Sports,6,802.09,4812.54
5546,2025-03-13,UAE,Electronics,7,193.89,1357.23
5547,2025-03-14,Australia,Sports,20,714.21,14284.2
5548,2025-03-15,Japan,Electronics,7,481.8,3372.6
5549,2025-03-16,UAE,Food,14,769.52,10773.28
5550,2025-03-17,Brazil,Electronics,8,902.31,7218.48
5551,2025-03-18,Brazil,Furniture,5,482.69,2413.45
5552,2025-03-19,Germany,Sports,5,30.57,152.85
5553,2025-03-20,India,Furniture,5,194.75,973.75
5554,2025-03-21,Australia,Sports,6,704.45,4226.7
5555,2025-03-22,France,Electronics,12,672.04,8064.48
5556,2025-03-23,Brazil,Food,16,271.62,4345.92
5557,2025-03-24,France,Sports,15,627.58,9413.7
5558,2025-03-25,UAE,Clothing,10,835.95,8359.5
5559,2025-03-26,Germany,Sports,6,539.23,3235.38
5560,2025-03-27,Japan,Clothing,8,359.86,2878.88
5561,2025-03-28,Brazil,Electronics,20,225.04,4500.8
5562,2025-03-29,India,Food,17,558.42,9493.14
5563,2025-03-30,Brazil,Sports,1,851.75,851.75
5564,2025-03-31,USA,Food,3,239.41,718.23
5565,2025-04-01,UAE,Food,12,388.07,4656.84
5566,2025-04-02,Brazil,Sports,19,427.37,8120.03
5567,2025-04-03,Canada,Clothing,10,528.49,5284.9
5568,2025-04-04,UK,Sports,13,149.91,1948.83
5569,2025-04-05,Australia,Electronics,13,977.82,12711.66
5570,2025-04-06,France,Clothing,5,633.01,3165.05
5571,2025-04-07,Japan,Clothing,8,486.8,3894.4
5572,2025-04-08,Germany,Food,18,814.1,14653.8
5573,2025-04-09,Japan,Sports,13,920.62,11968.06
5574,2025-04-10,Germany,Furniture,18,458.04,8244.72
5575,2025-04-11,India,Food,17,813.32,13826.44
5576,2025-04-12,Japan,Food,1,25.52,25.52
5577,2025-04-13,UAE,Clothing,3,636.09,1908.27
5578,2025-04-14,France,Clothing,18,577.56,10396.08
5579,2025-04-15,India,Food,17,149.68,2544.56
5580,2025-04-16,UAE,Furniture,12,82.46,989.52
5581,2025-04-17,USA,Clothing,5,779.62,3898.1
5582,2025-04-18,UAE,Sports,15,16.58,248.7
5583,2025-04-19,France,Clothing,3,600.85,1802.55
5584,2025-04-20,USA,Electronics,5,425.19,2125.95
5585,2025-04-21,Germany,Sports,10,86.83,868.3
5586,2025-04-22,Germany,Furniture,12,217.29,2607.48
5587,2025-04-23,Germany,Food,19,772.62,14679.78
5588,2025-04-24,USA,Food,15,56.2,843.0
5589,2025-04-25,USA,Electronics,15,180.82,2712.3
5590,2025-04-26,UK,Electronics,2,611.93,1223.86
5591,2025-04-27,India,Electronics,13,918.41,11939.33
5592,2025-04-28,UK,Electronics,5,70.44,352.2
5593,2025-04-29,Canada,Clothing,5,119.3,596.5
5594,2025-04-30,India,Sports,14,753.55,10549.7
5595,2025-05-01,USA,Electronics,16,746.67,11946.72
5596,2025-05-02,Japan,Furniture,17,584.62,9938.54
5597,2025-05-03,India,Sports,10,517.02,5170.2
5598,2025-05-04,Canada,Electronics,11,293.4,3227.4
5599,2025-05-05,Australia,Clothing,1,60.7,60.7
5600,2025-05-06,UAE,Food,3,934.34,2803.02
5601,2025-05-07,France,Sports,11,623.19,6855.09
5602,2025-05-08,Brazil,Electronics,17,993.53,16890.01
5603,2025-05-09,UK,Clothing,12,185.5,2226.0
5604,2025-05-10,France,Food,19,60.68,1152.92
5605,2025-05-11,India,Sports,15,450.42,6756.3
5606,2025-05-12,UK,Sports,13,974.34,12666.42
5607,2025-05-13,Canada,Sports,17,360.47,6127.99
5608,2025-05-14,UK,Furniture,8,502.49,4019.92
5609,2025-05-15,Germany,Furniture,12,784.58,9414.96
5610,2025-05-16,Canada,Clothing,19,853.12,16209.28
5611,2025-05-17,USA,Food,7,956.23,6693.61
5612,2025-05-18,Japan,Furniture,18,968.28,17429.04
5613,2025-05-19,India,Electronics,7,927.89,6495.23
5614,2025-05-20,Japan,Electronics,2,820.09,1640.18
5615,2025-05-21,Germany,Clothing,3,845.94,2537.82
5616,2025-05-22,India,Furniture,4,960.26,3841.04
5617,2025-05-23,France,Clothing,10,218.58,2185.8
5618,2025-05-24,Canada,Clothing,5,52.42,262.1
5619,2025-05-25,India,Furniture,18,389.07,7003.26
5620,2025-05-26,Germany,Electronics,18,596.61,10738.98
5621,2025-05-27,Japan,Food,3,166.67,500.01
5622,2025-05-28,UK,Sports,18,731.89,13174.02
5623,2025-05-29,USA,Furniture,3,314.73,944.19
5624,2025-05-30,India,Electronics,10,416.6,4166.0
5625,2025-05-31,Brazil,Sports,8,81.9,655.2
5626,2025-06-01,UAE,Food,14,269.54,3773.56
5627,2025-06-02,Australia,Electronics,17,176.6,3002.2
5628,2025-06-03,Japan,Sports,6,372.94,2237.64
5629,2025-06-04,UK,Electronics,9,441.14,3970.26
5630,2025-06-05,USA,Clothing,18,874.76,15745.68
5631,2025-06-06,Australia,Food,10,810.16,8101.6
5632,2025-06-07,UK,Food,13,932.23,12118.99
5633,2025-06-08,India,Sports,7,830.47,5813.29
5634,2025-06-09,Brazil,Furniture,10,545.49,5454.9
5635,2025-06-10,Brazil,Food,10,27.04,270.4
5636,2025-06-11,UK,Food,8,689.39,5515.12
5637,2025-06-12,Germany,Sports,18,683.75,12307.5
5638,2025-06-13,UK,Sports,11,685.36,7538.96
5639,2025-06-14,UK,Furniture,1,973.7,973.7
5640,2025-06-15,Brazil,Electronics,4,193.86,775.44
5641,2025-06-16,Japan,Clothing,6,474.06,2844.36
5642,2025-06-17,UK,Sports,7,421.3,2949.1
5643,2025-06-18,Germany,Sports,10,447.38,4473.8
5644,2025-06-19,Germany,Food,4,594.41,2377.64
5645,2025-06-20,Japan,Clothing,20,249.51,4990.2
5646,2025-06-21,UK,Food,16,860.07,13761.12
5647,2025-06-22,Canada,Electronics,12,447.98,5375.76
5648,2025-06-23,Germany,Electronics,2,554.63,1109.26
5649,2025-06-24,Brazil,Furniture,10,711.33,7113.3
5650,2025-06-25,Canada,Clothing,10,888.26,8882.6
5651,2025-06-26,USA,Sports,3,411.17,1233.51
5652,2025-06-27,Brazil,Furniture,19,154.41,2933.79
5653,2025-06-28,UK,Electronics,15,300.62,4509.3
5654,2025-06-29,UAE,Clothing,10,264.66,2646.6
5655,2025-06-30,UK,Sports,16,440.12,7041.92
5656,2025-07-01,UK,Clothing,4,605.24,2420.96
5657,2025-07-02,Canada,Clothing,16,435.89,6974.24
5658,2025-07-03,UK,Clothing,3,527.78,1583.34
5659,2025-07-04,Australia,Furniture,16,696.37,11141.92
5660,2025-07-05,UK,Clothing,2,229.27,458.54
5661,2025-07-06,Canada,Sports,4,256.03,1024.12
5662,2025-07-07,Canada,Furniture,16,204.34,3269.44
5663,2025-07-08,Germany,Food,3,595.34,1786.02
5664,2025-07-09,Japan,Clothing,20,604.47,12089.4
5665,2025-07-10,USA,Electronics,3,86.9,260.7
5666,2025-07-11,Brazil,Clothing,15,825.64,12384.6
5667,2025-07-12,France,Food,16,168.91,2702.56
5668,2025-07-13,Germany,Clothing,1,334.43,334.43
5669,2025-07-14,Germany,Sports,8,86.73,693.84
5670,2025-07-15,Brazil,Clothing,1,727.47,727.47
5671,2025-07-16,Australia,Sports,10,939.97,9399.7
5672,2025-07-17,France,Electronics,19,969.51,18420.69
5673,2025-07-18,Brazil,Furniture,18,791.42,14245.56
5674,2025-07-19,Japan,Electronics,3,957.22,2871.66
5675,2025-07-20,Australia,Furniture,13,858.85,11165.05
5676,2025-07-21,UK,Sports,3,171.07,513.21
5677,2025-07-22,Germany,Furniture,3,208.56,625.68
5678,2025-07-23,Japan,Electronics,12,285.53,3426.36
5679,2025-07-24,France,Sports,18,654.81,11786.58
5680,2025-07-25,USA,Clothing,18,174.29,3137.22
5681,2025-07-26,UAE,Food,9,189.5,1705.5
5682,2025-07-27,USA,Sports,13,508.56,6611.28
5683,2025-07-28,UAE,Furniture,1,897.07,897.07
5684,2025-07-29,UK,Furniture,6,146.55,879.3
5685,2025-07-30,UK,Clothing,16,543.89,8702.24
5686,2025-07-31,Japan,Furniture,8,917.13,7337.04
5687,2025-08-01,USA,Electronics,11,712.28,7835.08
5688,2025-08-02,Canada,Clothing,13,948.7,12333.1
5689,2025-08-03,France,Clothing,20,741.65,14833.0
5690,2025-08-04,Japan,Food,5,633.68,3168.4
5691,2025-08-05,Brazil,Furniture,12,260.19,3122.28
5692,2025-08-06,Japan,Electronics,11,201.77,2219.47
5693,2025-08-07,USA,Clothing,13,71.06,923.78
5694,2025-08-08,Germany,Clothing,7,578.87,4052.09
5695,2025-08-09,France,Clothing,4,467.81,1871.24
5696,2025-08-10,UK,Clothing,14,197.72,2768.08
5697,2025-08-11,Japan,Food,20,536.66,10733.2
5698,2025-08-12,Canada,Sports,12,910.7,10928.4
5699,2025-08-13,Canada,Electronics,19,373.92,7104.48
5700,2025-08-14,Australia,Furniture,14,277.83,3889.62
5701,2025-08-15,Japan,Furniture,5,478.82,2394.1
5702,2025-08-16,France,Electronics,2,179.18,358.36
5703,2025-08-17,UAE,Sports,14,857.79,12009.06
5704,2025-08-18,Brazil,Electronics,4,914.39,3657.56
5705,2025-08-19,Canada,Electronics,14,320.12,4481.68
5706,2025-08-20,Brazil,Electronics,17,651.13,11069.21
5707,2025-08-21,Brazil,Clothing,17,574.63,9768.71
5708,2025-08-22,France,Electronics,3,423.33,1269.99
5709,2025-08-23,France,Electronics,15,660.9,9913.5
5710,2025-08-24,France,Food,1,785.08,785.08
5711,2025-08-25,India,Sports,16,194.27,3108.32
5712,2025-08-26,UK,Sports,14,724.35,10140.9
5713,2025-08-27,India,Sports,5,989.31,4946.55
5714,2025-08-28,India,Electronics,3,239.02,717.06
5715,2025-08-29,Canada,Food,5,706.64,3533.2
5716,2025-08-30,Australia,Electronics,4,812.35,3249.4
5717,2025-08-31,India,Food,13,59.7,776.1
5718,2025-09-01,Germany,Electronics,13,545.92,7096.96
5719,2025-09-02,USA,Clothing,11,963.7,10600.7
5720,2025-09-03,Germany,Food,17,303.76,5163.92
5721,2025-09-04,UK,Food,10,237.84,2378.4
5722,2025-09-05,Brazil,Sports,13,631.2,8205.6
5723,2025-09-06,USA,Sports,10,954.64,9546.4
5724,2025-09-07,Germany,Sports,4,224.86,899.44
5725,2025-09-08,India,Electronics,13,136.25,1771.25
5726,2025-09-09,Japan,Electronics,8,42.72,341.76
5727,2025-09-10,USA,Electronics,3,232.28,696.84
5728,2025-09-11,Brazil,Food,9,659.16,5932.44
5729,2025-09-12,Japan,Electronics,14,27.7,387.8
5730,2025-09-13,Canada,Electronics,2,533.25,1066.5
5731,2025-09-14,France,Food,4,331.05,1324.2
5732,2025-09-15,USA,Furniture,17,531.83,9041.11
5733,2025-09-16,France,Sports,1,449.04,449.04
5734,2025-09-17,Brazil,Clothing,8,311.28,2490.24
5735,2025-09-18,Germany,Clothing,17,814.15,13840.55
5736,2025-09-19,Brazil,Clothing,17,830.79,14123.43
5737,2025-09-20,UAE,Furniture,14,158.55,2219.7
5738,2025-09-21,Canada,Electronics,7,515.1,3605.7
5739,2025-09-22,Brazil,Sports,19,478.92,9099.48
5740,2025-09-23,UAE,Sports,5,412.04,2060.2
5741,2025-09-24,UK,Electronics,8,163.41,1307.28
5742,2025-09-25,Canada,Electronics,13,633.36,8233.68
5743,2025-09-26,USA,Clothing,10,845.64,8456.4
5744,2025-09-27,Australia,Electronics,2,858.97,1717.94
5745,2025-09-28,Brazil,Electronics,8,639.55,5116.4
5746,2025-09-29,India,Clothing,19,912.27,17333.13
5747,2025-09-30,Australia,Food,8,881.99,7055.92
5748,2025-10-01,Canada,Food,10,971.47,9714.7
5749,2025-10-02,UAE,Furniture,2,838.95,1677.9
5750,2025-10-03,Germany,Furniture,19,24.25,460.75
5751,2025-10-04,Japan,Food,7,506.81,3547.67
5752,2025-10-05,UK,Clothing,12,131.26,1575.12
5753,2025-10-06,Japan,Electronics,14,806.67,11293.38
5754,2025-10-07,Canada,Sports,16,406.94,6511.04
5755,2025-10-08,Canada,Electronics,1,288.06,288.06
5756,2025-10-09,UAE,Furniture,20,146.22,2924.4
5757,2025-10-10,Germany,Sports,7,197.64,1383.48
5758,2025-10-11,USA,Furniture,5,437.11,2185.55
5759,2025-10-12,Japan,Food,3,451.48,1354.44
5760,2025-10-13,Australia,Electronics,10,828.8,8288.0
5761,2025-10-14,Germany,Sports,8,448.65,3589.2
5762,2025-10-15,Germany,Electronics,20,191.53,3830.6
5763,2025-10-16,France,Food,1,88.87,88.87
5764,2025-10-17,India,Furniture,5,898.88,4494.4
5765,2025-10-18,Brazil,Electronics,5,447.92,2239.6
5766,2025-10-19,Australia,Electronics,19,136.97,2602.43
5767,2025-10-20,USA,Electronics,18,631.65,11369.7
5768,2025-10-21,Canada,Clothing,14,626.19,8766.66
5769,2025-10-22,Canada,Furniture,4,283.34,1133.36
5770,2025-10-23,UK,Food,9,730.52,6574.68
5771,2025-10-24,UAE,Food,14,534.3,7480.2
5772,2025-10-25,Japan,Clothing,6,652.26,3913.56
5773,2025-10-26,France,Clothing,16,294.21,4707.36
5774,2025-10-27,USA,Food,2,981.98,1963.96
5775,2025-10-28,UAE,Clothing,17,19.31,328.27
5776,2025-10-29,Japan,Clothing,14,594.18,8318.52
5777,2025-10-30,Australia,Clothing,18,727.59,13096.62
5778,2025-10-31,France,Food,5,353.52,1767.6
5779,2025-11-01,Brazil,Food,17,563.72,9583.24
5780,2025-11-02,USA,Electronics,6,875.32,5251.92
5781,2025-11-03,UAE,Food,2,258.15,516.3
5782,2025-11-04,Australia,Furniture,5,28.95,144.75
5783,2025-11-05,USA,Food,15,759.0,11385.0
5784,2025-11-06,UK,Food,8,164.48,1315.84
5785,2025-11-07,Japan,Furniture,4,221.89,887.56
5786,2025-11-08,UK,Food,7,25.35,177.45
5787,2025-11-09,Japan,Furniture,7,119.2,834.4
5788,2025-11-10,Japan,Clothing,7,92.3,646.1
5789,2025-11-11,Australia,Furniture,19,455.99,8663.81
5790,2025-11-12,Japan,Clothing,14,256.44,3590.16
5791,2025-11-13,Australia,Electronics,4,717.49,2869.96
5792,2025-11-14,Canada,Furniture,2,130.98,261.96
5793,2025-11-15,France,Clothing,17,528.12,8978.04
5794,2025-11-16,UK,Furniture,10,994.73,9947.3
5795,2025-11-17,India,Electronics,9,186.9,1682.1
5796,2025-11-18,Germany,Sports,11,658.17,7239.87
5797,2025-11-19,France,Furniture,16,670.12,10721.92
5798,2025-11-20,Germany,Sports,20,248.28,4965.6
5799,2025-11-21,France,Sports,12,652.19,7826.28
5800,2025-11-22,UK,Clothing,3,482.43,1447.29
5801,2025-11-23,Brazil,Food,20,476.88,9537.6
5802,2025-11-24,USA,Sports,2,438.58,877.16
5803,2025-11-25,Germany,Sports,7,281.02,1967.14
5804,2025-11-26,UK,Sports,20,894.95,17899.0
5805,2025-11-27,USA,Food,13,742.77,9656.01
5806,2025-11-28,Australia,Food,12,599.99,7199.88
5807,2025-11-29,USA,Food,4,195.8,783.2
5808,2025-11-30,Australia,Clothing,8,342.81,2742.48
5809,2025-12-01,Brazil,Food,9,561.35,5052.15
5810,2025-12-02,India,Furniture,17,768.87,13070.79
5811,2025-12-03,India,Electronics,5,194.56,972.8
5812,2025-12-04,Brazil,Furniture,11,414.13,4555.43
5813,2025-12-05,India,Electronics,7,934.15,6539.05
5814,2025-12-06,France,Food,17,558.02,9486.34
5815,2025-12-07,UAE,Clothing,3,834.49,2503.47
5816,2025-12-08,UAE,Clothing,4,131.07,524.28
5817,2025-12-09,Canada,Electronics,10,199.18,1991.8
5818,2025-12-10,Canada,Sports,17,734.93,12493.81
5819,2025-12-11,India,Electronics,15,632.37,9485.55
5820,2025-12-12,UAE,Food,5,24.68,123.4
5821,2025-12-13,Japan,Electronics,6,74.22,445.32
5822,2025-12-14,UK,Furniture,7,269.6,1887.2
5823,2025-12-15,Japan,Furniture,14,684.1,9577.4
5824,2025-12-16,France,Furniture,8,362.34,2898.72
5825,2025-12-17,Canada,Furniture,7,619.91,4339.37
5826,2025-12-18,Canada,Clothing,7,651.76,4562.32
5827,2025-12-19,France,Clothing,15,381.78,5726.7
5828,2025-12-20,Brazil,Furniture,19,135.74,2579.06
5829,2025-12-21,USA,Furniture,15,74.98,1124.7
5830,2025-12-22,Germany,Sports,10,221.17,2211.7
5831,2025-12-23,USA,Furniture,13,490.77,6380.01
5832,2025-12-24,UK,Furniture,14,390.97,5473.58
5833,2025-12-25,Brazil,Clothing,13,712.93,9268.09
5834,2025-12-26,USA,Sports,18,315.65,5681.7
5835,2025-12-27,UAE,Food,7,666.37,4664.59
5836,2025-12-28,Japan,Food,3,562.7,1688.1
5837,2025-12-29,Canada,Furniture,5,820.59,4102.95
5838,2025-12-30,Japan,Sports,4,91.05,364.2
5839,2025-12-31,Canada,Food,17,561.04,9537.68
5840,2025-01-01,Germany,Food,1,555.37,555.37
5841,2025-01-02,France,Sports,16,407.48,6519.68
5842,2025-01-03,UK,Sports,4,245.96,983.84
5843,2025-01-04,Canada,Clothing,12,716.36,8596.32
5844,2025-01-05,UAE,Food,14,655.44,9176.16
5845,2025-01-06,Canada,Sports,6,711.99,4271.94
5846,2025-01-07,UAE,Furniture,17,505.85,8599.45
5847,2025-01-08,France,Electronics,1,990.57,990.57
5848,2025-01-09,Japan,Furniture,14,983.8,13773.2
5849,2025-01-10,France,Furniture,5,842.33,4211.65
5850,2025-01-11,USA,Food,9,805.31,7247.79
5851,2025-01-12,Brazil,Sports,17,541.62,9207.54
5852,2025-01-13,Germany,Electronics,13,712.22,9258.86
5853,2025-01-14,Canada,Furniture,2,363.85,727.7
5854,2025-01-15,Germany,Electronics,10,551.54,5515.4
5855,2025-01-16,UK,Sports,16,654.53,10472.48
5856,2025-01-17,UK,Food,15,860.89,12913.35
5857,2025-01-18,Brazil,Electronics,15,852.54,12788.1
5858,2025-01-19,UAE,Electronics,10,107.56,1075.6
5859,2025-01-20,Brazil,Clothing,4,374.55,1498.2
5860,2025-01-21,France,Furniture,12,265.99,3191.88
5861,2025-01-22,Germany,Electronics,20,254.26,5085.2
5862,2025-01-23,Australia,Sports,7,389.77,2728.39
5863,2025-01-24,France,Furniture,3,424.86,1274.58
5864,2025-01-25,France,Electronics,17,730.05,12410.85
5865,2025-01-26,UAE,Sports,17,999.98,16999.66
5866,2025-01-27,Australia,Food,12,502.88,6034.56
5867,2025-01-28,USA,Sports,17,185.76,3157.92
5868,2025-01-29,UAE,Electronics,7,453.78,3176.46
5869,2025-01-30,France,Furniture,9,479.38,4314.42
5870,2025-01-31,India,Clothing,6,655.36,3932.16
5871,2025-02-01,Brazil,Electronics,9,887.28,7985.52
5872,2025-02-02,Canada,Clothing,15,962.66,14439.9
5873,2025-02-03,Japan,Sports,17,288.48,4904.16
5874,2025-02-04,Australia,Electronics,9,956.07,8604.63
5875,2025-02-05,UK,Furniture,9,105.88,952.92
5876,2025-02-06,Australia,Sports,1,598.02,598.02
5877,2025-02-07,UAE,Furniture,2,137.15,274.3
5878,2025-02-08,Japan,Furniture,1,517.46,517.46
5879,2025-02-09,UAE,Furniture,6,714.82,4288.92
5880,2025-02-10,Canada,Food,8,615.0,4920.0
5881,2025-02-11,UK,Food,18,326.61,5878.98
5882,2025-02-12,Japan,Clothing,2,145.31,290.62
5883,2025-02-13,UAE,Electronics,7,552.36,3866.52
5884,2025-02-14,Canada,Furniture,16,654.58,10473.28
5885,2025-02-15,Australia,Food,5,120.33,601.65
5886,2025-02-16,Germany,Electronics,16,458.59,7337.44
5887,2025-02-17,UAE,Clothing,18,511.54,9207.72
5888,2025-02-18,France,Furniture,3,108.02,324.06
5889,2025-02-19,Brazil,Sports,6,435.85,2615.1
5890,2025-02-20,India,Food,15,975.09,14626.35
5891,2025-02-21,Germany,Electronics,4,593.77,2375.08
5892,2025-02-22,France,Clothing,14,215.66,3019.24
5893,2025-02-23,India,Food,10,49.0,490.0
5894,2025-02-24,Germany,Clothing,20,43.83,876.6
5895,2025-02-25,Canada,Food,15,445.31,6679.65
5896,2025-02-26,UAE,Furniture,16,801.31,12820.96
5897,2025-02-27,India,Sports,18,754.7,13584.6
5898,2025-02-28,Japan,Furniture,16,749.6,11993.6
5899,2025-03-01,France,Sports,9,317.54,2857.86
5900,2025-03-02,Germany,Clothing,16,827.18,13234.88
5901,2025-03-03,USA,Electronics,13,482.21,6268.73
5902,2025-03-04,Canada,Clothing,9,138.19,1243.71
5903,2025-03-05,France,Clothing,13,826.61,10745.93
5904,2025-03-06,Japan,Food,15,70.06,1050.9
5905,2025-03-07,UK,Food,18,856.02,15408.36
5906,2025-03-08,Australia,Food,10,138.09,1380.9
5907,2025-03-09,UK,Electronics,19,575.82,10940.58
5908,2025-03-10,Brazil,Clothing,20,67.73,1354.6
5909,2025-03-11,UAE,Sports,19,620.34,11786.46
5910,2025-03-12,USA,Electronics,8,999.42,7995.36
5911,2025-03-13,Australia,Clothing,12,675.87,8110.44
5912,2025-03-14,Japan,Clothing,15,812.42,12186.3
5913,2025-03-15,Canada,Sports,7,453.28,3172.96
5914,2025-03-16,France,Food,4,158.68,634.72
5915,2025-03-17,USA,Electronics,18,718.99,12941.82
5916,2025-03-18,Australia,Clothing,7,601.37,4209.59
5917,2025-03-19,Brazil,Sports,11,617.15,6788.65
5918,2025-03-20,Germany,Electronics,17,520.82,8853.94
5919,2025-03-21,UK,Sports,14,771.81,10805.34
5920,2025-03-22,India,Furniture,15,323.54,4853.1
5921,2025-03-23,Australia,Furniture,17,506.66,8613.22
5922,2025-03-24,Brazil,Electronics,3,508.88,1526.64
5923,2025-03-25,Brazil,Furniture,8,801.41,6411.28
5924,2025-03-26,Japan,Electronics,7,845.78,5920.46
5925,2025-03-27,Canada,Electronics,17,64.28,1092.76
5926,2025-03-28,France,Food,19,549.96,10449.24
5927,2025-03-29,UK,Clothing,6,119.6,717.6
5928,2025-03-30,Japan,Sports,4,110.97,443.88
5929,2025-03-31,India,Furniture,15,642.6,9639.0
5930,2025-04-01,UAE,Sports,15,923.3,13849.5
5931,2025-04-02,USA,Electronics,20,642.51,12850.2
5932,2025-04-03,Japan,Clothing,18,292.14,5258.52
5933,2025-04-04,Australia,Food,6,743.41,4460.46
5934,2025-04-05,Japan,Furniture,4,414.2,1656.8
5935,2025-04-06,UAE,Furniture,13,292.77,3806.01
5936,2025-04-07,Japan,Sports,18,292.99,5273.82
5937,2025-04-08,Germany,Clothing,13,123.22,1601.86
5938,2025-04-09,UK,Food,14,281.38,3939.32
5939,2025-04-10,Japan,Food,3,17.96,53.88
5940,2025-04-11,Japan,Furniture,9,455.52,4099.68
5941,2025-04-12,USA,Electronics,9,442.02,3978.18
5942,2025-04-13,Japan,Furniture,16,224.33,3589.28
5943,2025-04-14,UAE,Electronics,16,976.15,15618.4
5944,2025-04-15,Australia,Electronics,2,642.96,1285.92
5945,2025-04-16,Germany,Electronics,12,415.57,4986.84
5946,2025-04-17,India,Furniture,9,209.91,1889.19
5947,2025-04-18,Japan,Clothing,2,973.26,1946.52
5948,2025-04-19,Canada,Furniture,1,388.46,388.46
5949,2025-04-20,UAE,Electronics,8,208.64,1669.12
5950,2025-04-21,UAE,Clothing,13,538.08,6995.04
5951,2025-04-22,UK,Clothing,11,41.92,461.12
5952,2025-04-23,France,Clothing,17,957.85,16283.45
5953,2025-04-24,India,Furniture,19,147.47,2801.93
5954,2025-04-25,Australia,Food,1,692.49,692.49
5955,2025-04-26,Canada,Sports,11,540.96,5950.56
5956,2025-04-27,Brazil,Electronics,15,55.55,833.25
5957,2025-04-28,Australia,Furniture,15,327.26,4908.9
5958,2025-04-29,India,Furniture,10,762.78,7627.8
5959,2025-04-30,Germany,Furniture,9,76.42,687.78
5960,2025-05-01,India,Food,4,293.22,1172.88
5961,2025-05-02,UAE,Food,4,101.24,404.96
5962,2025-05-03,France,Clothing,1,680.6,680.6
5963,2025-05-04,India,Electronics,1,910.43,910.43
5964,2025-05-05,UAE,Furniture,3,879.18,2637.54
5965,2025-05-06,Germany,Furniture,19,989.43,18799.17
5966,2025-05-07,UK,Sports,6,162.02,972.12
5967,2025-05-08,USA,Sports,18,664.4,11959.2
5968,2025-05-09,Brazil,Electronics,16,667.89,10686.24
5969,2025-05-10,Australia,Clothing,11,559.13,6150.43
5970,2025-05-11,Australia,Food,14,546.55,7651.7
5971,2025-05-12,India,Food,13,317.96,4133.48
5972,2025-05-13,UK,Food,1,621.81,621.81
5973,2025-05-14,Australia,Clothing,18,818.51,14733.18
5974,2025-05-15,UAE,Furniture,13,908.15,11805.95
5975,2025-05-16,France,Clothing,8,178.39,1427.12
5976,2025-05-17,Japan,Furniture,3,134.04,402.12
5977,2025-05-18,France,Sports,16,829.05,13264.8
5978,2025-05-19,Germany,Electronics,17,832.27,14148.59
5979,2025-05-20,UAE,Clothing,14,362.41,5073.74
5980,2025-05-21,Japan,Furniture,13,111.91,1454.83
5981,2025-05-22,Brazil,Electronics,20,373.37,7467.4
5982,2025-05-23,Germany,Food,3,488.27,1464.81
5983,2025-05-24,USA,Sports,8,651.45,5211.6
5984,2025-05-25,Japan,Clothing,7,757.57,5302.99
5985,2025-05-26,Germany,Clothing,8,535.09,4280.72
5986,2025-05-27,Australia,Clothing,16,291.21,4659.36
5987,2025-05-28,India,Furniture,17,262.29,4458.93
5988,2025-05-29,Brazil,Electronics,5,341.18,1705.9
5989,2025-05-30,USA,Electronics,10,50.44,504.4
5990,2025-05-31,Brazil,Food,7,577.1,4039.7
5991,2025-06-01,Japan,Clothing,3,403.51,1210.53
5992,2025-06-02,USA,Food,7,518.07,3626.49
5993,2025-06-03,Canada,Clothing,18,268.93,4840.74
5994,2025-06-04,UK,Electronics,17,945.53,16074.01
5995,2025-06-05,UAE,Sports,18,511.81,9212.58
5996,2025-06-06,Brazil,Electronics,8,750.85,6006.8
5997,2025-06-07,UK,Furniture,11,936.71,10303.81
5998,2025-06-08,UK,Sports,13,489.14,6358.82
5999,2025-06-09,Brazil,Sports,17,930.33,15815.61
6000,2025-06-10,Brazil,Clothing,16,328.64,5258.24
6001,2025-06-11,UAE,Clothing,2,220.62,441.24
6002,2025-06-12,India,Electronics,6,112.2,673.2
6003,2025-06-13,UAE,Sports,16,223.73,3579.68
6004,2025-06-14,India,Furniture,11,913.68,10050.48
6005,2025-06-15,USA,Food,14,534.33,7480.62
6006,2025-06-16,USA,Electronics,2,262.57,525.14
6007,2025-06-17,Brazil,Sports,11,667.23,7339.53
6008,2025-06-18,Canada,Clothing,10,375.34,3753.4
6009,2025-06-19,India,Sports,7,919.53,6436.71
6010,2025-06-20,Canada,Sports,5,327.98,1639.9
6011,2025-06-21,UAE,Electronics,10,16.4,164.0
6012,2025-06-22,UAE,Electronics,4,920.84,3683.36
6013,2025-06-23,Australia,Furniture,18,624.4,11239.2
6014,2025-06-24,Australia,Clothing,17,586.92,9977.64
6015,2025-06-25,USA,Sports,9,916.91,8252.19
6016,2025-06-26,Germany,Electronics,20,577.33,11546.6
6017,2025-06-27,Germany,Clothing,17,132.25,2248.25
6018,2025-06-28,Australia,Clothing,1,129.33,129.33
6019,2025-06-29,Japan,Electronics,14,652.75,9138.5
6020,2025-06-30,Canada,Furniture,7,876.05,6132.35
6021,2025-07-01,France,Electronics,18,869.18,15645.24
6022,2025-07-02,Australia,Electronics,6,788.55,4731.3
6023,2025-07-03,Germany,Furniture,18,867.5,15615.0
6024,2025-07-04,Australia,Electronics,3,445.23,1335.69
6025,2025-07-05,Canada,Electronics,11,104.32,1147.52
6026,2025-07-06,Canada,Furniture,2,798.52,1597.04
6027,2025-07-07,UAE,Furniture,10,895.83,8958.3
6028,2025-07-08,USA,Sports,19,365.99,6953.81
6029,2025-07-09,Brazil,Food,17,759.38,12909.46
6030,2025-07-10,Canada,Sports,20,736.83,14736.6
6031,2025-07-11,France,Electronics,9,906.85,8161.65
6032,2025-07-12,Brazil,Food,8,411.38,3291.04
6033,2025-07-13,UAE,Electronics,20,470.92,9418.4
6034,2025-07-14,USA,Clothing,14,368.1,5153.4
6035,2025-07-15,Australia,Furniture,19,556.39,10571.41
6036,2025-07-16,UAE,Clothing,8,686.21,5489.68
6037,2025-07-17,UK,Sports,19,757.98,14401.62
6038,2025-07-18,India,Food,14,82.72,1158.08
6039,2025-07-19,UK,Clothing,8,668.53,5348.24
6040,2025-07-20,UK,Clothing,4,157.15,628.6
6041,2025-07-21,UAE,Furniture,16,690.24,11043.84
6042,2025-07-22,Japan,Food,18,357.23,6430.14
6043,2025-07-23,Canada,Food,20,276.69,5533.8
6044,2025-07-24,Brazil,Furniture,17,585.79,9958.43
6045,2025-07-25,Germany,Sports,5,582.36,2911.8
6046,2025-07-26,Canada,Electronics,19,134.05,2546.95
6047,2025-07-27,Australia,Electronics,2,611.36,1222.72
6048,2025-07-28,Brazil,Electronics,8,812.05,6496.4
6049,2025-07-29,UK,Sports,18,450.02,8100.36
6050,2025-07-30,Canada,Food,9,808.87,7279.83
6051,2025-07-31,Germany,Electronics,12,150.87,1810.44
6052,2025-08-01,USA,Sports,20,358.02,7160.4
6053,2025-08-02,Australia,Furniture,2,566.9,1133.8
6054,2025-08-03,Brazil,Clothing,18,859.78,15476.04
6055,2025-08-04,India,Furniture,6,594.48,3566.88
6056,2025-08-05,Brazil,Furniture,18,511.13,9200.34
6057,2025-08-06,UAE,Electronics,17,87.32,1484.44
6058,2025-08-07,USA,Food,10,758.56,7585.6
6059,2025-08-08,Brazil,Food,17,958.03,16286.51
6060,2025-08-09,Canada,Electronics,15,483.5,7252.5
6061,2025-08-10,UK,Food,18,477.47,8594.46
6062,2025-08-11,India,Furniture,9,561.69,5055.21
6063,2025-08-12,UK,Clothing,15,80.04,1200.6
6064,2025-08-13,Germany,Clothing,5,508.86,2544.3
6065,2025-08-14,Germany,Electronics,3,112.66,337.98
6066,2025-08-15,Germany,Electronics,15,238.96,3584.4
6067,2025-08-16,USA,Electronics,2,644.73,1289.46
6068,2025-08-17,Australia,Electronics,13,696.42,9053.46
6069,2025-08-18,France,Electronics,17,110.01,1870.17
6070,2025-08-19,Australia,Food,13,674.56,8769.28
6071,2025-08-20,Australia,Electronics,3,828.0,2484.0
6072,2025-08-21,Australia,Sports,12,533.88,6406.56
6073,2025-08-22,Germany,Sports,2,79.42,158.84
6074,2025-08-23,UAE,Clothing,1,939.63,939.63
6075,2025-08-24,France,Food,14,854.05,11956.7
6076,2025-08-25,India,Electronics,15,149.83,2247.45
6077,2025-08-26,USA,Furniture,11,34.5,379.5
6078,2025-08-27,Canada,Sports,10,89.45,894.5
6079,2025-08-28,Brazil,Furniture,18,134.51,2421.18
6080,2025-08-29,Japan,Sports,20,478.94,9578.8
6081,2025-08-30,UAE,Sports,18,453.07,8155.26
6082,2025-08-31,USA,Food,9,147.13,1324.17
6083,2025-09-01,Canada,Clothing,18,568.53,10233.54
6084,2025-09-02,Australia,Furniture,7,636.28,4453.96
6085,2025-09-03,UAE,Food,9,564.98,5084.82
6086,2025-09-04,France,Electronics,14,831.58,11642.12
6087,2025-09-05,Japan,Sports,1,751.59,751.59
6088,2025-09-06,Brazil,Furniture,2,664.26,1328.52
6089,2025-09-07,Brazil,Clothing,9,871.26,7841.34
6090,2025-09-08,USA,Clothing,11,54.58,600.38
6091,2025-09-09,France,Food,3,171.46,514.38
6092,2025-09-10,USA,Clothing,18,360.99,6497.82
6093,2025-09-11,Brazil,Clothing,2,80.68,161.36
6094,2025-09-12,USA,Electronics,17,359.89,6118.13
6095,2025-09-13,USA,Furniture,4,180.86,723.44
6096,2025-09-14,USA,Food,15,696.71,10450.65
6097,2025-09-15,Australia,Electronics,12,262.24,3146.88
6098,2025-09-16,Japan,Furniture,6,469.7,2818.2
6099,2025-09-17,France,Clothing,1,779.55,779.55
6100,2025-09-18,UK,Clothing,12,944.79,11337.48
6101,2025-09-19,India,Food,14,973.92,13634.88
6102,2025-09-20,USA,Clothing,8,373.99,2991.92
6103,2025-09-21,Australia,Electronics,11,411.2,4523.2
6104,2025-09-22,Japan,Furniture,16,898.59,14377.44
6105,2025-09-23,Brazil,Furniture,15,31.53,472.95
6106,2025-09-24,Australia,Sports,15,410.64,6159.6
6107,2025-09-25,Brazil,Furniture,12,492.83,5913.96
6108,2025-09-26,Australia,Sports,11,101.83,1120.13
6109,2025-09-27,Brazil,Electronics,13,587.75,7640.75
6110,2025-09-28,Brazil,Food,4,810.81,3243.24
6111,2025-09-29,Germany,Clothing,1,810.59,810.59
6112,2025-09-30,UK,Food,6,123.81,742.86
6113,2025-10-01,Australia,Furniture,6,664.78,3988.68
6114,2025-10-02,Australia,Sports,14,221.74,3104.36
6115,2025-10-03,Germany,Clothing,11,743.03,8173.33
6116,2025-10-04,France,Clothing,12,438.85,5266.2
6117,2025-10-05,Australia,Clothing,15,584.09,8761.35
6118,2025-10-06,Australia,Food,8,686.71,5493.68
6119,2025-10-07,UAE,Clothing,11,928.48,10213.28
6120,2025-10-08,Australia,Furniture,16,343.54,5496.64
6121,2025-10-09,Canada,Clothing,5,798.96,3994.8
6122,2025-10-10,Australia,Clothing,7,625.87,4381.09
6123,2025-10-11,USA,Furniture,11,435.88,4794.68
6124,2025-10-12,France,Clothing,9,136.59,1229.31
6125,2025-10-13,Australia,Food,16,143.78,2300.48
6126,2025-10-14,UK,Clothing,17,529.33,8998.61
6127,2025-10-15,Canada,Food,10,367.03,3670.3
6128,2025-10-16,Brazil,Furniture,13,234.69,3050.97
6129,2025-10-17,France,Clothing,12,359.32,4311.84
6130,2025-10-18,France,Sports,1,13.1,13.1
6131,2025-10-19,Canada,Sports,11,528.5,5813.5
6132,2025-10-20,India,Sports,15,152.18,2282.7
6133,2025-10-21,India,Clothing,4,10.59,42.36
6134,2025-10-22,Australia,Electronics,19,507.26,9637.94
6135,2025-10-23,France,Electronics,2,390.89,781.78
6136,2025-10-24,Japan,Electronics,16,660.46,10567.36
6137,2025-10-25,France,Sports,8,705.66,5645.28
6138,2025-10-26,Brazil,Clothing,15,66.69,1000.35
6139,2025-10-27,UAE,Furniture,5,794.52,3972.6
6140,2025-10-28,Canada,Furniture,1,635.4,635.4
6141,2025-10-29,India,Food,11,973.7,10710.7
6142,2025-10-30,Germany,Sports,14,824.78,11546.92
6143,2025-10-31,UAE,Sports,10,785.38,7853.8
6144,2025-11-01,USA,Furniture,13,338.78,4404.14
6145,2025-11-02,USA,Electronics,2,497.74,995.48
6146,2025-11-03,Australia,Electronics,19,719.17,13664.23
6147,2025-11-04,Brazil,Clothing,20,439.44,8788.8
6148,2025-11-05,UK,Sports,3,130.03,390.09
6149,2025-11-06,Japan,Furniture,12,719.41,8632.92
6150,2025-11-07,France,Sports,6,19.08,114.48
6151,2025-11-08,UAE,Electronics,20,480.17,9603.4
6152,2025-11-09,India,Sports,4,845.99,3383.96
6153,2025-11-10,UAE,Furniture,8,339.17,2713.36
6154,2025-11-11,Japan,Clothing,6,350.91,2105.46
6155,2025-11-12,Germany,Sports,16,110.15,1762.4
6156,2025-11-13,UK,Sports,19,245.97,4673.43
6157,2025-11-14,Canada,Food,9,22.93,206.37
6158,2025-11-15,Australia,Sports,11,932.47,10257.17
6159,2025-11-16,USA,Sports,19,407.5,7742.5
6160,2025-11-17,France,Furniture,14,14.66,205.24
6161,2025-11-18,France,Sports,14,210.78,2950.92
6162,2025-11-19,Australia,Furniture,8,679.06,5432.48
6163,2025-11-20,France,Clothing,15,891.02,13365.3
6164,2025-11-21,Canada,Furniture,16,350.37,5605.92
6165,2025-11-22,France,Furniture,2,330.33,660.66
6166,2025-11-23,UAE,Electronics,19,83.19,1580.61
6167,2025-11-24,India,Food,4,558.55,2234.2
6168,2025-11-25,Japan,Furniture,20,141.73,2834.6
6169,2025-11-26,Japan,Food,16,124.11,1985.76
6170,2025-11-27,France,Clothing,8,312.5,2500.0
6171,2025-11-28,France,Electronics,7,980.87,6866.09
6172,2025-11-29,India,Food,12,528.42,6341.04
6173,2025-11-30,India,Clothing,18,420.86,7575.48
6174,2025-12-01,UAE,Furniture,4,113.42,453.68
6175,2025-12-02,UAE,Electronics,9,767.16,6904.44
6176,2025-12-03,Canada,Sports,16,572.74,9163.84
6177,2025-12-04,Japan,Electronics,7,325.3,2277.1
6178,2025-12-05,Brazil,Sports,4,368.58,1474.32
6179,2025-12-06,Canada,Food,17,772.63,13134.71
6180,2025-12-07,France,Clothing,13,539.7,7016.1
6181,2025-12-08,Brazil,Food,6,69.87,419.22
6182,2025-12-09,India,Electronics,15,386.89,5803.35
6183,2025-12-10,Japan,Food,15,341.43,5121.45
6184,2025-12-11,Australia,Electronics,14,641.76,8984.64
6185,2025-12-12,India,Sports,20,74.74,1494.8
6186,2025-12-13,Australia,Furniture,12,284.44,3413.28
6187,2025-12-14,Japan,Food,5,942.89,4714.45
6188,2025-12-15,UK,Sports,4,505.42,2021.68
6189,2025-12-16,USA,Clothing,20,529.61,10592.2
6190,2025-12-17,Germany,Electronics,11,445.15,4896.65
6191,2025-12-18,Japan,Sports,13,575.26,7478.38
6192,2025-12-19,UK,Sports,5,762.01,3810.05
6193,2025-12-20,France,Electronics,9,673.18,6058.62
6194,2025-12-21,USA,Food,9,287.94,2591.46
6195,2025-12-22,India,Electronics,18,259.0,4662.0
6196,2025-12-23,UAE,Clothing,11,145.47,1600.17
6197,2025-12-24,India,Sports,10,872.12,8721.2
6198,2025-12-25,UAE,Clothing,10,382.04,3820.4
6199,2025-12-26,Canada,Clothing,19,745.86,14171.34
6200,2025-12-27,Japan,Clothing,20,93.53,1870.6
6201,2025-12-28,Brazil,Food,18,106.58,1918.44
6202,2025-12-29,Canada,Furniture,19,113.82,2162.58
6203,2025-12-30,Japan,Sports,13,641.57,8340.41
6204,2025-12-31,Australia,Clothing,2,938.04,1876.08
6205,2025-01-01,Germany,Clothing,6,644.9,3869.4
6206,2025-01-02,UAE,Food,10,927.07,9270.7
6207,2025-01-03,Canada,Sports,15,435.64,6534.6
6208,2025-01-04,Germany,Electronics,17,505.51,8593.67
6209,2025-01-05,India,Furniture,2,426.36,852.72
6210,2025-01-06,India,Furniture,13,89.36,1161.68
6211,2025-01-07,UAE,Electronics,10,200.82,2008.2
6212,2025-01-08,UAE,Sports,20,71.49,1429.8
6213,2025-01-09,Canada,Food,7,510.24,3571.68
6214,2025-01-10,Germany,Food,10,191.83,1918.3
6215,2025-01-11,UK,Electronics,12,478.55,5742.6
6216,2025-01-12,UAE,Electronics,20,306.99,6139.8
6217,2025-01-13,Australia,Clothing,19,635.94,12082.86
6218,2025-01-14,Canada,Sports,3,656.98,1970.94
6219,2025-01-15,UK,Sports,15,545.71,8185.65
6220,2025-01-16,India,Sports,14,775.18,10852.52
6221,2025-01-17,UAE,Food,19,187.73,3566.87
6222,2025-01-18,Japan,Sports,13,165.63,2153.19
6223,2025-01-19,UK,Clothing,6,849.53,5097.18
6224,2025-01-20,France,Sports,12,855.68,10268.16
6225,2025-01-21,Germany,Food,13,977.96,12713.48
6226,2025-01-22,Australia,Sports,12,251.66,3019.92
6227,2025-01-23,Canada,Food,20,383.73,7674.6
6228,2025-01-24,USA,Electronics,15,420.55,6308.25
6229,2025-01-25,Brazil,Clothing,7,653.84,4576.88
6230,2025-01-26,India,Furniture,2,677.67,1355.34
6231,2025-01-27,USA,Food,19,883.91,16794.29
6232,2025-01-28,UK,Food,18,276.09,4969.62
6233,2025-01-29,UK,Clothing,14,679.59,9514.26
6234,2025-01-30,Brazil,Sports,18,604.81,10886.58
6235,2025-01-31,Germany,Food,20,754.62,15092.4
6236,2025-02-01,France,Food,8,450.1,3600.8
6237,2025-02-02,UAE,Electronics,13,735.8,9565.4
6238,2025-02-03,USA,Furniture,5,371.91,1859.55
6239,2025-02-04,India,Furniture,17,177.46,3016.82
6240,2025-02-05,UK,Electronics,20,156.65,3133.0
6241,2025-02-06,USA,Clothing,10,501.51,5015.1
6242,2025-02-07,Japan,Food,11,178.43,1962.73
6243,2025-02-08,Japan,Clothing,5,561.21,2806.05
6244,2025-02-09,Australia,Clothing,2,247.4,494.8
6245,2025-02-10,UAE,Clothing,6,344.86,2069.16
6246,2025-02-11,France,Sports,5,112.86,564.3
6247,2025-02-12,Japan,Food,10,700.12,7001.2
6248,2025-02-13,Brazil,Food,6,138.12,828.72
6249,2025-02-14,UAE,Electronics,3,714.52,2143.56
6250,2025-02-15,Canada,Sports,12,647.24,7766.88
6251,2025-02-16,Japan,Electronics,16,405.13,6482.08
6252,2025-02-17,UAE,Electronics,8,571.85,4574.8
6253,2025-02-18,UAE,Sports,20,314.43,6288.6
6254,2025-02-19,UK,Food,16,889.24,14227.84
6255,2025-02-20,India,Electronics,18,22.77,409.86
6256,2025-02-21,UK,Food,12,65.4,784.8
6257,2025-02-22,Japan,Clothing,6,691.89,4151.34
6258,2025-02-23,Australia,Electronics,10,429.72,4297.2
6259,2025-02-24,Canada,Clothing,9,711.38,6402.42
6260,2025-02-25,USA,Electronics,15,75.5,1132.5
6261,2025-02-26,Australia,Electronics,12,343.46,4121.52
6262,2025-02-27,Germany,Electronics,16,802.46,12839.36
6263,2025-02-28,Canada,Clothing,12,302.49,3629.88
6264,2025-03-01,Germany,Clothing,11,293.5,3228.5
6265,2025-03-02,France,Sports,8,259.34,2074.72
6266,2025-03-03,Brazil,Furniture,16,236.94,3791.04
6267,2025-03-04,France,Furniture,19,761.5,14468.5
6268,2025-03-05,India,Clothing,18,239.38,4308.84
6269,2025-03-06,UAE,Sports,1,572.57,572.57
6270,2025-03-07,USA,Food,14,756.27,10587.78
6271,2025-03-08,Australia,Food,9,420.49,3784.41
6272,2025-03-09,UAE,Electronics,15,129.31,1939.65
6273,2025-03-10,UAE,Furniture,18,415.2,7473.6
6274,2025-03-11,India,Furniture,9,331.47,2983.23
6275,2025-03-12,France,Electronics,20,864.53,17290.6
6276,2025-03-13,USA,Food,1,422.42,422.42
6277,2025-03-14,France,Food,1,255.39,255.39
6278,2025-03-15,Brazil,Clothing,8,779.68,6237.44
6279,2025-03-16,India,Sports,10,975.07,9750.7
6280,2025-03-17,Japan,Clothing,14,244.15,3418.1
6281,2025-03-18,India,Food,15,601.91,9028.65
6282,2025-03-19,Canada,Clothing,15,769.62,11544.3
6283,2025-03-20,UAE,Furniture,9,271.85,2446.65
6284,2025-03-21,Canada,Furniture,5,429.89,2149.45
6285,2025-03-22,UK,Sports,2,165.52,331.04
6286,2025-03-23,USA,Food,14,76.47,1070.58
6287,2025-03-24,Australia,Furniture,1,428.99,428.99
6288,2025-03-25,Australia,Food,16,595.81,9532.96
6289,2025-03-26,USA,Sports,12,586.78,7041.36
6290,2025-03-27,Japan,Food,18,642.66,11567.88
6291,2025-03-28,Germany,Food,4,259.89,1039.56
6292,2025-03-29,UAE,Sports,16,293.14,4690.24
6293,2025-03-30,Brazil,Sports,14,979.85,13717.9
6294,2025-03-31,Australia,Sports,7,860.48,6023.36
6295,2025-04-01,India,Clothing,11,804.28,8847.08
6296,2025-04-02,India,Clothing,11,153.95,1693.45
6297,2025-04-03,Australia,Food,5,230.01,1150.05
6298,2025-04-04,France,Furniture,11,601.91,6621.01
6299,2025-04-05,Australia,Furniture,8,487.11,3896.88
6300,2025-04-06,Germany,Sports,19,763.55,14507.45
6301,2025-04-07,Australia,Electronics,2,574.97,1149.94
6302,2025-04-08,Canada,Furniture,15,993.7,14905.5
6303,2025-04-09,Australia,Electronics,6,159.84,959.04
6304,2025-04-10,Australia,Food,18,794.56,14302.08
6305,2025-04-11,UK,Food,3,391.5,1174.5
6306,2025-04-12,Canada,Furniture,4,953.02,3812.08
6307,2025-04-13,UAE,Food,17,374.21,6361.57
6308,2025-04-14,Japan,Electronics,10,977.25,9772.5
6309,2025-04-15,UK,Sports,3,691.64,2074.92
6310,2025-04-16,USA,Clothing,15,302.78,4541.7
6311,2025-04-17,Canada,Electronics,2,957.18,1914.36
6312,2025-04-18,Canada,Electronics,20,730.19,14603.8
6313,2025-04-19,Germany,Electronics,20,164.95,3299.0
6314,2025-04-20,France,Sports,14,196.6,2752.4
6315,2025-04-21,Canada,Electronics,1,901.71,901.71
6316,2025-04-22,Australia,Food,16,73.16,1170.56
6317,2025-04-23,Germany,Furniture,16,530.76,8492.16
6318,2025-04-24,Germany,Food,11,159.07,1749.77
6319,2025-04-25,France,Furniture,8,655.57,5244.56
6320,2025-04-26,France,Electronics,11,621.14,6832.54
6321,2025-04-27,Canada,Clothing,4,681.01,2724.04
6322,2025-04-28,Australia,Electronics,14,548.88,7684.32
6323,2025-04-29,India,Food,1,981.66,981.66
6324,2025-04-30,UK,Furniture,17,339.78,5776.26
6325,2025-05-01,France,Clothing,19,928.59,17643.21
6326,2025-05-02,Japan,Clothing,16,866.63,13866.08
6327,2025-05-03,France,Furniture,18,480.73,8653.14
6328,2025-05-04,UK,Electronics,3,222.88,668.64
6329,2025-05-05,Canada,Furniture,16,810.76,12972.16
6330,2025-05-06,Japan,Electronics,18,134.86,2427.48
6331,2025-05-07,Brazil,Electronics,15,850.21,12753.15
6332,2025-05-08,Germany,Clothing,13,144.2,1874.6
6333,2025-05-09,USA,Clothing,9,584.45,5260.05
6334,2025-05-10,Canada,Clothing,20,24.27,485.4
6335,2025-05-11,UK,Sports,18,804.1,14473.8
6336,2025-05-12,Germany,Food,13,818.58,10641.54
6337,2025-05-13,Brazil,Food,2,498.98,997.96
6338,2025-05-14,UAE,Electronics,12,384.0,4608.0
6339,2025-05-15,UK,Food,12,243.08,2916.96
6340,2025-05-16,Brazil,Food,20,485.1,9702.0
6341,2025-05-17,Japan,Electronics,17,964.42,16395.14
6342,2025-05-18,USA,Electronics,5,687.17,3435.85
6343,2025-05-19,India,Sports,7,195.78,1370.46
6344,2025-05-20,Australia,Electronics,4,127.79,511.16
6345,2025-05-21,Australia,Electronics,16,368.73,5899.68
6346,2025-05-22,India,Furniture,1,392.22,392.22
6347,2025-05-23,India,Electronics,5,764.22,3821.1
6348,2025-05-24,UK,Food,14,465.1,6511.4
6349,2025-05-25,France,Electronics,7,400.74,2805.18
6350,2025-05-26,Canada,Furniture,1,652.14,652.14
6351,2025-05-27,Canada,Electronics,8,821.16,6569.28
6352,2025-05-28,UK,Furniture,6,494.29,2965.74
6353,2025-05-29,UK,Furniture,12,203.22,2438.64
6354,2025-05-30,India,Food,17,910.03,15470.51
6355,2025-05-31,India,Electronics,18,948.74,17077.32
6356,2025-06-01,UK,Clothing,7,901.87,6313.09
6357,2025-06-02,UAE,Sports,7,916.54,6415.78
6358,2025-06-03,France,Food,2,937.71,1875.42
6359,2025-06-04,USA,Furniture,11,168.03,1848.33
6360,2025-06-05,Brazil,Sports,13,59.86,778.18
6361,2025-06-06,UK,Electronics,10,613.64,6136.4
6362,2025-06-07,Japan,Electronics,18,935.68,16842.24
6363,2025-06-08,Australia,Sports,9,655.75,5901.75
6364,2025-06-09,Japan,Electronics,17,594.77,10111.09
6365,2025-06-10,UAE,Furniture,20,506.8,10136.0
6366,2025-06-11,Brazil,Clothing,17,973.41,16547.97
6367,2025-06-12,Canada,Food,2,692.59,1385.18
6368,2025-06-13,USA,Furniture,14,175.77,2460.78
6369,2025-06-14,UK,Electronics,17,309.48,5261.16
6370,2025-06-15,France,Sports,7,342.18,2395.26
6371,2025-06-16,UAE,Clothing,12,440.65,5287.8
6372,2025-06-17,India,Electronics,7,18.64,130.48
6373,2025-06-18,Canada,Food,15,718.83,10782.45
6374,2025-06-19,UAE,Furniture,1,330.52,330.52
6375,2025-06-20,Australia,Food,2,531.15,1062.3
6376,2025-06-21,UK,Sports,13,565.34,7349.42
6377,2025-06-22,UK,Electronics,11,218.47,2403.17
6378,2025-06-23,Australia,Sports,12,247.0,2964.0
6379,2025-06-24,France,Sports,2,638.6,1277.2
6380,2025-06-25,Germany,Electronics,13,824.86,10723.18
6381,2025-06-26,Brazil,Food,20,68.75,1375.0
6382,2025-06-27,UAE,Clothing,11,672.24,7394.64
6383,2025-06-28,Japan,Food,7,727.45,5092.15
6384,2025-06-29,UK,Furniture,16,393.24,6291.84
6385,2025-06-30,Japan,Food,13,694.88,9033.44
6386,2025-07-01,UAE,Food,19,585.41,11122.79
6387,2025-07-02,Canada,Food,1,172.33,172.33
6388,2025-07-03,Australia,Clothing,20,852.49,17049.8
6389,2025-07-04,Canada,Electronics,12,40.26,483.12
6390,2025-07-05,Brazil,Electronics,10,543.78,5437.8
6391,2025-07-06,UK,Electronics,6,796.28,4777.68
6392,2025-07-07,UK,Electronics,14,881.11,12335.54
6393,2025-07-08,Canada,Clothing,13,534.68,6950.84
6394,2025-07-09,Canada,Furniture,5,497.66,2488.3
6395,2025-07-10,USA,Clothing,9,176.09,1584.81
6396,2025-07-11,India,Food,18,916.94,16504.92
6397,2025-07-12,USA,Electronics,5,286.15,1430.75
6398,2025-07-13,India,Sports,9,90.82,817.38
6399,2025-07-14,USA,Sports,5,28.82,144.1
6400,2025-07-15,Canada,Sports,20,32.94,658.8
6401,2025-07-16,Brazil,Furniture,9,943.84,8494.56
6402,2025-07-17,UAE,Electronics,7,217.39,1521.73
6403,2025-07-18,USA,Furniture,20,99.02,1980.4
6404,2025-07-19,Australia,Sports,10,497.9,4979.0
6405,2025-07-20,Germany,Sports,13,697.81,9071.53
6406,2025-07-21,France,Electronics,8,695.37,5562.96
6407,2025-07-22,Canada,Food,11,356.75,3924.25
6408,2025-07-23,Germany,Clothing,19,226.42,4301.98
6409,2025-07-24,India,Sports,4,487.9,1951.6
6410,2025-07-25,UAE,Food,3,737.92,2213.76
6411,2025-07-26,Australia,Electronics,11,900.37,9904.07
6412,2025-07-27,Japan,Furniture,13,466.72,6067.36
6413,2025-07-28,Germany,Furniture,14,767.73,10748.22
6414,2025-07-29,Germany,Clothing,2,226.55,453.1
6415,2025-07-30,Brazil,Food,20,892.16,17843.2
6416,2025-07-31,France,Food,20,455.07,9101.4
6417,2025-08-01,India,Electronics,1,890.07,890.07
6418,2025-08-02,Brazil,Clothing,4,453.73,1814.92
6419,2025-08-03,Japan,Clothing,1,242.82,242.82
6420,2025-08-04,Brazil,Food,2,410.95,821.9
6421,2025-08-05,UAE,Food,14,385.86,5402.04
6422,2025-08-06,Brazil,Electronics,3,99.38,298.14
6423,2025-08-07,Canada,Furniture,12,658.41,7900.92
6424,2025-08-08,UK,Sports,17,766.9,13037.3
6425,2025-08-09,India,Furniture,5,98.21,491.05
6426,2025-08-10,Canada,Furniture,10,361.48,3614.8
6427,2025-08-11,USA,Furniture,3,190.61,571.83
6428,2025-08-12,Canada,Clothing,7,447.93,3135.51
6429,2025-08-13,Germany,Furniture,11,306.29,3369.19
6430,2025-08-14,Germany,Clothing,15,236.98,3554.7
6431,2025-08-15,India,Sports,15,272.88,4093.2
6432,2025-08-16,Germany,Furniture,18,342.67,6168.06
6433,2025-08-17,France,Clothing,4,807.66,3230.64
6434,2025-08-18,France,Food,13,422.41,5491.33
6435,2025-08-19,Germany,Food,15,400.35,6005.25
6436,2025-08-20,Germany,Food,11,64.32,707.52
6437,2025-08-21,Canada,Sports,20,512.4,10248.0
6438,2025-08-22,Germany,Furniture,11,476.51,5241.61
6439,2025-08-23,USA,Electronics,2,741.87,1483.74
6440,2025-08-24,USA,Furniture,13,343.49,4465.37
6441,2025-08-25,Brazil,Furniture,8,638.99,5111.92
6442,2025-08-26,Canada,Sports,12,241.31,2895.72
6443,2025-08-27,Brazil,Furniture,12,981.62,11779.44
6444,2025-08-28,India,Clothing,9,419.4,3774.6
6445,2025-08-29,USA,Clothing,5,820.83,4104.15
6446,2025-08-30,Australia,Electronics,14,329.12,4607.68
6447,2025-08-31,UK,Electronics,12,431.39,5176.68
6448,2025-09-01,Germany,Furniture,9,133.76,1203.84
6449,2025-09-02,France,Electronics,5,619.4,3097.0
6450,2025-09-03,Australia,Clothing,17,426.33,7247.61
6451,2025-09-04,USA,Furniture,1,131.24,131.24
6452,2025-09-05,France,Food,8,128.43,1027.44
6453,2025-09-06,India,Sports,15,159.16,2387.4
6454,2025-09-07,UK,Furniture,1,806.28,806.28
6455,2025-09-08,USA,Food,12,934.08,11208.96
6456,2025-09-09,UAE,Furniture,14,17.7,247.8
6457,2025-09-10,India,Sports,2,834.23,1668.46
6458,2025-09-11,France,Food,16,586.73,9387.68
6459,2025-09-12,UK,Clothing,9,806.98,7262.82
6460,2025-09-13,France,Electronics,9,217.12,1954.08
6461,2025-09-14,Japan,Clothing,5,91.98,459.9
6462,2025-09-15,UK,Furniture,18,472.09,8497.62
6463,2025-09-16,Germany,Electronics,2,346.88,693.76
6464,2025-09-17,UK,Food,8,131.78,1054.24
6465,2025-09-18,Australia,Food,8,664.35,5314.8
6466,2025-09-19,USA,Furniture,2,809.17,1618.34
6467,2025-09-20,UK,Furniture,16,385.35,6165.6
6468,2025-09-21,Japan,Furniture,17,541.55,9206.35
6469,2025-09-22,France,Furniture,17,402.16,6836.72
6470,2025-09-23,Brazil,Electronics,15,158.84,2382.6
6471,2025-09-24,Canada,Electronics,20,937.28,18745.6
6472,2025-09-25,Brazil,Electronics,20,351.54,7030.8
6473,2025-09-26,India,Electronics,8,798.26,6386.08
6474,2025-09-27,UK,Food,19,684.99,13014.81
6475,2025-09-28,France,Electronics,16,747.44,11959.04
6476,2025-09-29,France,Food,20,77.44,1548.8
6477,2025-09-30,UK,Furniture,18,429.12,7724.16
6478,2025-10-01,Japan,Clothing,3,922.56,2767.68
6479,2025-10-02,UAE,Food,8,549.07,4392.56
6480,2025-10-03,Japan,Food,20,685.29,13705.8
6481,2025-10-04,UK,Food,9,407.92,3671.28
6482,2025-10-05,France,Sports,15,765.96,11489.4
6483,2025-10-06,Brazil,Food,5,508.63,2543.15
6484,2025-10-07,France,Sports,15,659.94,9899.1
6485,2025-10-08,Germany,Furniture,16,892.12,14273.92
6486,2025-10-09,France,Food,13,782.86,10177.18
6487,2025-10-10,Brazil,Sports,13,289.91,3768.83
6488,2025-10-11,UK,Food,11,845.01,9295.11
6489,2025-10-12,Australia,Clothing,19,965.25,18339.75
6490,2025-10-13,Germany,Electronics,9,34.26,308.34
6491,2025-10-14,Brazil,Furniture,13,642.16,8348.08
6492,2025-10-15,UAE,Food,3,690.65,2071.95
6493,2025-10-16,UAE,Furniture,14,768.8,10763.2
6494,2025-10-17,UK,Furniture,7,160.32,1122.24
6495,2025-10-18,Germany,Food,18,184.7,3324.6
6496,2025-10-19,Canada,Furniture,20,502.76,10055.2
6497,2025-10-20,Australia,Food,12,613.06,7356.72
6498,2025-10-21,USA,Furniture,20,532.45,10649.0
6499,2025-10-22,Canada,Furniture,4,641.4,2565.6
6500,2025-10-23,Germany,Sports,3,100.28,300.84
6501,2025-10-24,UAE,Food,1,907.3,907.3
6502,2025-10-25,Australia,Food,8,278.45,2227.6
6503,2025-10-26,Germany,Furniture,1,598.63,598.63
6504,2025-10-27,Canada,Clothing,19,356.28,6769.32
6505,2025-10-28,Germany,Furniture,18,793.95,14291.1
6506,2025-10-29,Australia,Electronics,8,902.65,7221.2
6507,2025-10-30,UK,Sports,2,568.03,1136.06
6508,2025-10-31,UK,Food,19,514.54,9776.26
6509,2025-11-01,Brazil,Clothing,12,328.45,3941.4
6510,2025-11-02,Canada,Food,20,654.78,13095.6
6511,2025-11-03,India,Electronics,1,178.57,178.57
6512,2025-11-04,UK,Electronics,16,767.91,12286.56
6513,2025-11-05,Germany,Sports,19,82.48,1567.12
6514,2025-11-06,USA,Electronics,6,341.77,2050.62
6515,2025-11-07,Canada,Clothing,3,750.67,2252.01
6516,2025-11-08,Brazil,Furniture,19,943.35,17923.65
6517,2025-11-09,Canada,Food,7,346.17,2423.19
6518,2025-11-10,India,Sports,8,348.03,2784.24
6519,2025-11-11,India,Food,2,210.39,420.78
6520,2025-11-12,USA,Furniture,13,930.92,12101.96
6521,2025-11-13,Germany,Furniture,19,337.67,6415.73
6522,2025-11-14,Brazil,Food,9,278.89,2510.01
6523,2025-11-15,Germany,Food,13,190.96,2482.48
6524,2025-11-16,UAE,Food,11,328.08,3608.88
6525,2025-11-17,Germany,Electronics,8,748.37,5986.96
6526,2025-11-18,UK,Furniture,7,705.51,4938.57
6527,2025-11-19,Brazil,Sports,12,513.18,6158.16
6528,2025-11-20,Germany,Sports,15,876.34,13145.1
6529,2025-11-21,Japan,Furniture,9,657.5,5917.5
6530,2025-11-22,Japan,Electronics,8,807.2,6457.6
6531,2025-11-23,Australia,Sports,20,13.43,268.6
6532,2025-11-24,Japan,Food,16,713.09,11409.44
6533,2025-11-25,UK,Electronics,17,983.03,16711.51
6534,2025-11-26,Germany,Furniture,2,920.62,1841.24
6535,2025-11-27,India,Food,16,961.63,15386.08
6536,2025-11-28,UK,Sports,11,377.9,4156.9
6537,2025-11-29,Germany,Sports,8,410.01,3280.08
6538,2025-11-30,Japan,Electronics,17,304.44,5175.48
6539,2025-12-01,France,Furniture,15,542.02,8130.3
6540,2025-12-02,Australia,Food,18,225.37,4056.66
6541,2025-12-03,UK,Food,7,53.49,374.43
6542,2025-12-04,France,Sports,1,113.21,113.21
6543,2025-12-05,France,Electronics,9,720.34,6483.06
6544,2025-12-06,Germany,Sports,14,612.03,8568.42
6545,2025-12-07,Germany,Furniture,9,244.36,2199.24
6546,2025-12-08,Brazil,Sports,1,165.33,165.33
6547,2025-12-09,Canada,Food,11,567.64,6244.04
6548,2025-12-10,Germany,Furniture,20,292.98,5859.6
6549,2025-12-11,UAE,Food,9,867.88,7810.92
6550,2025-12-12,Germany,Food,10,42.58,425.8
6551,2025-12-13,Germany,Food,12,500.51,6006.12
6552,2025-12-14,France,Electronics,5,547.4,2737.0
6553,2025-12-15,Australia,Clothing,19,791.0,15029.0
6554,2025-12-16,USA,Electronics,12,494.14,5929.68
6555,2025-12-17,UK,Electronics,12,665.59,7987.08
6556,2025-12-18,Japan,Sports,13,662.71,8615.23
6557,2025-12-19,Australia,Food,10,760.97,7609.7
6558,2025-12-20,USA,Food,11,339.15,3730.65
6559,2025-12-21,Brazil,Electronics,1,911.88,911.88
6560,2025-12-22,Japan,Furniture,7,764.32,5350.24
6561,2025-12-23,France,Clothing,2,781.18,1562.36
6562,2025-12-24,Australia,Food,1,100.23,100.23
6563,2025-12-25,Canada,Furniture,11,177.71,1954.81
6564,2025-12-26,Japan,Food,13,91.93,1195.09
6565,2025-12-27,UK,Clothing,19,266.17,5057.23
6566,2025-12-28,Canada,Sports,18,543.95,9791.1
6567,2025-12-29,UAE,Furniture,10,951.5,9515.0
6568,2025-12-30,France,Furniture,4,528.28,2113.12
6569,2025-12-31,France,Electronics,3,75.33,225.99
6570,2025-01-01,France,Clothing,15,803.37,12050.55
6571,2025-01-02,USA,Food,7,461.43,3230.01
6572,2025-01-03,India,Electronics,15,25.22,378.3
6573,2025-01-04,Australia,Clothing,5,543.47,2717.35
6574,2025-01-05,USA,Sports,3,61.37,184.11
6575,2025-01-06,Australia,Sports,10,497.53,4975.3
6576,2025-01-07,Germany,Clothing,12,949.38,11392.56
6577,2025-01-08,USA,Furniture,17,372.5,6332.5
6578,2025-01-09,UK,Food,17,519.87,8837.79
6579,2025-01-10,Canada,Clothing,3,985.44,2956.32
6580,2025-01-11,UK,Electronics,6,22.69,136.14
6581,2025-01-12,UK,Electronics,16,13.84,221.44
6582,2025-01-13,France,Clothing,8,676.23,5409.84
6583,2025-01-14,Brazil,Furniture,17,60.4,1026.8
6584,2025-01-15,USA,Sports,12,982.15,11785.8
6585,2025-01-16,Australia,Food,14,234.52,3283.28
6586,2025-01-17,UK,Furniture,15,745.54,11183.1
6587,2025-01-18,Japan,Food,12,787.58,9450.96
6588,2025-01-19,France,Sports,2,410.66,821.32
6589,2025-01-20,UK,Food,3,590.79,1772.37
6590,2025-01-21,France,Clothing,7,303.79,2126.53
6591,2025-01-22,UAE,Sports,7,30.87,216.09
6592,2025-01-23,Canada,Food,15,178.06,2670.9
6593,2025-01-24,India,Electronics,11,981.74,10799.14
6594,2025-01-25,Germany,Electronics,8,33.63,269.04
6595,2025-01-26,UK,Electronics,8,707.97,5663.76
6596,2025-01-27,USA,Clothing,15,38.56,578.4
6597,2025-01-28,UAE,Electronics,2,896.72,1793.44
6598,2025-01-29,UAE,Clothing,13,455.45,5920.85
6599,2025-01-30,UAE,Electronics,6,697.2,4183.2
6600,2025-01-31,France,Furniture,18,404.58,7282.44
6601,2025-02-01,USA,Sports,12,35.28,423.36
6602,2025-02-02,Australia,Clothing,20,594.23,11884.6
6603,2025-02-03,Australia,Sports,9,66.67,600.03
6604,2025-02-04,Canada,Sports,11,96.78,1064.58
6605,2025-02-05,Canada,Sports,8,318.89,2551.12
6606,2025-02-06,UAE,Furniture,9,11.6,104.4
6607,2025-02-07,UAE,Food,17,102.34,1739.78
6608,2025-02-08,France,Electronics,6,345.9,2075.4
6609,2025-02-09,Japan,Furniture,18,137.55,2475.9
6610,2025-02-10,France,Electronics,17,731.94,12442.98
6611,2025-02-11,France,Food,5,11.36,56.8
6612,2025-02-12,India,Electronics,17,605.8,10298.6
6613,2025-02-13,Japan,Furniture,10,629.86,6298.6
6614,2025-02-14,Brazil,Clothing,6,697.02,4182.12
6615,2025-02-15,Australia,Clothing,7,797.84,5584.88
6616,2025-02-16,India,Food,14,721.74,10104.36
6617,2025-02-17,USA,Furniture,9,476.3,4286.7
6618,2025-02-18,Canada,Food,1,619.47,619.47
6619,2025-02-19,UAE,Electronics,6,551.1,3306.6
6620,2025-02-20,UAE,Furniture,16,290.13,4642.08
6621,2025-02-21,Canada,Clothing,20,992.62,19852.4
6622,2025-02-22,Canada,Electronics,2,408.84,817.68
6623,2025-02-23,France,Food,11,616.97,6786.67
6624,2025-02-24,Australia,Furniture,7,186.08,1302.56
6625,2025-02-25,UAE,Clothing,19,307.46,5841.74
6626,2025-02-26,France,Furniture,7,217.37,1521.59
6627,2025-02-27,UAE,Clothing,15,65.63,984.45
6628,2025-02-28,Canada,Clothing,18,719.23,12946.14
6629,2025-03-01,Canada,Furniture,4,923.24,3692.96
6630,2025-03-02,Germany,Furniture,14,951.77,13324.78
6631,2025-03-03,USA,Sports,16,606.53,9704.48
6632,2025-03-04,Germany,Furniture,5,943.25,4716.25
6633,2025-03-05,Australia,Sports,19,652.21,12391.99
6634,2025-03-06,India,Furniture,10,294.42,2944.2
6635,2025-03-07,UK,Clothing,1,182.83,182.83
6636,2025-03-08,Germany,Clothing,15,761.03,11415.45
6637,2025-03-09,Brazil,Clothing,19,384.6,7307.4
6638,2025-03-10,Germany,Clothing,19,502.93,9555.67
6639,2025-03-11,Canada,Sports,2,468.65,937.3
6640,2025-03-12,Canada,Electronics,11,680.17,7481.87
6641,2025-03-13,Canada,Food,7,978.48,6849.36
6642,2025-03-14,UK,Sports,5,31.35,156.75
6643,2025-03-15,Japan,Sports,9,29.18,262.62
6644,2025-03-16,India,Furniture,17,163.77,2784.09
6645,2025-03-17,USA,Sports,5,920.86,4604.3
6646,2025-03-18,Australia,Electronics,14,519.22,7269.08
6647,2025-03-19,Brazil,Clothing,11,54.73,602.03
6648,2025-03-20,UAE,Clothing,3,451.54,1354.62
6649,2025-03-21,India,Sports,12,493.82,5925.84
6650,2025-03-22,USA,Sports,3,402.81,1208.43
6651,2025-03-23,Australia,Sports,4,896.67,3586.68
6652,2025-03-24,France,Clothing,8,468.42,3747.36
6653,2025-03-25,France,Food,15,957.87,14368.05
6654,2025-03-26,Brazil,Clothing,4,219.84,879.36
6655,2025-03-27,Australia,Sports,4,74.23,296.92
6656,2025-03-28,Australia,Furniture,2,172.9,345.8
6657,2025-03-29,UAE,Clothing,17,320.45,5447.65
6658,2025-03-30,India,Electronics,14,983.36,13767.04
6659,2025-03-31,Japan,Electronics,1,863.28,863.28
6660,2025-04-01,UK,Clothing,1,918.83,918.83
6661,2025-04-02,UAE,Food,13,728.87,9475.31
6662,2025-04-03,UAE,Sports,3,615.43,1846.29
6663,2025-04-04,Canada,Food,17,590.8,10043.6
6664,2025-04-05,Brazil,Clothing,1,380.42,380.42
6665,2025-04-06,Germany,Furniture,15,322.45,4836.75
6666,2025-04-07,France,Furniture,18,42.51,765.18
6667,2025-04-08,UK,Sports,10,892.48,8924.8
6668,2025-04-09,India,Clothing,14,629.14,8807.96
6669,2025-04-10,Japan,Clothing,8,275.3,2202.4
6670,2025-04-11,Japan,Furniture,15,547.3,8209.5
6671,2025-04-12,Canada,Clothing,5,179.24,896.2
6672,2025-04-13,France,Furniture,10,781.94,7819.4
6673,2025-04-14,UK,Electronics,13,140.57,1827.41
6674,2025-04-15,Australia,Furniture,5,900.26,4501.3
6675,2025-04-16,Japan,Electronics,16,356.48,5703.68
6676,2025-04-17,India,Electronics,14,200.06,2800.84
6677,2025-04-18,Brazil,Electronics,15,259.65,3894.75
6678,2025-04-19,Japan,Food,6,743.44,4460.64
6679,2025-04-20,Brazil,Furniture,17,102.9,1749.3
6680,2025-04-21,Japan,Furniture,19,356.98,6782.62
6681,2025-04-22,India,Clothing,20,28.81,576.2
6682,2025-04-23,Germany,Furniture,20,146.79,2935.8
6683,2025-04-24,Brazil,Clothing,13,211.31,2747.03
6684,2025-04-25,UK,Electronics,19,308.75,5866.25
6685,2025-04-26,Canada,Furniture,10,681.03,6810.3
6686,2025-04-27,India,Electronics,2,899.73,1799.46
6687,2025-04-28,France,Clothing,18,784.23,14116.14
6688,2025-04-29,India,Sports,13,106.81,1388.53
6689,2025-04-30,UK,Clothing,15,819.75,12296.25
6690,2025-05-01,Germany,Food,16,993.01,15888.16
6691,2025-05-02,Japan,Clothing,5,959.7,4798.5
6692,2025-05-03,USA,Sports,11,232.29,2555.19
6693,2025-05-04,Japan,Electronics,19,357.5,6792.5
6694,2025-05-05,Japan,Clothing,4,921.73,3686.92
6695,2025-05-06,UK,Sports,1,192.56,192.56
6696,2025-05-07,UAE,Food,12,850.69,10208.28
6697,2025-05-08,UAE,Electronics,8,235.28,1882.24
6698,2025-05-09,Canada,Furniture,17,214.82,3651.94
6699,2025-05-10,Germany,Food,2,245.09,490.18
6700,2025-05-11,India,Electronics,14,517.57,7245.98
6701,2025-05-12,Australia,Food,20,366.56,7331.2
6702,2025-05-13,Brazil,Clothing,10,649.92,6499.2
6703,2025-05-14,India,Electronics,1,876.85,876.85
6704,2025-05-15,Germany,Clothing,4,744.37,2977.48
6705,2025-05-16,India,Food,9,643.44,5790.96
6706,2025-05-17,Japan,Sports,4,294.36,1177.44
6707,2025-05-18,UK,Sports,15,978.0,14670.0
6708,2025-05-19,Canada,Sports,6,496.09,2976.54
6709,2025-05-20,USA,Sports,17,780.46,13267.82
6710,2025-05-21,USA,Electronics,11,986.71,10853.81
6711,2025-05-22,Germany,Food,17,994.18,16901.06
6712,2025-05-23,Canada,Food,8,280.05,2240.4
6713,2025-05-24,Germany,Clothing,11,124.37,1368.07
6714,2025-05-25,Germany,Food,13,522.69,6794.97
6715,2025-05-26,Canada,Clothing,18,199.7,3594.6
6716,2025-05-27,UK,Food,13,555.88,7226.44
6717,2025-05-28,India,Food,10,899.6,8996.0
6718,2025-05-29,Japan,Food,17,397.09,6750.53
6719,2025-05-30,Japan,Electronics,15,686.57,10298.55
6720,2025-05-31,Japan,Food,7,195.02,1365.14
6721,2025-06-01,India,Clothing,13,592.66,7704.58
6722,2025-06-02,Brazil,Food,5,704.35,3521.75
6723,2025-06-03,Australia,Food,16,665.11,10641.76
6724,2025-06-04,France,Food,3,34.07,102.21
6725,2025-06-05,UK,Electronics,14,857.11,11999.54
6726,2025-06-06,UAE,Clothing,17,153.33,2606.61
6727,2025-06-07,UAE,Food,16,241.65,3866.4
6728,2025-06-08,Germany,Electronics,17,111.71,1899.07
6729,2025-06-09,UAE,Food,17,379.38,6449.46
6730,2025-06-10,UAE,Furniture,9,691.51,6223.59
6731,2025-06-11,France,Electronics,1,136.5,136.5
6732,2025-06-12,Germany,Electronics,9,51.57,464.13
6733,2025-06-13,UAE,Electronics,15,404.66,6069.9
6734,2025-06-14,Australia,Electronics,11,15.36,168.96
6735,2025-06-15,Canada,Food,17,83.66,1422.22
6736,2025-06-16,UK,Furniture,8,708.18,5665.44
6737,2025-06-17,USA,Sports,5,631.91,3159.55
6738,2025-06-18,Germany,Food,11,253.03,2783.33
6739,2025-06-19,Germany,Electronics,7,640.71,4484.97
6740,2025-06-20,Japan,Clothing,15,857.66,12864.9
6741,2025-06-21,France,Clothing,4,790.9,3163.6
6742,2025-06-22,Germany,Clothing,10,750.87,7508.7
6743,2025-06-23,Australia,Food,5,136.0,680.0
6744,2025-06-24,France,Electronics,8,250.75,2006.0
6745,2025-06-25,Germany,Food,17,760.33,12925.61
6746,2025-06-26,UK,Sports,13,778.98,10126.74
6747,2025-06-27,Brazil,Clothing,18,639.87,11517.66
6748,2025-06-28,UK,Food,11,617.59,6793.49
6749,2025-06-29,Brazil,Sports,11,392.94,4322.34
6750,2025-06-30,Brazil,Electronics,4,122.59,490.36
6751,2025-07-01,Brazil,Food,2,563.75,1127.5
6752,2025-07-02,Brazil,Sports,12,20.1,241.2
6753,2025-07-03,Brazil,Clothing,1,664.01,664.01
6754,2025-07-04,UK,Food,12,418.58,5022.96
6755,2025-07-05,UAE,Food,5,121.68,608.4
6756,2025-07-06,UK,Clothing,13,111.47,1449.11
6757,2025-07-07,UAE,Sports,4,181.92,727.68
6758,2025-07-08,Australia,Furniture,18,551.97,9935.46
6759,2025-07-09,USA,Sports,7,615.92,4311.44
6760,2025-07-10,UAE,Clothing,18,182.16,3278.88
6761,2025-07-11,UK,Food,7,469.55,3286.85
6762,2025-07-12,Germany,Furniture,19,628.36,11938.84
6763,2025-07-13,Japan,Sports,1,914.65,914.65
6764,2025-07-14,Brazil,Electronics,8,58.96,471.68
6765,2025-07-15,USA,Electronics,19,196.21,3727.99
6766,2025-07-16,India,Clothing,15,949.98,14249.7
6767,2025-07-17,Japan,Food,11,906.46,9971.06
6768,2025-07-18,Brazil,Furniture,1,965.24,965.24
6769,2025-07-19,Canada,Food,20,581.91,11638.2
6770,2025-07-20,UAE,Furniture,10,619.64,6196.4
6771,2025-07-21,USA,Furniture,9,328.92,2960.28
6772,2025-07-22,France,Electronics,19,235.52,4474.88
6773,2025-07-23,Japan,Electronics,10,391.71,3917.1
6774,2025-07-24,Canada,Electronics,2,583.44,1166.88
6775,2025-07-25,Brazil,Electronics,11,929.01,10219.11
6776,2025-07-26,Germany,Furniture,20,56.02,1120.4
6777,2025-07-27,Germany,Sports,16,476.86,7629.76
6778,2025-07-28,Japan,Furniture,3,291.47,874.41
6779,2025-07-29,UAE,Clothing,2,317.39,634.78
6780,2025-07-30,India,Sports,3,49.8,149.4
6781,2025-07-31,France,Sports,3,237.94,713.82
6782,2025-08-01,Brazil,Furniture,15,583.68,8755.2
6783,2025-08-02,Brazil,Electronics,20,590.38,11807.6
6784,2025-08-03,Japan,Electronics,1,249.13,249.13
6785,2025-08-04,Brazil,Furniture,1,72.76,72.76
6786,2025-08-05,Australia,Furniture,13,413.78,5379.14
6787,2025-08-06,Germany,Electronics,9,399.66,3596.94
6788,2025-08-07,Japan,Electronics,8,460.18,3681.44
6789,2025-08-08,Japan,Furniture,3,549.98,1649.94
6790,2025-08-09,USA,Sports,5,985.02,4925.1
6791,2025-08-10,UAE,Sports,5,910.18,4550.9
6792,2025-08-11,USA,Furniture,14,219.55,3073.7
6793,2025-08-12,India,Clothing,6,127.36,764.16
6794,2025-08-13,Australia,Furniture,20,131.73,2634.6
6795,2025-08-14,India,Clothing,4,396.33,1585.32
6796,2025-08-15,USA,Electronics,10,291.81,2918.1
6797,2025-08-16,UK,Furniture,7,916.0,6412.0
6798,2025-08-17,Japan,Clothing,3,262.63,787.89
6799,2025-08-18,France,Food,1,343.63,343.63
6800,2025-08-19,USA,Electronics,19,162.41,3085.79
6801,2025-08-20,India,Food,8,838.33,6706.64
6802,2025-08-21,UAE,Clothing,18,441.08,7939.44
6803,2025-08-22,UK,Clothing,6,175.64,1053.84
6804,2025-08-23,Brazil,Electronics,18,154.57,2782.26
6805,2025-08-24,USA,Sports,17,312.6,5314.2
6806,2025-08-25,Australia,Electronics,8,337.45,2699.6
6807,2025-08-26,UAE,Clothing,2,657.01,1314.02
6808,2025-08-27,UAE,Furniture,3,272.37,817.11
6809,2025-08-28,Canada,Sports,7,858.38,6008.66
6810,2025-08-29,Germany,Furniture,1,922.09,922.09
6811,2025-08-30,UAE,Clothing,3,898.15,2694.45
6812,2025-08-31,USA,Furniture,18,274.71,4944.78
6813,2025-09-01,Australia,Sports,8,366.75,2934.0
6814,2025-09-02,Japan,Sports,15,665.82,9987.3
6815,2025-09-03,France,Clothing,6,183.83,1102.98
6816,2025-09-04,Australia,Electronics,1,171.34,171.34
6817,2025-09-05,UK,Sports,13,559.8,7277.4
6818,2025-09-06,USA,Food,18,815.01,14670.18
6819,2025-09-07,UK,Furniture,6,895.07,5370.42
6820,2025-09-08,UK,Furniture,14,450.88,6312.32
6821,2025-09-09,Australia,Electronics,19,295.24,5609.56
6822,2025-09-10,UK,Food,5,495.16,2475.8
6823,2025-09-11,UK,Sports,5,808.47,4042.35
6824,2025-09-12,Brazil,Electronics,12,945.1,11341.2
6825,2025-09-13,USA,Food,19,337.67,6415.73
6826,2025-09-14,USA,Sports,10,378.29,3782.9
6827,2025-09-15,Australia,Food,7,888.93,6222.51
6828,2025-09-16,Brazil,Electronics,5,203.39,1016.95
6829,2025-09-17,Australia,Electronics,17,744.41,12654.97
6830,2025-09-18,UK,Food,2,385.62,771.24
6831,2025-09-19,France,Food,19,553.35,10513.65
6832,2025-09-20,Japan,Furniture,20,91.31,1826.2
6833,2025-09-21,USA,Electronics,1,291.45,291.45
6834,2025-09-22,France,Electronics,2,863.86,1727.72
6835,2025-09-23,UK,Electronics,11,143.24,1575.64
6836,2025-09-24,Germany,Sports,20,870.27,17405.4
6837,2025-09-25,UAE,Electronics,6,221.47,1328.82
6838,2025-09-26,Australia,Furniture,17,603.72,10263.24
6839,2025-09-27,Germany,Clothing,16,400.32,6405.12
6840,2025-09-28,Brazil,Electronics,10,19.93,199.3
6841,2025-09-29,Australia,Clothing,19,61.52,1168.88
6842,2025-09-30,Germany,Clothing,6,890.4,5342.4
6843,2025-10-01,Australia,Furniture,16,917.12,14673.92
6844,2025-10-02,France,Furniture,13,704.94,9164.22
6845,2025-10-03,Japan,Sports,6,826.65,4959.9
6846,2025-10-04,UAE,Electronics,12,636.71,7640.52
6847,2025-10-05,UAE,Food,20,689.26,13785.2
6848,2025-10-06,Japan,Food,17,616.43,10479.31
6849,2025-10-07,UK,Clothing,16,714.14,11426.24
6850,2025-10-08,France,Clothing,12,454.27,5451.24
6851,2025-10-09,Japan,Food,13,846.77,11008.01
6852,2025-10-10,France,Clothing,11,786.79,8654.69
6853,2025-10-11,India,Clothing,8,654.14,5233.12
6854,2025-10-12,UAE,Food,15,533.32,7999.8
6855,2025-10-13,India,Clothing,6,84.42,506.52
6856,2025-10-14,USA,Furniture,9,753.78,6784.02
6857,2025-10-15,France,Food,11,591.45,6505.95
6858,2025-10-16,Japan,Furniture,8,193.97,1551.76
6859,2025-10-17,Canada,Clothing,8,356.27,2850.16
6860,2025-10-18,Germany,Sports,1,350.0,350.0
6861,2025-10-19,Australia,Furniture,11,445.8,4903.8
6862,2025-10-20,Germany,Food,11,580.27,6382.97
6863,2025-10-21,Canada,Clothing,19,70.18,1333.42
6864,2025-10-22,Brazil,Sports,18,825.65,14861.7
6865,2025-10-23,USA,Furniture,16,698.95,11183.2
6866,2025-10-24,Japan,Furniture,2,122.62,245.24
6867,2025-10-25,India,Electronics,3,423.24,1269.72
6868,2025-10-26,Australia,Clothing,12,920.32,11043.84
6869,2025-10-27,India,Furniture,13,529.81,6887.53
6870,2025-10-28,Japan,Electronics,16,98.43,1574.88
6871,2025-10-29,India,Sports,7,397.75,2784.25
6872,2025-10-30,Germany,Clothing,16,527.19,8435.04
6873,2025-10-31,UK,Electronics,16,795.48,12727.68
6874,2025-11-01,Germany,Furniture,18,66.08,1189.44
6875,2025-11-02,Brazil,Electronics,12,994.6,11935.2
6876,2025-11-03,USA,Sports,18,915.43,16477.74
6877,2025-11-04,USA,Electronics,11,423.22,4655.42
6878,2025-11-05,UAE,Sports,14,995.18,13932.52
6879,2025-11-06,Japan,Electronics,5,292.36,1461.8
6880,2025-11-07,Brazil,Clothing,12,564.98,6779.76
6881,2025-11-08,India,Electronics,15,931.0,13965.0
6882,2025-11-09,Germany,Clothing,12,711.86,8542.32
6883,2025-11-10,Brazil,Sports,4,649.91,2599.64
6884,2025-11-11,Brazil,Sports,4,148.3,593.2
6885,2025-11-12,USA,Furniture,7,355.84,2490.88
6886,2025-11-13,Germany,Furniture,14,103.47,1448.58
6887,2025-11-14,USA,Sports,4,428.01,1712.04
6888,2025-11-15,Germany,Electronics,20,856.26,17125.2
6889,2025-11-16,Japan,Electronics,6,520.15,3120.9
6890,2025-11-17,Canada,Clothing,19,575.06,10926.14
6891,2025-11-18,USA,Sports,14,154.87,2168.18
6892,2025-11-19,India,Furniture,4,828.7,3314.8
6893,2025-11-20,UK,Furniture,20,461.78,9235.6
6894,2025-11-21,Germany,Furniture,16,558.62,8937.92
6895,2025-11-22,Brazil,Food,3,596.59,1789.77
6896,2025-11-23,Brazil,Sports,3,272.49,817.47
6897,2025-11-24,UAE,Furniture,11,689.55,7585.05
6898,2025-11-25,Canada,Furniture,16,753.18,12050.88
6899,2025-11-26,India,Food,12,571.06,6852.72
6900,2025-11-27,Japan,Food,4,290.81,1163.24
6901,2025-11-28,Germany,Clothing,3,26.2,78.6
6902,2025-11-29,Australia,Electronics,2,790.75,1581.5
6903,2025-11-30,Brazil,Sports,6,926.42,5558.52
6904,2025-12-01,France,Electronics,20,151.92,3038.4
6905,2025-12-02,Australia,Clothing,11,983.17,10814.87
6906,2025-12-03,France,Sports,11,301.86,3320.46
6907,2025-12-04,UK,Furniture,11,960.14,10561.54
6908,2025-12-05,UAE,Clothing,14,863.11,12083.54
6909,2025-12-06,USA,Clothing,1,73.03,73.03
6910,2025-12-07,India,Electronics,6,279.95,1679.7
6911,2025-12-08,UK,Food,13,920.22,11962.86
6912,2025-12-09,UAE,Furniture,6,30.61,183.66
6913,2025-12-10,UK,Sports,10,708.24,7082.4
6914,2025-12-11,UAE,Furniture,15,312.18,4682.7
6915,2025-12-12,Brazil,Electronics,6,38.34,230.04
6916,2025-12-13,India,Electronics,5,34.6,173.0
6917,2025-12-14,Japan,Clothing,18,461.01,8298.18
6918,2025-12-15,Japan,Clothing,12,769.23,9230.76
6919,2025-12-16,USA,Electronics,5,617.28,3086.4
6920,2025-12-17,Brazil,Sports,8,346.44,2771.52
6921,2025-12-18,Brazil,Electronics,15,250.99,3764.85
6922,2025-12-19,Australia,Food,15,181.19,2717.85
6923,2025-12-20,Germany,Sports,9,866.08,7794.72
6924,2025-12-21,USA,Electronics,6,619.02,3714.12
6925,2025-12-22,Brazil,Electronics,18,844.43,15199.74
6926,2025-12-23,Japan,Sports,6,224.67,1348.02
6927,2025-12-24,Brazil,Electronics,6,958.36,5750.16
6928,2025-12-25,Brazil,Furniture,2,413.94,827.88
6929,2025-12-26,Australia,Electronics,6,669.06,4014.36
6930,2025-12-27,India,Food,11,862.16,9483.76
6931,2025-12-28,UK,Furniture,13,986.8,12828.4
6932,2025-12-29,Australia,Clothing,9,867.88,7810.92
6933,2025-12-30,Australia,Furniture,13,53.83,699.79
6934,2025-12-31,Germany,Sports,8,388.55,3108.4
6935,2025-01-01,Brazil,Sports,1,781.55,781.55
6936,2025-01-02,Australia,Food,9,467.75,4209.75
6937,2025-01-03,UK,Food,6,159.98,959.88
6938,2025-01-04,India,Food,15,413.5,6202.5
6939,2025-01-05,Australia,Food,15,696.75,10451.25
6940,2025-01-06,Australia,Furniture,16,206.33,3301.28
6941,2025-01-07,France,Clothing,8,821.13,6569.04
6942,2025-01-08,France,Food,14,985.72,13800.08
6943,2025-01-09,Germany,Electronics,2,814.92,1629.84
6944,2025-01-10,UK,Food,17,170.02,2890.34
6945,2025-01-11,UAE,Electronics,19,813.65,15459.35
6946,2025-01-12,Australia,Furniture,5,598.11,2990.55
6947,2025-01-13,India,Sports,19,368.58,7003.02
6948,2025-01-14,Germany,Electronics,17,62.84,1068.28
6949,2025-01-15,India,Electronics,14,654.62,9164.68
6950,2025-01-16,India,Food,14,235.85,3301.9
6951,2025-01-17,Japan,Sports,5,108.01,540.05
6952,2025-01-18,UAE,Clothing,8,200.39,1603.12
6953,2025-01-19,UK,Sports,7,887.59,6213.13
6954,2025-01-20,Japan,Furniture,12,285.62,3427.44
6955,2025-01-21,Germany,Sports,2,783.04,1566.08
6956,2025-01-22,Australia,Sports,16,290.17,4642.72
6957,2025-01-23,Canada,Food,9,892.1,8028.9
6958,2025-01-24,Australia,Electronics,12,927.51,11130.12
6959,2025-01-25,Canada,Furniture,15,959.98,14399.7
6960,2025-01-26,Australia,Food,20,182.81,3656.2
6961,2025-01-27,Brazil,Electronics,8,114.58,916.64
6962,2025-01-28,USA,Food,7,644.83,4513.81
6963,2025-01-29,UAE,Electronics,15,610.49,9157.35
6964,2025-01-30,Australia,Sports,20,589.97,11799.4
6965,2025-01-31,France,Sports,15,793.52,11902.8
6966,2025-02-01,Australia,Food,12,513.11,6157.32
6967,2025-02-02,UAE,Food,1,622.23,622.23
6968,2025-02-03,Canada,Sports,18,425.95,7667.1
6969,2025-02-04,Germany,Electronics,5,551.9,2759.5
6970,2025-02-05,UK,Food,13,330.96,4302.48
6971,2025-02-06,Germany,Furniture,11,991.14,10902.54
6972,2025-02-07,USA,Clothing,19,100.95,1918.05
6973,2025-02-08,Brazil,Clothing,10,67.69,676.9
6974,2025-02-09,Japan,Food,16,198.5,3176.0
6975,2025-02-10,Australia,Electronics,14,771.96,10807.44
6976,2025-02-11,UK,Clothing,16,404.92,6478.72
6977,2025-02-12,UAE,Food,18,632.24,11380.32
6978,2025-02-13,Brazil,Sports,17,631.75,10739.75
6979,2025-02-14,Australia,Electronics,3,313.26,939.78
6980,2025-02-15,India,Electronics,9,402.37,3621.33
6981,2025-02-16,Canada,Electronics,1,492.23,492.23
6982,2025-02-17,Japan,Food,1,19.2,19.2
6983,2025-02-18,USA,Sports,8,154.35,1234.8
6984,2025-02-19,Australia,Furniture,8,606.37,4850.96
6985,2025-02-20,UAE,Electronics,4,487.81,1951.24
6986,2025-02-21,UK,Sports,7,61.35,429.45
6987,2025-02-22,Germany,Electronics,3,93.73,281.19
6988,2025-02-23,Japan,Clothing,13,298.17,3876.21
6989,2025-02-24,Canada,Furniture,5,388.06,1940.3
6990,2025-02-25,Australia,Food,1,136.85,136.85
6991,2025-02-26,Japan,Clothing,1,158.76,158.76
6992,2025-02-27,UK,Electronics,11,75.91,835.01
6993,2025-02-28,Australia,Electronics,14,53.88,754.32
6994,2025-03-01,Canada,Furniture,18,353.48,6362.64
6995,2025-03-02,Canada,Food,8,533.15,4265.2
6996,2025-03-03,Germany,Food,6,782.65,4695.9
6997,2025-03-04,India,Sports,20,578.34,11566.8
6998,2025-03-05,Germany,Sports,20,228.53,4570.6
6999,2025-03-06,UAE,Clothing,14,857.39,12003.46
7000,2025-03-07,Australia,Sports,18,625.34,11256.12
7001,2025-03-08,UAE,Sports,9,607.4,5466.6
7002,2025-03-09,Japan,Food,6,664.67,3988.02
7003,2025-03-10,UAE,Sports,15,816.85,12252.75
7004,2025-03-11,USA,Clothing,14,549.98,7699.72
7005,2025-03-12,UAE,Clothing,2,371.29,742.58
7006,2025-03-13,Japan,Electronics,7,729.01,5103.07
7007,2025-03-14,Australia,Furniture,3,643.66,1930.98
7008,2025-03-15,Japan,Electronics,19,280.63,5331.97
7009,2025-03-16,Australia,Clothing,10,293.55,2935.5
7010,2025-03-17,USA,Furniture,16,755.05,12080.8
7011,2025-03-18,Canada,Furniture,6,494.04,2964.24
7012,2025-03-19,Australia,Furniture,3,484.24,1452.72
7013,2025-03-20,UK,Food,12,452.3,5427.6
7014,2025-03-21,Germany,Furniture,7,157.52,1102.64
7015,2025-03-22,UAE,Clothing,9,933.65,8402.85
7016,2025-03-23,India,Furniture,9,890.91,8018.19
7017,2025-03-24,UK,Clothing,10,824.99,8249.9
7018,2025-03-25,USA,Food,18,180.58,3250.44
7019,2025-03-26,Canada,Sports,16,418.94,6703.04
7020,2025-03-27,UAE,Electronics,18,77.0,1386.0
7021,2025-03-28,France,Furniture,4,254.94,1019.76
7022,2025-03-29,UK,Furniture,4,767.12,3068.48
7023,2025-03-30,Australia,Food,11,396.08,4356.88
7024,2025-03-31,Canada,Sports,8,734.16,5873.28
7025,2025-04-01,France,Furniture,9,382.83,3445.47
7026,2025-04-02,Japan,Furniture,6,10.77,64.62
7027,2025-04-03,Japan,Food,1,132.86,132.86
7028,2025-04-04,UAE,Furniture,20,315.6,6312.0
7029,2025-04-05,Germany,Sports,6,247.85,1487.1
7030,2025-04-06,Canada,Furniture,10,845.92,8459.2
7031,2025-04-07,Germany,Sports,3,885.74,2657.22
7032,2025-04-08,France,Furniture,20,484.22,9684.4
7033,2025-04-09,India,Electronics,8,654.84,5238.72
7034,2025-04-10,Japan,Food,13,593.0,7709.0
7035,2025-04-11,Australia,Clothing,8,633.17,5065.36
7036,2025-04-12,Brazil,Electronics,11,925.6,10181.6
7037,2025-04-13,UAE,Furniture,13,737.76,9590.88
7038,2025-04-14,Japan,Food,5,680.01,3400.05
7039,2025-04-15,India,Clothing,16,53.22,851.52
7040,2025-04-16,UAE,Electronics,2,987.34,1974.68
7041,2025-04-17,Japan,Sports,12,301.77,3621.24
7042,2025-04-18,India,Electronics,18,943.07,16975.26
7043,2025-04-19,France,Clothing,2,648.18,1296.36
7044,2025-04-20,UAE,Food,19,383.78,7291.82
7045,2025-04-21,Canada,Electronics,8,536.95,4295.6
7046,2025-04-22,France,Electronics,1,96.78,96.78
7047,2025-04-23,Brazil,Sports,10,446.99,4469.9
7048,2025-04-24,Canada,Furniture,9,142.67,1284.03
7049,2025-04-25,USA,Electronics,16,982.51,15720.16
7050,2025-04-26,India,Clothing,9,289.85,2608.65
7051,2025-04-27,France,Electronics,17,531.7,9038.9
7052,2025-04-28,USA,Food,9,82.81,745.29
7053,2025-04-29,Brazil,Food,7,702.03,4914.21
7054,2025-04-30,UAE,Clothing,12,618.51,7422.12
7055,2025-05-01,UK,Food,13,772.97,10048.61
7056,2025-05-02,Australia,Clothing,13,274.15,3563.95
7057,2025-05-03,UAE,Furniture,4,738.8,2955.2
7058,2025-05-04,USA,Clothing,20,409.88,8197.6
7059,2025-05-05,France,Food,10,175.14,1751.4
7060,2025-05-06,Japan,Electronics,15,368.42,5526.3
7061,2025-05-07,Germany,Food,3,276.91,830.73
7062,2025-05-08,Brazil,Sports,12,684.61,8215.32
7063,2025-05-09,India,Electronics,7,487.31,3411.17
7064,2025-05-10,Australia,Sports,5,264.2,1321.0
7065,2025-05-11,USA,Sports,20,870.04,17400.8
7066,2025-05-12,France,Furniture,11,397.01,4367.11
7067,2025-05-13,UK,Sports,5,952.96,4764.8
7068,2025-05-14,USA,Sports,17,788.33,13401.61
7069,2025-05-15,France,Clothing,20,258.01,5160.2
7070,2025-05-16,Australia,Clothing,11,313.77,3451.47
7071,2025-05-17,Canada,Clothing,20,741.88,14837.6
7072,2025-05-18,India,Clothing,12,65.8,789.6
7073,2025-05-19,Brazil,Sports,1,257.07,257.07
7074,2025-05-20,Canada,Sports,14,647.05,9058.7
7075,2025-05-21,Brazil,Furniture,1,335.04,335.04
7076,2025-05-22,UAE,Clothing,7,837.3,5861.1
7077,2025-05-23,Australia,Electronics,14,963.27,13485.78
7078,2025-05-24,France,Food,1,251.83,251.83
7079,2025-05-25,Australia,Sports,16,500.46,8007.36
7080,2025-05-26,UAE,Sports,14,728.28,10195.92
7081,2025-05-27,Canada,Electronics,5,208.03,1040.15
7082,2025-05-28,France,Clothing,19,662.88,12594.72
7083,2025-05-29,UK,Sports,7,574.48,4021.36
7084,2025-05-30,UAE,Furniture,14,908.52,12719.28
7085,2025-05-31,Australia,Food,5,320.77,1603.85
7086,2025-06-01,Germany,Furniture,4,727.05,2908.2
7087,2025-06-02,Australia,Food,12,415.67,4988.04
7088,2025-06-03,Australia,Food,15,691.47,10372.05
7089,2025-06-04,Japan,Clothing,1,125.9,125.9
7090,2025-06-05,Japan,Food,3,987.26,2961.78
7091,2025-06-06,USA,Sports,2,130.74,261.48
7092,2025-06-07,UK,Electronics,15,746.45,11196.75
7093,2025-06-08,USA,Sports,14,288.87,4044.18
7094,2025-06-09,Canada,Furniture,5,339.7,1698.5
7095,2025-06-10,Japan,Electronics,19,86.27,1639.13
7096,2025-06-11,USA,Food,11,766.7,8433.7
7097,2025-06-12,Canada,Furniture,15,659.13,9886.95
7098,2025-06-13,Brazil,Electronics,5,593.81,2969.05
7099,2025-06-14,USA,Electronics,12,896.88,10762.56
7100,2025-06-15,India,Food,6,546.5,3279.0
7101,2025-06-16,Canada,Clothing,14,403.98,5655.72
7102,2025-06-17,India,Furniture,9,117.38,1056.42
7103,2025-06-18,Germany,Furniture,14,475.39,6655.46
7104,2025-06-19,France,Sports,1,253.26,253.26
7105,2025-06-20,Brazil,Clothing,16,956.19,15299.04
7106,2025-06-21,USA,Clothing,13,987.4,12836.2
7107,2025-06-22,Japan,Sports,9,839.41,7554.69
7108,2025-06-23,USA,Sports,7,676.72,4737.04
7109,2025-06-24,UAE,Furniture,13,799.65,10395.45
7110,2025-06-25,Australia,Electronics,18,168.7,3036.6
7111,2025-06-26,Germany,Furniture,1,775.72,775.72
7112,2025-06-27,France,Clothing,19,305.67,5807.73
7113,2025-06-28,Australia,Furniture,4,259.67,1038.68
7114,2025-06-29,Germany,Electronics,5,579.81,2899.05
7115,2025-06-30,Canada,Food,3,18.21,54.63
7116,2025-07-01,Canada,Electronics,5,939.5,4697.5
7117,2025-07-02,Canada,Food,1,323.33,323.33
7118,2025-07-03,UAE,Clothing,15,950.23,14253.45
7119,2025-07-04,Japan,Clothing,19,483.64,9189.16
7120,2025-07-05,Brazil,Sports,12,619.14,7429.68
7121,2025-07-06,Brazil,Electronics,12,860.33,10323.96
7122,2025-07-07,India,Food,14,730.58,10228.12
7123,2025-07-08,Australia,Food,3,305.17,915.51
7124,2025-07-09,UAE,Furniture,3,605.23,1815.69
7125,2025-07-10,Australia,Food,19,462.35,8784.65
7126,2025-07-11,Japan,Clothing,4,312.44,1249.76
7127,2025-07-12,UAE,Sports,15,82.86,1242.9
7128,2025-07-13,Germany,Clothing,19,268.3,5097.7
7129,2025-07-14,UAE,Sports,6,207.41,1244.46
7130,2025-07-15,UAE,Sports,12,96.81,1161.72
7131,2025-07-16,Brazil,Sports,9,463.53,4171.77
7132,2025-07-17,USA,Furniture,10,699.02,6990.2
7133,2025-07-18,Australia,Sports,10,383.72,3837.2
7134,2025-07-19,Japan,Clothing,12,229.25,2751.0
7135,2025-07-20,Australia,Electronics,10,71.03,710.3
7136,2025-07-21,UK,Food,17,941.75,16009.75
7137,2025-07-22,Brazil,Electronics,11,789.21,8681.31
7138,2025-07-23,India,Clothing,18,30.61,550.98
7139,2025-07-24,Brazil,Sports,6,978.05,5868.3
7140,2025-07-25,USA,Sports,10,610.04,6100.4
7141,2025-07-26,UAE,Sports,7,212.08,1484.56
7142,2025-07-27,India,Clothing,7,420.81,2945.67
7143,2025-07-28,UAE,Sports,13,556.28,7231.64
7144,2025-07-29,USA,Clothing,12,105.37,1264.44
7145,2025-07-30,UAE,Electronics,1,929.28,929.28
7146,2025-07-31,India,Furniture,12,839.79,10077.48
7147,2025-08-01,India,Food,1,68.66,68.66
7148,2025-08-02,Japan,Electronics,7,877.24,6140.68
7149,2025-08-03,USA,Electronics,13,615.95,8007.35
7150,2025-08-04,USA,Clothing,9,512.81,4615.29
7151,2025-08-05,Australia,Electronics,5,15.05,75.25
7152,2025-08-06,UK,Food,14,643.18,9004.52
7153,2025-08-07,USA,Electronics,20,987.96,19759.2
7154,2025-08-08,UK,Food,6,170.17,1021.02
7155,2025-08-09,Brazil,Clothing,4,610.76,2443.04
7156,2025-08-10,Canada,Food,16,425.22,6803.52
7157,2025-08-11,Australia,Electronics,5,412.98,2064.9
7158,2025-08-12,Canada,Electronics,14,491.36,6879.04
7159,2025-08-13,Germany,Sports,9,397.19,3574.71
7160,2025-08-14,Canada,Clothing,13,215.64,2803.32
7161,2025-08-15,Australia,Clothing,12,635.98,7631.76
7162,2025-08-16,Brazil,Clothing,10,393.13,3931.3
7163,2025-08-17,USA,Furniture,16,654.78,10476.48
7164,2025-08-18,UK,Electronics,18,199.69,3594.42
7165,2025-08-19,UK,Clothing,7,551.97,3863.79
7166,2025-08-20,France,Furniture,13,248.58,3231.54
7167,2025-08-21,Japan,Clothing,20,717.2,14344.0
7168,2025-08-22,France,Sports,12,788.7,9464.4
7169,2025-08-23,Australia,Electronics,3,251.55,754.65
7170,2025-08-24,India,Clothing,14,522.2,7310.8
7171,2025-08-25,Canada,Electronics,17,19.69,334.73
7172,2025-08-26,Germany,Sports,3,556.32,1668.96
7173,2025-08-27,USA,Clothing,2,173.19,346.38
7174,2025-08-28,UK,Sports,19,876.68,16656.92
7175,2025-08-29,India,Furniture,1,64.73,64.73
7176,2025-08-30,Canada,Clothing,6,645.21,3871.26
7177,2025-08-31,Australia,Electronics,17,653.11,11102.87
7178,2025-09-01,France,Sports,7,988.17,6917.19
7179,2025-09-02,UK,Furniture,8,76.39,611.12
7180,2025-09-03,UAE,Electronics,4,32.73,130.92
7181,2025-09-04,India,Furniture,8,975.89,7807.12
7182,2025-09-05,Japan,Sports,16,993.92,15902.72
7183,2025-09-06,USA,Furniture,7,518.73,3631.11
7184,2025-09-07,USA,Electronics,14,978.12,13693.68
7185,2025-09-08,Germany,Electronics,7,297.4,2081.8
7186,2025-09-09,UAE,Clothing,15,977.56,14663.4
7187,2025-09-10,Canada,Electronics,12,523.91,6286.92
7188,2025-09-11,France,Sports,3,216.51,649.53
7189,2025-09-12,Australia,Sports,19,414.96,7884.24
7190,2025-09-13,Canada,Sports,19,355.23,6749.37
7191,2025-09-14,Japan,Food,17,301.58,5126.86
7192,2025-09-15,Japan,Clothing,1,290.83,290.83
7193,2025-09-16,France,Electronics,20,446.3,8926.0
7194,2025-09-17,Australia,Clothing,2,597.31,1194.62
7195,2025-09-18,France,Furniture,8,296.69,2373.52
7196,2025-09-19,Australia,Clothing,3,178.27,534.81
7197,2025-09-20,France,Furniture,1,874.27,874.27
7198,2025-09-21,USA,Sports,4,222.57,890.28
7199,2025-09-22,Australia,Clothing,15,624.2,9363.0
7200,2025-09-23,Japan,Electronics,2,68.91,137.82
7201,2025-09-24,Brazil,Food,8,734.41,5875.28
7202,2025-09-25,Germany,Sports,3,698.65,2095.95
7203,2025-09-26,USA,Electronics,7,417.0,2919.0
7204,2025-09-27,Canada,Food,4,172.51,690.04
7205,2025-09-28,UAE,Food,9,219.2,1972.8
7206,2025-09-29,UAE,Food,9,796.72,7170.48
7207,2025-09-30,Japan,Electronics,8,693.46,5547.68
7208,2025-10-01,Germany,Furniture,6,379.55,2277.3
7209,2025-10-02,Brazil,Food,8,81.81,654.48
7210,2025-10-03,Canada,Furniture,9,546.58,4919.22
7211,2025-10-04,UK,Clothing,14,446.33,6248.62
7212,2025-10-05,Australia,Clothing,20,378.3,7566.0
7213,2025-10-06,Canada,Furniture,16,532.25,8516.0
7214,2025-10-07,Australia,Furniture,2,369.63,739.26
7215,2025-10-08,UAE,Sports,11,33.09,363.99
7216,2025-10-09,India,Furniture,12,472.63,5671.56
7217,2025-10-10,India,Furniture,19,180.15,3422.85
7218,2025-10-11,Japan,Furniture,15,307.73,4615.95
7219,2025-10-12,Brazil,Sports,10,838.17,8381.7
7220,2025-10-13,Brazil,Electronics,8,577.83,4622.64
7221,2025-10-14,France,Furniture,15,862.48,12937.2
7222,2025-10-15,UK,Electronics,7,337.38,2361.66
7223,2025-10-16,UAE,Electronics,5,154.53,772.65
7224,2025-10-17,Brazil,Electronics,3,527.61,1582.83
7225,2025-10-18,Germany,Electronics,6,779.03,4674.18
7226,2025-10-19,UK,Sports,11,373.84,4112.24
7227,2025-10-20,France,Electronics,12,219.51,2634.12
7228,2025-10-21,Japan,Furniture,8,369.64,2957.12
7229,2025-10-22,Germany,Furniture,15,133.96,2009.4
7230,2025-10-23,Brazil,Electronics,17,119.66,2034.22
7231,2025-10-24,Australia,Clothing,18,869.41,15649.38
7232,2025-10-25,UAE,Electronics,7,481.48,3370.36
7233,2025-10-26,Canada,Furniture,8,71.06,568.48
7234,2025-10-27,Australia,Sports,10,782.31,7823.1
7235,2025-10-28,Australia,Sports,5,589.59,2947.95
7236,2025-10-29,India,Sports,12,169.76,2037.12
7237,2025-10-30,Germany,Clothing,17,176.85,3006.45
7238,2025-10-31,India,Furniture,2,463.92,927.84
7239,2025-11-01,Australia,Furniture,1,54.54,54.54
7240,2025-11-02,UK,Clothing,19,345.68,6567.92
7241,2025-11-03,USA,Sports,20,707.06,14141.2
7242,2025-11-04,Canada,Sports,17,933.56,15870.52
7243,2025-11-05,UAE,Sports,3,647.23,1941.69
7244,2025-11-06,Canada,Food,11,45.12,496.32
7245,2025-11-07,Germany,Food,19,232.46,4416.74
7246,2025-11-08,Australia,Electronics,7,269.14,1883.98
7247,2025-11-09,USA,Sports,3,380.88,1142.64
7248,2025-11-10,Japan,Furniture,6,975.65,5853.9
7249,2025-11-11,India,Food,3,818.94,2456.82
7250,2025-11-12,India,Electronics,15,462.9,6943.5
7251,2025-11-13,USA,Electronics,18,256.2,4611.6
7252,2025-11-14,USA,Electronics,13,290.62,3778.06
7253,2025-11-15,France,Sports,13,488.89,6355.57
7254,2025-11-16,UAE,Clothing,16,501.58,8025.28
7255,2025-11-17,Japan,Electronics,5,12.39,61.95
7256,2025-11-18,Germany,Food,16,903.83,14461.28
7257,2025-11-19,Australia,Furniture,18,359.91,6478.38
7258,2025-11-20,USA,Clothing,9,335.19,3016.71
7259,2025-11-21,Brazil,Clothing,9,907.15,8164.35
7260,2025-11-22,Australia,Furniture,6,525.47,3152.82
7261,2025-11-23,Canada,Clothing,11,472.18,5193.98
7262,2025-11-24,Japan,Electronics,8,741.69,5933.52
7263,2025-11-25,Australia,Furniture,1,43.5,43.5
7264,2025-11-26,UAE,Furniture,13,270.8,3520.4
7265,2025-11-27,USA,Clothing,13,176.51,2294.63
7266,2025-11-28,Australia,Furniture,3,622.43,1867.29
7267,2025-11-29,France,Clothing,2,505.89,1011.78
7268,2025-11-30,Brazil,Sports,19,705.48,13404.12
7269,2025-12-01,France,Food,20,155.33,3106.6
7270,2025-12-02,Australia,Electronics,19,786.72,14947.68
7271,2025-12-03,Canada,Sports,19,114.93,2183.67
7272,2025-12-04,India,Furniture,16,949.0,15184.0
7273,2025-12-05,UK,Furniture,9,125.47,1129.23
7274,2025-12-06,Germany,Sports,6,520.37,3122.22
7275,2025-12-07,UAE,Sports,7,494.78,3463.46
7276,2025-12-08,Brazil,Food,3,910.47,2731.41
7277,2025-12-09,India,Electronics,19,323.03,6137.57
7278,2025-12-10,Australia,Clothing,2,83.19,166.38
7279,2025-12-11,Canada,Sports,14,297.18,4160.52
7280,2025-12-12,India,Food,7,226.69,1586.83
7281,2025-12-13,Germany,Furniture,10,619.55,6195.5
7282,2025-12-14,UAE,Sports,20,872.82,17456.4
7283,2025-12-15,France,Food,13,884.75,11501.75
7284,2025-12-16,India,Clothing,13,716.69,9316.97
7285,2025-12-17,USA,Electronics,15,442.3,6634.5
7286,2025-12-18,Australia,Food,10,438.74,4387.4
7287,2025-12-19,Brazil,Furniture,7,219.26,1534.82
7288,2025-12-20,Germany,Clothing,4,169.81,679.24
7289,2025-12-21,France,Electronics,8,713.09,5704.72
7290,2025-12-22,Australia,Furniture,13,38.05,494.65
7291,2025-12-23,Australia,Furniture,20,680.22,13604.4
7292,2025-12-24,Australia,Food,16,753.79,12060.64
7293,2025-12-25,UAE,Electronics,13,414.61,5389.93
7294,2025-12-26,Brazil,Clothing,15,296.01,4440.15
7295,2025-12-27,Canada,Furniture,14,62.2,870.8
7296,2025-12-28,USA,Sports,8,102.35,818.8
7297,2025-12-29,Japan,Food,3,825.74,2477.22
7298,2025-12-30,Brazil,Clothing,4,335.73,1342.92
7299,2025-12-31,Brazil,Furniture,19,753.55,14317.45
7300,2025-01-01,India,Food,6,396.32,2377.92
7301,2025-01-02,Australia,Sports,12,819.44,9833.28
7302,2025-01-03,UAE,Sports,12,576.19,6914.28
7303,2025-01-04,Japan,Food,5,115.57,577.85
7304,2025-01-05,UK,Food,1,323.73,323.73
7305,2025-01-06,Germany,Food,13,992.52,12902.76
7306,2025-01-07,UAE,Sports,18,753.57,13564.26
7307,2025-01-08,Canada,Clothing,18,123.64,2225.52
7308,2025-01-09,France,Food,6,655.82,3934.92
7309,2025-01-10,France,Clothing,4,300.44,1201.76
7310,2025-01-11,Brazil,Furniture,5,78.6,393.0
7311,2025-01-12,UK,Food,8,681.76,5454.08
7312,2025-01-13,Japan,Electronics,16,939.58,15033.28
7313,2025-01-14,Brazil,Sports,14,461.59,6462.26
7314,2025-01-15,Australia,Clothing,10,880.77,8807.7
7315,2025-01-16,Australia,Sports,18,160.23,2884.14
7316,2025-01-17,Germany,Clothing,14,881.49,12340.86
7317,2025-01-18,France,Furniture,8,717.91,5743.28
7318,2025-01-19,Australia,Electronics,16,978.88,15662.08
7319,2025-01-20,UK,Electronics,15,217.63,3264.45
7320,2025-01-21,Brazil,Sports,11,135.11,1486.21
7321,2025-01-22,India,Clothing,4,871.25,3485.0
7322,2025-01-23,India,Electronics,3,593.17,1779.51
7323,2025-01-24,Brazil,Electronics,10,468.9,4689.0
7324,2025-01-25,Germany,Clothing,4,715.24,2860.96
7325,2025-01-26,India,Sports,4,724.11,2896.44
7326,2025-01-27,India,Sports,14,526.06,7364.84
7327,2025-01-28,Germany,Sports,7,888.26,6217.82
7328,2025-01-29,Canada,Sports,14,921.89,12906.46
7329,2025-01-30,UK,Food,9,514.34,4629.06
7330,2025-01-31,Germany,Sports,7,21.41,149.87
7331,2025-02-01,USA,Electronics,6,662.05,3972.3
7332,2025-02-02,Canada,Food,6,893.58,5361.48
7333,2025-02-03,Canada,Clothing,19,946.01,17974.19
7334,2025-02-04,USA,Sports,10,52.8,528.0
7335,2025-02-05,Germany,Clothing,10,375.46,3754.6
7336,2025-02-06,Germany,Sports,16,918.48,14695.68
7337,2025-02-07,USA,Electronics,7,353.13,2471.91
7338,2025-02-08,USA,Electronics,20,531.82,10636.4
7339,2025-02-09,Canada,Furniture,12,945.09,11341.08
7340,2025-02-10,Brazil,Food,18,398.88,7179.84
7341,2025-02-11,India,Furniture,5,713.4,3567.0
7342,2025-02-12,Canada,Furniture,19,561.22,10663.18
7343,2025-02-13,Australia,Electronics,12,151.47,1817.64
7344,2025-02-14,USA,Clothing,3,634.57,1903.71
7345,2025-02-15,Germany,Furniture,15,393.79,5906.85
7346,2025-02-16,Australia,Food,8,266.35,2130.8
7347,2025-02-17,Brazil,Clothing,1,80.09,80.09
7348,2025-02-18,UK,Electronics,18,54.23,976.14
7349,2025-02-19,Brazil,Electronics,2,413.04,826.08
7350,2025-02-20,USA,Electronics,3,446.57,1339.71
7351,2025-02-21,Germany,Sports,8,767.0,6136.0
7352,2025-02-22,Brazil,Food,11,476.89,5245.79
7353,2025-02-23,Australia,Sports,11,849.29,9342.19
7354,2025-02-24,UK,Furniture,8,943.05,7544.4
7355,2025-02-25,Japan,Clothing,1,841.14,841.14
7356,2025-02-26,UK,Clothing,11,596.44,6560.84
7357,2025-02-27,France,Sports,1,966.15,966.15
7358,2025-02-28,Canada,Clothing,1,628.29,628.29
7359,2025-03-01,Germany,Electronics,2,82.24,164.48
7360,2025-03-02,UAE,Clothing,15,33.65,504.75
7361,2025-03-03,Canada,Furniture,19,405.19,7698.61
7362,2025-03-04,USA,Electronics,13,63.5,825.5
7363,2025-03-05,France,Food,2,306.62,613.24
7364,2025-03-06,Canada,Furniture,9,22.83,205.47
7365,2025-03-07,Germany,Electronics,4,680.62,2722.48
7366,2025-03-08,Brazil,Food,17,332.78,5657.26
7367,2025-03-09,India,Clothing,19,771.98,14667.62
7368,2025-03-10,Japan,Sports,20,113.05,2261.0
7369,2025-03-11,Germany,Clothing,15,478.33,7174.95
7370,2025-03-12,Australia,Food,14,78.05,1092.7
7371,2025-03-13,Brazil,Electronics,12,108.53,1302.36
7372,2025-03-14,Canada,Furniture,17,834.1,14179.7
7373,2025-03-15,Brazil,Clothing,4,904.04,3616.16
7374,2025-03-16,Japan,Food,11,362.2,3984.2
7375,2025-03-17,UK,Food,18,307.8,5540.4
7376,2025-03-18,Japan,Electronics,5,938.55,4692.75
7377,2025-03-19,Australia,Food,4,626.15,2504.6
7378,2025-03-20,Brazil,Food,2,609.58,1219.16
7379,2025-03-21,Brazil,Electronics,4,789.77,3159.08
7380,2025-03-22,Germany,Furniture,2,375.09,750.18
7381,2025-03-23,Brazil,Furniture,16,469.02,7504.32
7382,2025-03-24,Brazil,Sports,16,300.31,4804.96
7383,2025-03-25,Brazil,Sports,2,950.38,1900.76
7384,2025-03-26,France,Furniture,7,764.58,5352.06
7385,2025-03-27,Australia,Sports,6,115.47,692.82
7386,2025-03-28,USA,Electronics,15,560.89,8413.35
7387,2025-03-29,India,Sports,4,199.63,798.52
7388,2025-03-30,Australia,Electronics,7,165.06,1155.42
7389,2025-03-31,USA,Furniture,11,494.51,5439.61
7390,2025-04-01,USA,Furniture,16,997.35,15957.6
7391,2025-04-02,India,Furniture,20,981.6,19632.0
7392,2025-04-03,Germany,Food,18,271.33,4883.94
7393,2025-04-04,Germany,Sports,15,185.56,2783.4
7394,2025-04-05,Japan,Food,3,26.5,79.5
7395,2025-04-06,Australia,Electronics,13,378.72,4923.36
7396,2025-04-07,UK,Food,15,921.92,13828.8
7397,2025-04-08,India,Food,18,244.23,4396.14
7398,2025-04-09,Germany,Food,20,937.73,18754.6
7399,2025-04-10,Canada,Furniture,8,635.83,5086.64
7400,2025-04-11,India,Food,17,615.68,10466.56
7401,2025-04-12,USA,Electronics,8,740.5,5924.0
7402,2025-04-13,Japan,Furniture,19,98.57,1872.83
7403,2025-04-14,Canada,Electronics,20,46.1,922.0
7404,2025-04-15,USA,Furniture,4,91.37,365.48
7405,2025-04-16,Australia,Electronics,9,646.07,5814.63
7406,2025-04-17,Germany,Furniture,13,769.19,9999.47
7407,2025-04-18,UAE,Electronics,20,546.06,10921.2
7408,2025-04-19,Japan,Clothing,1,735.52,735.52
7409,2025-04-20,Canada,Clothing,8,794.1,6352.8
7410,2025-04-21,France,Sports,2,699.52,1399.04
7411,2025-04-22,Germany,Electronics,15,118.97,1784.55
7412,2025-04-23,UK,Sports,4,327.36,1309.44
7413,2025-04-24,Germany,Clothing,11,775.48,8530.28
7414,2025-04-25,France,Food,20,175.61,3512.2
7415,2025-04-26,France,Electronics,2,644.54,1289.08
7416,2025-04-27,Japan,Furniture,8,155.52,1244.16
7417,2025-04-28,Canada,Furniture,17,770.42,13097.14
7418,2025-04-29,Australia,Electronics,15,835.47,12532.05
7419,2025-04-30,Canada,Clothing,18,469.77,8455.86
7420,2025-05-01,France,Furniture,14,74.82,1047.48
7421,2025-05-02,India,Electronics,17,980.91,16675.47
7422,2025-05-03,Canada,Electronics,18,201.7,3630.6
7423,2025-05-04,France,Furniture,9,41.29,371.61
7424,2025-05-05,USA,Food,4,956.67,3826.68
7425,2025-05-06,Japan,Food,4,851.25,3405.0
7426,2025-05-07,UK,Sports,16,188.04,3008.64
7427,2025-05-08,UAE,Sports,16,321.16,5138.56
7428,2025-05-09,Australia,Sports,19,655.8,12460.2
7429,2025-05-10,Canada,Food,5,280.08,1400.4
7430,2025-05-11,Brazil,Electronics,6,611.19,3667.14
7431,2025-05-12,Canada,Clothing,16,344.29,5508.64
7432,2025-05-13,USA,Food,15,599.33,8989.95
7433,2025-05-14,Germany,Furniture,5,723.52,3617.6
7434,2025-05-15,India,Electronics,5,675.88,3379.4
7435,2025-05-16,Australia,Electronics,18,585.92,10546.56
7436,2025-05-17,Germany,Furniture,6,69.57,417.42
7437,2025-05-18,Canada,Food,16,707.42,11318.72
7438,2025-05-19,Japan,Electronics,2,972.09,1944.18
7439,2025-05-20,Brazil,Food,11,904.24,9946.64
7440,2025-05-21,India,Food,12,537.34,6448.08
7441,2025-05-22,UAE,Clothing,15,539.06,8085.9
7442,2025-05-23,Brazil,Food,3,976.77,2930.31
7443,2025-05-24,Germany,Sports,14,659.73,9236.22
7444,2025-05-25,Japan,Sports,10,837.8,8378.0
7445,2025-05-26,UK,Food,11,90.49,995.39
7446,2025-05-27,France,Electronics,10,147.61,1476.1
7447,2025-05-28,Germany,Sports,8,605.94,4847.52
7448,2025-05-29,Canada,Sports,7,811.5,5680.5
7449,2025-05-30,Canada,Sports,3,403.86,1211.58
7450,2025-05-31,Canada,Food,2,612.11,1224.22
7451,2025-06-01,UAE,Clothing,7,775.73,5430.11
7452,2025-06-02,Australia,Electronics,5,180.58,902.9
7453,2025-06-03,Japan,Clothing,11,524.44,5768.84
7454,2025-06-04,Japan,Furniture,13,69.43,902.59
7455,2025-06-05,India,Food,18,968.35,17430.3
7456,2025-06-06,Australia,Sports,18,583.02,10494.36
7457,2025-06-07,Japan,Sports,14,55.07,770.98
7458,2025-06-08,Japan,Electronics,7,653.53,4574.71
7459,2025-06-09,UAE,Food,3,975.66,2926.98
7460,2025-06-10,Japan,Electronics,15,648.98,9734.7
7461,2025-06-11,UAE,Food,14,155.81,2181.34
7462,2025-06-12,UK,Electronics,14,76.75,1074.5
7463,2025-06-13,Japan,Clothing,8,807.26,6458.08
7464,2025-06-14,Japan,Electronics,15,397.46,5961.9
7465,2025-06-15,France,Furniture,15,843.26,12648.9
7466,2025-06-16,Japan,Food,4,455.94,1823.76
7467,2025-06-17,Brazil,Clothing,9,521.2,4690.8
7468,2025-06-18,India,Clothing,20,210.56,4211.2
7469,2025-06-19,USA,Furniture,5,647.54,3237.7
7470,2025-06-20,Japan,Furniture,19,364.95,6934.05
7471,2025-06-21,UK,Food,16,281.26,4500.16
7472,2025-06-22,India,Food,15,668.97,10034.55
7473,2025-06-23,UAE,Electronics,3,308.64,925.92
7474,2025-06-24,Brazil,Electronics,9,280.3,2522.7
7475,2025-06-25,UAE,Electronics,11,749.07,8239.77
7476,2025-06-26,Canada,Clothing,5,122.8,614.0
7477,2025-06-27,USA,Food,4,590.09,2360.36
7478,2025-06-28,Germany,Sports,19,744.38,14143.22
7479,2025-06-29,Germany,Electronics,6,829.17,4975.02
7480,2025-06-30,India,Furniture,13,213.16,2771.08
7481,2025-07-01,Japan,Furniture,15,426.82,6402.3
7482,2025-07-02,Germany,Food,9,833.81,7504.29
7483,2025-07-03,USA,Sports,19,70.17,1333.23
7484,2025-07-04,UAE,Electronics,11,908.15,9989.65
7485,2025-07-05,Australia,Electronics,20,37.11,742.2
7486,2025-07-06,Australia,Clothing,17,664.85,11302.45
7487,2025-07-07,Japan,Electronics,1,622.99,622.99
7488,2025-07-08,Germany,Clothing,2,575.65,1151.3
7489,2025-07-09,USA,Electronics,9,510.49,4594.41
7490,2025-07-10,Japan,Electronics,12,835.39,10024.68
7491,2025-07-11,France,Sports,15,636.57,9548.55
7492,2025-07-12,Germany,Sports,10,876.9,8769.0
7493,2025-07-13,Germany,Electronics,1,638.71,638.71
7494,2025-07-14,India,Clothing,10,566.18,5661.8
7495,2025-07-15,Germany,Furniture,20,705.06,14101.2
7496,2025-07-16,Canada,Electronics,2,359.24,718.48
7497,2025-07-17,USA,Electronics,16,478.02,7648.32
7498,2025-07-18,Germany,Sports,9,926.54,8338.86
7499,2025-07-19,India,Sports,3,554.6,1663.8
7500,2025-07-20,India,Furniture,13,512.4,6661.2
7501,2025-07-21,Germany,Electronics,6,195.65,1173.9
7502,2025-07-22,India,Food,9,468.35,4215.15
7503,2025-07-23,Brazil,Food,5,848.71,4243.55
7504,2025-07-24,Canada,Furniture,15,995.55,14933.25
7505,2025-07-25,France,Food,18,752.36,13542.48
7506,2025-07-26,Canada,Clothing,18,219.83,3956.94
7507,2025-07-27,UAE,Furniture,10,824.04,8240.4
7508,2025-07-28,Australia,Electronics,8,76.78,614.24
7509,2025-07-29,USA,Sports,20,250.41,5008.2
7510,2025-07-30,Australia,Clothing,1,998.26,998.26
7511,2025-07-31,UAE,Clothing,18,203.61,3664.98
7512,2025-08-01,Japan,Furniture,7,369.95,2589.65
7513,2025-08-02,Japan,Sports,15,99.33,1489.95
7514,2025-08-03,Brazil,Furniture,2,931.45,1862.9
7515,2025-08-04,Brazil,Sports,15,726.3,10894.5
7516,2025-08-05,Australia,Clothing,11,814.61,8960.71
7517,2025-08-06,Australia,Sports,17,13.1,222.7
7518,2025-08-07,France,Food,10,799.7,7997.0
7519,2025-08-08,Australia,Furniture,3,600.91,1802.73
7520,2025-08-09,UAE,Sports,9,839.57,7556.13
7521,2025-08-10,UAE,Sports,13,822.74,10695.62
7522,2025-08-11,Brazil,Furniture,11,301.49,3316.39
7523,2025-08-12,Australia,Electronics,10,614.68,6146.8
7524,2025-08-13,UAE,Clothing,11,704.2,7746.2
7525,2025-08-14,India,Food,8,824.0,6592.0
7526,2025-08-15,Japan,Food,7,830.94,5816.58
7527,2025-08-16,Brazil,Electronics,11,686.22,7548.42
7528,2025-08-17,Australia,Furniture,8,285.99,2287.92
7529,2025-08-18,UK,Electronics,11,319.15,3510.65
7530,2025-08-19,UAE,Food,6,201.79,1210.74
7531,2025-08-20,Japan,Food,14,835.57,11697.98
7532,2025-08-21,UAE,Electronics,4,497.3,1989.2
7533,2025-08-22,Australia,Food,19,366.01,6954.19
7534,2025-08-23,Canada,Food,9,840.21,7561.89
7535,2025-08-24,India,Electronics,12,846.56,10158.72
7536,2025-08-25,UK,Clothing,7,443.32,3103.24
7537,2025-08-26,USA,Clothing,1,572.13,572.13
7538,2025-08-27,France,Clothing,6,358.44,2150.64
7539,2025-08-28,Canada,Sports,20,997.9,19958.0
7540,2025-08-29,Brazil,Electronics,11,357.11,3928.21
7541,2025-08-30,UK,Electronics,4,888.72,3554.88
7542,2025-08-31,USA,Furniture,3,92.24,276.72
7543,2025-09-01,USA,Sports,1,659.91,659.91
7544,2025-09-02,USA,Sports,12,629.07,7548.84
7545,2025-09-03,UK,Furniture,6,993.6,5961.6
7546,2025-09-04,UAE,Sports,9,612.23,5510.07
7547,2025-09-05,Brazil,Electronics,8,150.64,1205.12
7548,2025-09-06,Germany,Electronics,9,813.47,7321.23
7549,2025-09-07,France,Clothing,12,733.5,8802.0
7550,2025-09-08,UAE,Furniture,13,975.31,12679.03
7551,2025-09-09,Canada,Sports,9,471.85,4246.65
7552,2025-09-10,UAE,Furniture,3,788.9,2366.7
7553,2025-09-11,France,Electronics,7,888.25,6217.75
7554,2025-09-12,Australia,Food,2,905.4,1810.8
7555,2025-09-13,Germany,Clothing,6,92.71,556.26
7556,2025-09-14,UAE,Food,18,23.56,424.08
7557,2025-09-15,UK,Clothing,3,140.09,420.27
7558,2025-09-16,France,Electronics,13,798.34,10378.42
7559,2025-09-17,Canada,Furniture,17,238.21,4049.57
7560,2025-09-18,Brazil,Furniture,13,695.65,9043.45
7561,2025-09-19,Brazil,Sports,3,705.49,2116.47
7562,2025-09-20,Australia,Furniture,10,370.18,3701.8
7563,2025-09-21,India,Sports,9,936.15,8425.35
7564,2025-09-22,Germany,Electronics,7,174.49,1221.43
7565,2025-09-23,Canada,Clothing,17,434.77,7391.09
7566,2025-09-24,India,Electronics,6,980.32,5881.92
7567,2025-09-25,Canada,Food,20,176.77,3535.4
7568,2025-09-26,Brazil,Sports,6,598.83,3592.98
7569,2025-09-27,UK,Clothing,5,183.84,919.2
7570,2025-09-28,Australia,Clothing,17,549.46,9340.82
7571,2025-09-29,Canada,Clothing,20,823.2,16464.0
7572,2025-09-30,India,Furniture,12,524.59,6295.08
7573,2025-10-01,Germany,Food,19,482.39,9165.41
7574,2025-10-02,Japan,Clothing,8,684.07,5472.56
7575,2025-10-03,USA,Clothing,7,150.55,1053.85
7576,2025-10-04,Brazil,Clothing,6,668.38,4010.28
7577,2025-10-05,Australia,Furniture,14,316.7,4433.8
7578,2025-10-06,Canada,Clothing,5,299.59,1497.95
7579,2025-10-07,Brazil,Furniture,3,87.14,261.42
7580,2025-10-08,UK,Food,5,774.39,3871.95
7581,2025-10-09,France,Electronics,6,308.74,1852.44
7582,2025-10-10,UK,Food,19,193.44,3675.36
7583,2025-10-11,Brazil,Food,2,467.26,934.52
7584,2025-10-12,Germany,Food,7,684.23,4789.61
7585,2025-10-13,USA,Furniture,19,470.81,8945.39
7586,2025-10-14,Germany,Clothing,7,130.35,912.45
7587,2025-10-15,Japan,Food,15,118.22,1773.3
7588,2025-10-16,Canada,Electronics,2,259.94,519.88
7589,2025-10-17,France,Clothing,15,404.33,6064.95
7590,2025-10-18,Brazil,Sports,7,486.62,3406.34
7591,2025-10-19,USA,Food,2,519.45,1038.9
7592,2025-10-20,Japan,Clothing,16,704.39,11270.24
7593,2025-10-21,Germany,Clothing,6,810.13,4860.78
7594,2025-10-22,UAE,Furniture,7,666.73,4667.11
7595,2025-10-23,Australia,Food,15,786.3,11794.5
7596,2025-10-24,France,Electronics,5,848.16,4240.8
7597,2025-10-25,UAE,Sports,12,867.19,10406.28
7598,2025-10-26,India,Food,1,148.66,148.66
7599,2025-10-27,Brazil,Furniture,9,185.42,1668.78
7600,2025-10-28,USA,Food,19,274.59,5217.21
7601,2025-10-29,UK,Electronics,6,932.93,5597.58
7602,2025-10-30,Germany,Food,3,590.57,1771.71
7603,2025-10-31,Germany,Sports,16,191.66,3066.56
7604,2025-11-01,UK,Food,14,171.45,2400.3
7605,2025-11-02,France,Sports,2,224.85,449.7
7606,2025-11-03,France,Food,6,387.6,2325.6
7607,2025-11-04,Germany,Furniture,11,210.08,2310.88
7608,2025-11-05,UAE,Food,4,540.55,2162.2
7609,2025-11-06,Germany,Food,8,631.82,5054.56
7610,2025-11-07,UK,Clothing,14,609.52,8533.28
7611,2025-11-08,Germany,Clothing,19,473.19,8990.61
7612,2025-11-09,Canada,Clothing,19,484.15,9198.85
7613,2025-11-10,UAE,Sports,4,438.43,1753.72
7614,2025-11-11,Japan,Furniture,6,176.29,1057.74
7615,2025-11-12,Australia,Clothing,10,818.52,8185.2
7616,2025-11-13,Brazil,Food,12,786.64,9439.68
7617,2025-11-14,UAE,Food,12,636.61,7639.32
7618,2025-11-15,France,Clothing,4,162.43,649.72
7619,2025-11-16,Japan,Electronics,14,337.87,4730.18
7620,2025-11-17,Brazil,Electronics,9,75.49,679.41
7621,2025-11-18,Germany,Clothing,14,110.91,1552.74
7622,2025-11-19,Canada,Furniture,13,533.45,6934.85
7623,2025-11-20,UK,Sports,3,139.83,419.49
7624,2025-11-21,Japan,Electronics,6,725.2,4351.2
7625,2025-11-22,Japan,Furniture,19,726.39,13801.41
7626,2025-11-23,USA,Sports,4,427.39,1709.56
7627,2025-11-24,USA,Electronics,7,158.49,1109.43
7628,2025-11-25,Japan,Electronics,16,675.14,10802.24
7629,2025-11-26,India,Clothing,2,856.44,1712.88
7630,2025-11-27,USA,Sports,10,205.87,2058.7
7631,2025-11-28,Australia,Furniture,5,793.46,3967.3
7632,2025-11-29,Canada,Electronics,3,814.8,2444.4
7633,2025-11-30,Australia,Furniture,20,160.07,3201.4
7634,2025-12-01,UK,Clothing,13,519.71,6756.23
7635,2025-12-02,France,Furniture,11,988.69,10875.59
7636,2025-12-03,India,Furniture,20,349.73,6994.6
7637,2025-12-04,UAE,Food,2,865.78,1731.56
7638,2025-12-05,Japan,Sports,19,385.21,7318.99
7639,2025-12-06,Australia,Sports,16,693.24,11091.84
7640,2025-12-07,Germany,Food,4,85.35,341.4
7641,2025-12-08,Japan,Furniture,14,810.62,11348.68
7642,2025-12-09,Brazil,Electronics,16,889.5,14232.0
7643,2025-12-10,Australia,Sports,12,303.24,3638.88
7644,2025-12-11,Brazil,Sports,13,774.23,10064.99
7645,2025-12-12,India,Clothing,6,36.85,221.1
7646,2025-12-13,USA,Sports,10,817.13,8171.3
7647,2025-12-14,Brazil,Sports,9,926.37,8337.33
7648,2025-12-15,Germany,Sports,10,687.9,6879.0
7649,2025-12-16,Japan,Clothing,12,128.9,1546.8
7650,2025-12-17,UAE,Clothing,17,853.25,14505.25
7651,2025-12-18,UAE,Food,10,45.14,451.4
7652,2025-12-19,Germany,Furniture,11,888.84,9777.24
7653,2025-12-20,Japan,Clothing,11,679.74,7477.14
7654,2025-12-21,Canada,Food,12,843.71,10124.52
7655,2025-12-22,Brazil,Sports,3,110.31,330.93
7656,2025-12-23,UK,Electronics,11,124.01,1364.11
7657,2025-12-24,UK,Electronics,6,171.25,1027.5
7658,2025-12-25,Australia,Food,15,289.45,4341.75
7659,2025-12-26,Japan,Furniture,3,735.44,2206.32
7660,2025-12-27,Canada,Clothing,12,685.17,8222.04
7661,2025-12-28,USA,Furniture,18,737.95,13283.1
7662,2025-12-29,USA,Sports,3,456.96,1370.88
7663,2025-12-30,UAE,Food,2,297.37,594.74
7664,2025-12-31,UK,Furniture,14,673.43,9428.02
7665,2025-01-01,Germany,Furniture,5,560.8,2804.0
7666,2025-01-02,France,Furniture,11,144.93,1594.23
7667,2025-01-03,France,Sports,20,557.15,11143.0
7668,2025-01-04,UK,Sports,19,650.37,12357.03
7669,2025-01-05,Brazil,Sports,1,681.92,681.92
7670,2025-01-06,UK,Electronics,5,802.43,4012.15
7671,2025-01-07,Australia,Electronics,7,395.64,2769.48
7672,2025-01-08,UAE,Food,5,628.51,3142.55
7673,2025-01-09,France,Food,5,935.61,4678.05
7674,2025-01-10,UAE,Sports,9,83.35,750.15
7675,2025-01-11,Japan,Clothing,19,591.53,11239.07
7676,2025-01-12,Australia,Furniture,5,665.78,3328.9
7677,2025-01-13,France,Food,16,341.02,5456.32
7678,2025-01-14,UAE,Furniture,14,483.88,6774.32
7679,2025-01-15,UK,Food,12,480.08,5760.96
7680,2025-01-16,France,Electronics,17,724.06,12309.02
7681,2025-01-17,UAE,Food,4,821.84,3287.36
7682,2025-01-18,UK,Electronics,16,139.03,2224.48
7683,2025-01-19,France,Clothing,12,525.16,6301.92
7684,2025-01-20,India,Clothing,16,554.94,8879.04
7685,2025-01-21,UAE,Clothing,11,229.31,2522.41
7686,2025-01-22,UK,Clothing,19,131.65,2501.35
7687,2025-01-23,India,Food,20,635.77,12715.4
7688,2025-01-24,Brazil,Furniture,15,52.35,785.25
7689,2025-01-25,Brazil,Food,19,840.75,15974.25
7690,2025-01-26,Germany,Electronics,7,868.51,6079.57
7691,2025-01-27,USA,Clothing,8,286.15,2289.2
7692,2025-01-28,India,Furniture,12,532.61,6391.32
7693,2025-01-29,Brazil,Electronics,7,140.53,983.71
7694,2025-01-30,Brazil,Furniture,4,684.23,2736.92
7695,2025-01-31,Canada,Clothing,18,148.46,2672.28
7696,2025-02-01,UK,Food,7,138.22,967.54
7697,2025-02-02,UAE,Sports,5,953.04,4765.2
7698,2025-02-03,France,Food,4,916.68,3666.72
7699,2025-02-04,Japan,Clothing,4,49.3,197.2
7700,2025-02-05,Australia,Sports,13,985.56,12812.28
7701,2025-02-06,Brazil,Furniture,6,69.07,414.42
7702,2025-02-07,UK,Clothing,11,327.21,3599.31
7703,2025-02-08,Japan,Furniture,7,457.35,3201.45
7704,2025-02-09,Brazil,Food,13,978.13,12715.69
7705,2025-02-10,Japan,Clothing,17,51.72,879.24
7706,2025-02-11,Brazil,Sports,18,409.84,7377.12
7707,2025-02-12,Australia,Food,6,644.64,3867.84
7708,2025-02-13,France,Sports,5,557.8,2789.0
7709,2025-02-14,Japan,Food,11,364.99,4014.89
7710,2025-02-15,Australia,Food,13,941.89,12244.57
7711,2025-02-16,India,Clothing,13,276.31,3592.03
7712,2025-02-17,Japan,Electronics,2,113.48,226.96
7713,2025-02-18,Canada,Furniture,9,348.11,3132.99
7714,2025-02-19,Canada,Furniture,16,309.37,4949.92
7715,2025-02-20,UK,Food,15,384.05,5760.75
7716,2025-02-21,USA,Clothing,1,653.73,653.73
7717,2025-02-22,Brazil,Food,13,998.87,12985.31
7718,2025-02-23,Canada,Food,7,411.65,2881.55
7719,2025-02-24,Germany,Furniture,18,240.86,4335.48
7720,2025-02-25,India,Food,6,842.85,5057.1
7721,2025-02-26,Germany,Sports,4,796.89,3187.56
7722,2025-02-27,Canada,Sports,4,729.85,2919.4
7723,2025-02-28,Brazil,Electronics,18,602.82,10850.76
7724,2025-03-01,UAE,Furniture,13,599.51,7793.63
7725,2025-03-02,USA,Furniture,10,56.53,565.3
7726,2025-03-03,USA,Food,18,392.88,7071.84
7727,2025-03-04,Japan,Electronics,4,982.55,3930.2
7728,2025-03-05,UAE,Furniture,3,376.19,1128.57
7729,2025-03-06,USA,Food,19,800.36,15206.84
7730,2025-03-07,India,Furniture,5,534.36,2671.8
7731,2025-03-08,Brazil,Sports,15,508.46,7626.9
7732,2025-03-09,UK,Electronics,16,770.98,12335.68
7733,2025-03-10,Brazil,Furniture,3,979.14,2937.42
7734,2025-03-11,UAE,Sports,13,157.0,2041.0
7735,2025-03-12,France,Electronics,10,819.35,8193.5
7736,2025-03-13,Australia,Food,11,225.47,2480.17
7737,2025-03-14,India,Food,3,514.38,1543.14
7738,2025-03-15,India,Clothing,2,863.52,1727.04
7739,2025-03-16,USA,Clothing,4,314.5,1258.0
7740,2025-03-17,Australia,Electronics,6,876.13,5256.78
7741,2025-03-18,France,Furniture,16,264.71,4235.36
7742,2025-03-19,India,Furniture,17,13.88,235.96
7743,2025-03-20,India,Furniture,5,625.99,3129.95
7744,2025-03-21,UAE,Sports,13,110.68,1438.84
7745,2025-03-22,USA,Food,11,776.2,8538.2
7746,2025-03-23,Australia,Sports,12,665.6,7987.2
7747,2025-03-24,USA,Food,15,934.55,14018.25
7748,2025-03-25,Germany,Clothing,11,926.14,10187.54
7749,2025-03-26,India,Furniture,12,483.93,5807.16
7750,2025-03-27,Japan,Sports,10,264.14,2641.4
7751,2025-03-28,UK,Electronics,16,43.77,700.32
7752,2025-03-29,Canada,Clothing,15,133.04,1995.6
7753,2025-03-30,Japan,Food,6,546.32,3277.92
7754,2025-03-31,UAE,Furniture,7,486.29,3404.03
7755,2025-04-01,Australia,Food,10,428.94,4289.4
7756,2025-04-02,France,Clothing,17,716.56,12181.52
7757,2025-04-03,Japan,Food,1,112.27,112.27
7758,2025-04-04,Brazil,Food,16,502.04,8032.64
7759,2025-04-05,UAE,Sports,13,32.91,427.83
7760,2025-04-06,Australia,Sports,1,517.69,517.69
7761,2025-04-07,Australia,Food,18,21.18,381.24
7762,2025-04-08,UK,Furniture,7,834.01,5838.07
7763,2025-04-09,Brazil,Food,8,547.63,4381.04
7764,2025-04-10,USA,Electronics,7,983.87,6887.09
7765,2025-04-11,Japan,Sports,17,260.44,4427.48
7766,2025-04-12,USA,Sports,12,334.52,4014.24
7767,2025-04-13,Canada,Furniture,1,826.3,826.3
7768,2025-04-14,Canada,Clothing,18,635.06,11431.08
7769,2025-04-15,France,Food,19,286.82,5449.58
7770,2025-04-16,UK,Clothing,14,688.99,9645.86
7771,2025-04-17,Germany,Food,14,238.3,3336.2
7772,2025-04-18,France,Sports,2,933.15,1866.3
7773,2025-04-19,France,Furniture,20,774.02,15480.4
7774,2025-04-20,UK,Food,16,432.52,6920.32
7775,2025-04-21,India,Food,7,594.42,4160.94
7776,2025-04-22,USA,Food,12,461.77,5541.24
7777,2025-04-23,France,Furniture,10,772.01,7720.1
7778,2025-04-24,France,Food,16,954.29,15268.64
7779,2025-04-25,UAE,Clothing,4,659.31,2637.24
7780,2025-04-26,Japan,Sports,19,865.6,16446.4
7781,2025-04-27,Japan,Clothing,16,441.14,7058.24
7782,2025-04-28,France,Electronics,9,759.07,6831.63
7783,2025-04-29,Japan,Furniture,5,704.87,3524.35
7784,2025-04-30,UAE,Sports,12,202.61,2431.32
7785,2025-05-01,France,Food,18,919.71,16554.78
7786,2025-05-02,India,Clothing,18,931.92,16774.56
7787,2025-05-03,Australia,Food,13,910.68,11838.84
7788,2025-05-04,Germany,Sports,13,199.17,2589.21
7789,2025-05-05,India,Food,2,986.3,1972.6
7790,2025-05-06,Australia,Food,10,387.67,3876.7
7791,2025-05-07,USA,Food,14,198.74,2782.36
7792,2025-05-08,Japan,Food,10,313.88,3138.8
7793,2025-05-09,India,Furniture,8,211.6,1692.8
7794,2025-05-10,UAE,Furniture,13,554.57,7209.41
7795,2025-05-11,Canada,Furniture,3,184.26,552.78
7796,2025-05-12,UAE,Food,13,752.14,9777.82
7797,2025-05-13,India,Food,10,954.77,9547.7
7798,2025-05-14,Germany,Electronics,3,14.07,42.21
7799,2025-05-15,Canada,Sports,12,488.8,5865.6
7800,2025-05-16,Australia,Clothing,20,623.41,12468.2
7801,2025-05-17,UAE,Clothing,2,483.81,967.62
7802,2025-05-18,USA,Sports,2,526.08,1052.16
7803,2025-05-19,Canada,Electronics,17,919.28,15627.76
7804,2025-05-20,UAE,Clothing,17,830.92,14125.64
7805,2025-05-21,Brazil,Clothing,4,376.78,1507.12
7806,2025-05-22,Australia,Sports,20,639.22,12784.4
7807,2025-05-23,Canada,Furniture,9,264.06,2376.54
7808,2025-05-24,UK,Furniture,6,857.45,5144.7
7809,2025-05-25,France,Food,4,565.84,2263.36
7810,2025-05-26,Japan,Electronics,1,242.8,242.8
7811,2025-05-27,Canada,Electronics,1,178.48,178.48
7812,2025-05-28,Australia,Clothing,12,57.29,687.48
7813,2025-05-29,India,Clothing,8,346.9,2775.2
7814,2025-05-30,Brazil,Clothing,3,701.27,2103.81
7815,2025-05-31,France,Clothing,3,975.32,2925.96
7816,2025-06-01,Canada,Electronics,7,984.59,6892.13
7817,2025-06-02,Australia,Furniture,2,188.15,376.3
7818,2025-06-03,Brazil,Electronics,13,632.06,8216.78
7819,2025-06-04,Brazil,Clothing,13,340.13,4421.69
7820,2025-06-05,UK,Furniture,13,620.13,8061.69
7821,2025-06-06,Australia,Clothing,12,721.83,8661.96
7822,2025-06-07,Brazil,Furniture,10,643.5,6435.0
7823,2025-06-08,Japan,Food,8,577.68,4621.44
7824,2025-06-09,Canada,Electronics,4,338.89,1355.56
7825,2025-06-10,Brazil,Clothing,1,336.42,336.42
7826,2025-06-11,France,Furniture,11,750.64,8257.04
7827,2025-06-12,Brazil,Food,11,864.67,9511.37
7828,2025-06-13,France,Furniture,13,972.71,12645.23
7829,2025-06-14,India,Sports,2,355.24,710.48
7830,2025-06-15,Germany,Sports,18,770.33,13865.94
7831,2025-06-16,UAE,Food,6,754.69,4528.14
7832,2025-06-17,Germany,Food,16,772.04,12352.64
7833,2025-06-18,UK,Sports,4,511.11,2044.44
7834,2025-06-19,Germany,Clothing,15,395.61,5934.15
7835,2025-06-20,India,Electronics,13,212.75,2765.75
7836,2025-06-21,Japan,Electronics,15,226.67,3400.05
7837,2025-06-22,USA,Electronics,1,858.36,858.36
7838,2025-06-23,Australia,Furniture,8,131.06,1048.48
7839,2025-06-24,India,Electronics,7,507.81,3554.67
7840,2025-06-25,France,Electronics,8,449.8,3598.4
7841,2025-06-26,Brazil,Furniture,2,674.02,1348.04
7842,2025-06-27,USA,Sports,3,505.7,1517.1
7843,2025-06-28,France,Furniture,19,543.27,10322.13
7844,2025-06-29,Germany,Furniture,12,330.41,3964.92
7845,2025-06-30,Australia,Sports,9,351.61,3164.49
7846,2025-07-01,France,Clothing,2,163.78,327.56
7847,2025-07-02,USA,Food,20,861.74,17234.8
7848,2025-07-03,UAE,Electronics,5,135.4,677.0
7849,2025-07-04,Australia,Sports,2,225.44,450.88
7850,2025-07-05,Germany,Electronics,16,568.58,9097.28
7851,2025-07-06,France,Furniture,16,99.01,1584.16
7852,2025-07-07,Germany,Sports,15,834.95,12524.25
7853,2025-07-08,UK,Electronics,8,411.49,3291.92
7854,2025-07-09,Australia,Clothing,12,342.13,4105.56
7855,2025-07-10,Canada,Food,12,973.64,11683.68
7856,2025-07-11,Australia,Clothing,11,253.7,2790.7
7857,2025-07-12,India,Furniture,8,357.64,2861.12
7858,2025-07-13,Brazil,Food,16,357.36,5717.76
7859,2025-07-14,USA,Sports,5,223.37,1116.85
7860,2025-07-15,UK,Sports,2,706.07,1412.14
7861,2025-07-16,Brazil,Sports,16,988.33,15813.28
7862,2025-07-17,Germany,Food,10,35.75,357.5
7863,2025-07-18,France,Food,7,965.74,6760.18
7864,2025-07-19,UK,Food,1,757.11,757.11
7865,2025-07-20,Canada,Electronics,6,476.62,2859.72
7866,2025-07-21,UAE,Clothing,20,355.14,7102.8
7867,2025-07-22,India,Food,6,118.04,708.24
7868,2025-07-23,UAE,Electronics,1,209.63,209.63
7869,2025-07-24,Germany,Food,18,476.65,8579.7
7870,2025-07-25,Canada,Food,10,336.07,3360.7
7871,2025-07-26,Germany,Furniture,9,530.86,4777.74
7872,2025-07-27,Australia,Clothing,16,838.03,13408.48
7873,2025-07-28,Japan,Food,5,836.86,4184.3
7874,2025-07-29,Canada,Electronics,10,644.71,6447.1
7875,2025-07-30,Germany,Furniture,7,371.62,2601.34
7876,2025-07-31,UAE,Food,5,731.48,3657.4
7877,2025-08-01,India,Electronics,6,319.59,1917.54
7878,2025-08-02,France,Electronics,12,499.1,5989.2
7879,2025-08-03,UAE,Clothing,10,52.49,524.9
7880,2025-08-04,UAE,Clothing,9,979.08,8811.72
7881,2025-08-05,UK,Furniture,3,972.31,2916.93
7882,2025-08-06,UAE,Furniture,8,817.15,6537.2
7883,2025-08-07,UAE,Sports,13,231.45,3008.85
7884,2025-08-08,Japan,Clothing,20,236.56,4731.2
7885,2025-08-09,India,Furniture,14,430.67,6029.38
7886,2025-08-10,India,Furniture,13,236.28,3071.64
7887,2025-08-11,Japan,Clothing,13,272.48,3542.24
7888,2025-08-12,France,Clothing,15,533.02,7995.3
7889,2025-08-13,Australia,Sports,10,860.07,8600.7
7890,2025-08-14,Australia,Sports,10,819.87,8198.7
7891,2025-08-15,UK,Furniture,16,686.59,10985.44
7892,2025-08-16,India,Clothing,20,544.32,10886.4
7893,2025-08-17,UK,Clothing,4,24.76,99.04
7894,2025-08-18,UK,Sports,5,869.88,4349.4
7895,2025-08-19,Australia,Sports,19,873.72,16600.68
7896,2025-08-20,Canada,Food,2,210.68,421.36
7897,2025-08-21,USA,Clothing,11,226.93,2496.23
7898,2025-08-22,India,Food,14,744.94,10429.16
7899,2025-08-23,Canada,Food,18,904.99,16289.82
7900,2025-08-24,UK,Sports,16,112.97,1807.52
7901,2025-08-25,Canada,Electronics,7,389.1,2723.7
7902,2025-08-26,Brazil,Electronics,15,55.54,833.1
7903,2025-08-27,UAE,Furniture,3,720.78,2162.34
7904,2025-08-28,Canada,Food,20,370.35,7407.0
7905,2025-08-29,USA,Clothing,9,844.56,7601.04
7906,2025-08-30,Australia,Sports,2,12.23,24.46
7907,2025-08-31,India,Electronics,9,772.85,6955.65
7908,2025-09-01,France,Electronics,10,310.87,3108.7
7909,2025-09-02,USA,Clothing,13,334.49,4348.37
7910,2025-09-03,Canada,Food,19,988.75,18786.25
7911,2025-09-04,Germany,Furniture,12,626.88,7522.56
7912,2025-09-05,USA,Furniture,11,669.56,7365.16
7913,2025-09-06,Germany,Furniture,13,502.09,6527.17
7914,2025-09-07,Brazil,Food,19,312.51,5937.69
7915,2025-09-08,UK,Sports,1,701.5,701.5
7916,2025-09-09,UAE,Sports,18,790.6,14230.8
7917,2025-09-10,Germany,Sports,17,371.11,6308.87
7918,2025-09-11,Canada,Furniture,17,696.7,11843.9
7919,2025-09-12,Germany,Furniture,13,885.4,11510.2
7920,2025-09-13,UAE,Sports,20,542.87,10857.4
7921,2025-09-14,Germany,Clothing,11,556.57,6122.27
7922,2025-09-15,UK,Clothing,8,515.23,4121.84
7923,2025-09-16,Japan,Sports,10,702.43,7024.3
7924,2025-09-17,Brazil,Sports,10,92.19,921.9
7925,2025-09-18,Japan,Electronics,19,74.79,1421.01
7926,2025-09-19,Canada,Electronics,1,768.81,768.81
7927,2025-09-20,USA,Sports,7,857.47,6002.29
7928,2025-09-21,Canada,Sports,4,445.97,1783.88
7929,2025-09-22,Brazil,Clothing,16,725.97,11615.52
7930,2025-09-23,Germany,Clothing,18,680.9,12256.2
7931,2025-09-24,Japan,Electronics,19,79.41,1508.79
7932,2025-09-25,India,Clothing,13,153.78,1999.14
7933,2025-09-26,UAE,Clothing,17,557.77,9482.09
7934,2025-09-27,India,Electronics,13,190.68,2478.84
7935,2025-09-28,Germany,Furniture,5,497.2,2486.0
7936,2025-09-29,France,Clothing,7,526.96,3688.72
7937,2025-09-30,India,Clothing,7,423.6,2965.2
7938,2025-10-01,Germany,Food,10,606.96,6069.6
7939,2025-10-02,UK,Clothing,6,563.24,3379.44
7940,2025-10-03,UK,Clothing,14,117.45,1644.3
7941,2025-10-04,Japan,Electronics,2,26.14,52.28
7942,2025-10-05,USA,Furniture,7,130.94,916.58
7943,2025-10-06,Germany,Sports,4,535.6,2142.4
7944,2025-10-07,UAE,Electronics,7,195.78,1370.46
7945,2025-10-08,UAE,Food,18,688.66,12395.88
7946,2025-10-09,Japan,Electronics,7,425.24,2976.68
7947,2025-10-10,USA,Clothing,3,787.2,2361.6
7948,2025-10-11,Brazil,Sports,14,793.76,11112.64
7949,2025-10-12,Canada,Furniture,12,357.25,4287.0
7950,2025-10-13,India,Electronics,9,380.64,3425.76
7951,2025-10-14,Canada,Sports,11,901.32,9914.52
7952,2025-10-15,France,Clothing,7,101.86,713.02
7953,2025-10-16,UK,Electronics,8,31.57,252.56
7954,2025-10-17,Japan,Electronics,9,928.23,8354.07
7955,2025-10-18,USA,Food,9,906.89,8162.01
7956,2025-10-19,Canada,Furniture,10,75.11,751.1
7957,2025-10-20,UAE,Sports,19,176.68,3356.92
7958,2025-10-21,USA,Electronics,15,816.45,12246.75
7959,2025-10-22,India,Clothing,18,326.32,5873.76
7960,2025-10-23,France,Furniture,15,588.85,8832.75
7961,2025-10-24,Germany,Sports,10,733.73,7337.3
7962,2025-10-25,UAE,Furniture,19,313.08,5948.52
7963,2025-10-26,UAE,Clothing,1,156.03,156.03
7964,2025-10-27,Canada,Food,13,311.71,4052.23
7965,2025-10-28,USA,Clothing,19,566.93,10771.67
7966,2025-10-29,India,Sports,5,955.58,4777.9
7967,2025-10-30,Canada,Electronics,7,396.33,2774.31
7968,2025-10-31,Japan,Sports,5,539.56,2697.8
7969,2025-11-01,UK,Clothing,6,157.64,945.84
7970,2025-11-02,Canada,Sports,3,606.39,1819.17
7971,2025-11-03,Germany,Electronics,9,666.78,6001.02
7972,2025-11-04,Japan,Clothing,13,417.35,5425.55
7973,2025-11-05,Germany,Clothing,11,567.11,6238.21
7974,2025-11-06,UK,Food,12,865.88,10390.56
7975,2025-11-07,Japan,Furniture,5,145.41,727.05
7976,2025-11-08,France,Clothing,10,142.49,1424.9
7977,2025-11-09,UK,Furniture,7,852.15,5965.05
7978,2025-11-10,Germany,Clothing,9,788.48,7096.32
7979,2025-11-11,Japan,Electronics,9,242.1,2178.9
7980,2025-11-12,Australia,Clothing,12,926.49,11117.88
7981,2025-11-13,Canada,Food,3,752.45,2257.35
7982,2025-11-14,Canada,Food,3,846.13,2538.39
7983,2025-11-15,Canada,Sports,15,601.26,9018.9
7984,2025-11-16,Brazil,Sports,4,423.17,1692.68
7985,2025-11-17,USA,Clothing,8,358.93,2871.44
7986,2025-11-18,UK,Electronics,15,438.89,6583.35
7987,2025-11-19,Japan,Sports,14,556.66,7793.24
7988,2025-11-20,UK,Furniture,5,347.44,1737.2
7989,2025-11-21,USA,Clothing,15,584.71,8770.65
7990,2025-11-22,Australia,Furniture,5,997.02,4985.1
7991,2025-11-23,France,Sports,6,458.49,2750.94
7992,2025-11-24,Canada,Electronics,10,767.11,7671.1
7993,2025-11-25,Brazil,Clothing,14,343.9,4814.6
7994,2025-11-26,UK,Clothing,4,711.64,2846.56
7995,2025-11-27,USA,Furniture,5,203.87,1019.35
7996,2025-11-28,UK,Electronics,4,861.91,3447.64
7997,2025-11-29,Australia,Furniture,12,845.71,10148.52
7998,2025-11-30,Japan,Clothing,9,724.99,6524.91
7999,2025-12-01,Canada,Electronics,16,732.72,11723.52
8000,2025-12-02,Australia,Clothing,2,543.64,1087.28
8001,2025-12-03,Australia,Clothing,12,232.54,2790.48
8002,2025-12-04,Germany,Furniture,15,748.77,11231.55
8003,2025-12-05,Japan,Furniture,8,670.83,5366.64
8004,2025-12-06,UK,Electronics,16,687.22,10995.52
8005,2025-12-07,Germany,Food,18,133.44,2401.92
8006,2025-12-08,UK,Electronics,9,898.52,8086.68
8007,2025-12-09,Germany,Sports,18,273.99,4931.82
8008,2025-12-10,USA,Furniture,2,614.66,1229.32
8009,2025-12-11,Australia,Clothing,17,511.43,8694.31
8010,2025-12-12,USA,Electronics,11,652.93,7182.23
8011,2025-12-13,France,Furniture,9,286.18,2575.62
8012,2025-12-14,Germany,Sports,2,70.19,140.38
8013,2025-12-15,Canada,Clothing,16,398.99,6383.84
8014,2025-12-16,Germany,Sports,6,742.62,4455.72
8015,2025-12-17,India,Sports,9,299.53,2695.77
8016,2025-12-18,Japan,Clothing,12,493.19,5918.28
8017,2025-12-19,Australia,Food,8,842.64,6741.12
8018,2025-12-20,France,Food,17,542.37,9220.29
8019,2025-12-21,Germany,Sports,2,696.55,1393.1
8020,2025-12-22,France,Food,6,349.43,2096.58
8021,2025-12-23,UAE,Electronics,7,288.84,2021.88
8022,2025-12-24,Germany,Furniture,12,839.06,10068.72
8023,2025-12-25,India,Clothing,6,339.44,2036.64
8024,2025-12-26,Japan,Food,18,982.24,17680.32
8025,2025-12-27,France,Sports,9,993.83,8944.47
8026,2025-12-28,UK,Clothing,20,690.34,13806.8
8027,2025-12-29,France,Electronics,11,389.6,4285.6
8028,2025-12-30,UK,Furniture,16,165.76,2652.16
8029,2025-12-31,Australia,Electronics,14,412.52,5775.28
8030,2025-01-01,UK,Electronics,2,59.96,119.92
8031,2025-01-02,France,Furniture,14,812.01,11368.14
8032,2025-01-03,Brazil,Furniture,2,927.76,1855.52
8033,2025-01-04,UAE,Sports,14,616.92,8636.88
8034,2025-01-05,Japan,Furniture,9,889.99,8009.91
8035,2025-01-06,UK,Electronics,5,526.91,2634.55
8036,2025-01-07,Australia,Food,5,100.62,503.1
8037,2025-01-08,Australia,Sports,6,601.77,3610.62
8038,2025-01-09,UK,Electronics,2,100.76,201.52
8039,2025-01-10,Japan,Food,2,339.84,679.68
8040,2025-01-11,UK,Food,3,32.24,96.72
8041,2025-01-12,India,Furniture,15,114.69,1720.35
8042,2025-01-13,UK,Food,20,980.36,19607.2
8043,2025-01-14,Brazil,Clothing,3,732.27,2196.81
8044,2025-01-15,UK,Food,17,22.65,385.05
8045,2025-01-16,Canada,Clothing,15,145.59,2183.85
8046,2025-01-17,Australia,Food,7,75.62,529.34
8047,2025-01-18,UAE,Electronics,5,351.76,1758.8
8048,2025-01-19,UAE,Clothing,5,765.83,3829.15
8049,2025-01-20,UK,Furniture,14,296.08,4145.12
8050,2025-01-21,Brazil,Food,8,132.6,1060.8
8051,2025-01-22,Australia,Clothing,7,924.48,6471.36
8052,2025-01-23,Australia,Furniture,6,290.04,1740.24
8053,2025-01-24,USA,Electronics,6,501.92,3011.52
8054,2025-01-25,UAE,Sports,11,706.35,7769.85
8055,2025-01-26,Japan,Electronics,4,369.16,1476.64
8056,2025-01-27,Japan,Clothing,11,296.8,3264.8
8057,2025-01-28,Germany,Electronics,15,405.7,6085.5
8058,2025-01-29,UK,Electronics,3,535.23,1605.69
8059,2025-01-30,Canada,Electronics,8,153.23,1225.84
8060,2025-01-31,Australia,Clothing,1,434.2,434.2
8061,2025-02-01,Brazil,Sports,15,674.34,10115.1
8062,2025-02-02,India,Food,12,767.64,9211.68
8063,2025-02-03,Brazil,Food,8,75.13,601.04
8064,2025-02-04,Canada,Clothing,14,68.18,954.52
8065,2025-02-05,UAE,Furniture,16,493.85,7901.6
8066,2025-02-06,Brazil,Sports,4,639.34,2557.36
8067,2025-02-07,Brazil,Furniture,7,502.35,3516.45
8068,2025-02-08,Japan,Clothing,3,369.45,1108.35
8069,2025-02-09,Canada,Food,9,351.27,3161.43
8070,2025-02-10,Germany,Electronics,4,87.06,348.24
8071,2025-02-11,USA,Sports,3,96.96,290.88
8072,2025-02-12,India,Food,17,693.82,11794.94
8073,2025-02-13,Canada,Sports,5,759.38,3796.9
8074,2025-02-14,Germany,Food,5,645.56,3227.8
8075,2025-02-15,Australia,Food,12,455.73,5468.76
8076,2025-02-16,India,Sports,11,362.85,3991.35
8077,2025-02-17,Canada,Furniture,14,274.04,3836.56
8078,2025-02-18,Brazil,Furniture,16,584.67,9354.72
8079,2025-02-19,Germany,Sports,18,911.24,16402.32
8080,2025-02-20,Germany,Clothing,1,986.42,986.42
8081,2025-02-21,France,Food,3,925.17,2775.51
8082,2025-02-22,USA,Furniture,3,146.95,440.85
8083,2025-02-23,Germany,Electronics,9,791.07,7119.63
8084,2025-02-24,Brazil,Clothing,7,82.36,576.52
8085,2025-02-25,France,Food,14,668.89,9364.46
8086,2025-02-26,France,Clothing,13,772.38,10040.94
8087,2025-02-27,UK,Food,20,541.45,10829.0
8088,2025-02-28,India,Furniture,10,519.23,5192.3
8089,2025-03-01,UK,Furniture,7,195.3,1367.1
8090,2025-03-02,Japan,Electronics,10,33.68,336.8
8091,2025-03-03,UK,Clothing,10,299.56,2995.6
8092,2025-03-04,Japan,Clothing,6,347.16,2082.96
8093,2025-03-05,UAE,Furniture,18,623.18,11217.24
8094,2025-03-06,India,Clothing,9,340.01,3060.09
8095,2025-03-07,India,Food,11,155.17,1706.87
8096,2025-03-08,Japan,Food,8,953.53,7628.24
8097,2025-03-09,India,Furniture,10,720.34,7203.4
8098,2025-03-10,Australia,Furniture,12,816.71,9800.52
8099,2025-03-11,Germany,Food,15,560.32,8404.8
8100,2025-03-12,UK,Clothing,6,193.07,1158.42
8101,2025-03-13,Germany,Furniture,8,468.8,3750.4
8102,2025-03-14,USA,Furniture,3,622.71,1868.13
8103,2025-03-15,Brazil,Furniture,10,521.42,5214.2
8104,2025-03-16,Germany,Food,13,902.93,11738.09
8105,2025-03-17,Australia,Sports,4,982.07,3928.28
8106,2025-03-18,Australia,Food,20,120.64,2412.8
8107,2025-03-19,USA,Furniture,13,263.18,3421.34
8108,2025-03-20,Germany,Furniture,14,732.13,10249.82
8109,2025-03-21,India,Clothing,6,40.41,242.46
8110,2025-03-22,Brazil,Electronics,5,299.06,1495.3
8111,2025-03-23,Canada,Electronics,19,153.53,2917.07
8112,2025-03-24,Australia,Furniture,10,906.75,9067.5
8113,2025-03-25,Canada,Food,11,451.76,4969.36
8114,2025-03-26,USA,Clothing,19,777.74,14777.06
8115,2025-03-27,UAE,Furniture,9,50.22,451.98
8116,2025-03-28,Germany,Furniture,12,423.11,5077.32
8117,2025-03-29,India,Sports,18,346.74,6241.32
8118,2025-03-30,Brazil,Clothing,8,795.48,6363.84
8119,2025-03-31,UAE,Sports,13,79.45,1032.85
8120,2025-04-01,Brazil,Clothing,7,715.17,5006.19
8121,2025-04-02,Australia,Electronics,9,416.25,3746.25
8122,2025-04-03,France,Clothing,1,739.8,739.8
8123,2025-04-04,Australia,Sports,6,570.02,3420.12
8124,2025-04-05,UK,Clothing,10,460.91,4609.1
8125,2025-04-06,India,Food,3,723.87,2171.61
8126,2025-04-07,UK,Furniture,15,809.51,12142.65
8127,2025-04-08,Brazil,Clothing,2,783.31,1566.62
8128,2025-04-09,France,Food,5,177.45,887.25
8129,2025-04-10,USA,Electronics,18,231.73,4171.14
8130,2025-04-11,Canada,Furniture,2,972.78,1945.56
8131,2025-04-12,USA,Food,13,463.49,6025.37
8132,2025-04-13,Germany,Furniture,5,375.13,1875.65
8133,2025-04-14,Brazil,Furniture,3,552.34,1657.02
8134,2025-04-15,India,Clothing,20,389.91,7798.2
8135,2025-04-16,UK,Food,18,194.39,3499.02
8136,2025-04-17,Australia,Food,20,436.46,8729.2
8137,2025-04-18,Canada,Food,7,670.94,4696.58
8138,2025-04-19,UAE,Food,13,817.28,10624.64
8139,2025-04-20,Canada,Sports,19,151.11,2871.09
8140,2025-04-21,Canada,Furniture,2,552.81,1105.62
8141,2025-04-22,UAE,Sports,15,504.14,7562.1
8142,2025-04-23,France,Electronics,19,718.28,13647.32
8143,2025-04-24,UAE,Sports,20,804.03,16080.6
8144,2025-04-25,UAE,Sports,19,373.64,7099.16
8145,2025-04-26,USA,Food,12,480.84,5770.08
8146,2025-04-27,Japan,Food,1,109.63,109.63
8147,2025-04-28,Canada,Clothing,7,591.22,4138.54
8148,2025-04-29,Japan,Furniture,18,523.85,9429.3
8149,2025-04-30,Australia,Food,17,458.39,7792.63
8150,2025-05-01,France,Clothing,14,649.45,9092.3
8151,2025-05-02,Canada,Food,7,19.64,137.48
8152,2025-05-03,France,Clothing,14,52.46,734.44
8153,2025-05-04,Canada,Furniture,16,165.19,2643.04
8154,2025-05-05,Brazil,Food,18,327.6,5896.8
8155,2025-05-06,USA,Food,15,231.0,3465.0
8156,2025-05-07,Japan,Clothing,14,597.74,8368.36
8157,2025-05-08,Germany,Sports,13,229.88,2988.44
8158,2025-05-09,India,Food,11,994.41,10938.51
8159,2025-05-10,Brazil,Food,7,821.36,5749.52
8160,2025-05-11,Brazil,Furniture,2,568.26,1136.52
8161,2025-05-12,India,Electronics,12,23.95,287.4
8162,2025-05-13,Germany,Furniture,13,957.9,12452.7
8163,2025-05-14,Germany,Food,7,33.5,234.5
8164,2025-05-15,Canada,Food,20,550.15,11003.0
8165,2025-05-16,Germany,Food,2,267.22,534.44
8166,2025-05-17,France,Furniture,6,41.7,250.2
8167,2025-05-18,USA,Electronics,15,405.59,6083.85
8168,2025-05-19,Germany,Sports,7,54.65,382.55
8169,2025-05-20,France,Electronics,16,27.36,437.76
8170,2025-05-21,USA,Food,6,911.91,5471.46
8171,2025-05-22,France,Electronics,8,472.78,3782.24
8172,2025-05-23,Brazil,Clothing,11,46.11,507.21
8173,2025-05-24,UK,Sports,10,317.06,3170.6
8174,2025-05-25,Germany,Electronics,5,120.87,604.35
8175,2025-05-26,UK,Electronics,3,827.16,2481.48
8176,2025-05-27,India,Sports,12,259.95,3119.4
8177,2025-05-28,Brazil,Sports,4,352.69,1410.76
8178,2025-05-29,France,Electronics,8,989.12,7912.96
8179,2025-05-30,UK,Clothing,9,973.9,8765.1
8180,2025-05-31,Japan,Electronics,16,421.28,6740.48
8181,2025-06-01,USA,Furniture,15,447.27,6709.05
8182,2025-06-02,India,Sports,12,924.13,11089.56
8183,2025-06-03,Australia,Sports,16,52.35,837.6
8184,2025-06-04,UAE,Food,1,694.88,694.88
8185,2025-06-05,India,Sports,12,60.85,730.2
8186,2025-06-06,Japan,Clothing,9,203.95,1835.55
8187,2025-06-07,UK,Furniture,15,605.94,9089.1
8188,2025-06-08,Japan,Sports,17,582.5,9902.5
8189,2025-06-09,Brazil,Electronics,12,885.04,10620.48
8190,2025-06-10,Japan,Electronics,12,657.58,7890.96
8191,2025-06-11,Brazil,Furniture,11,815.16,8966.76
8192,2025-06-12,UK,Sports,14,891.21,12476.94
8193,2025-06-13,Germany,Electronics,16,618.29,9892.64
8194,2025-06-14,Canada,Food,17,357.92,6084.64
8195,2025-06-15,Germany,Furniture,2,676.35,1352.7
8196,2025-06-16,USA,Electronics,8,796.45,6371.6
8197,2025-06-17,Brazil,Electronics,9,570.9,5138.1
8198,2025-06-18,Germany,Clothing,10,145.4,1454.0
8199,2025-06-19,Germany,Food,9,878.03,7902.27
8200,2025-06-20,Japan,Sports,17,252.48,4292.16
8201,2025-06-21,Australia,Food,20,853.54,17070.8
8202,2025-06-22,India,Furniture,15,717.22,10758.3
8203,2025-06-23,UK,Sports,6,977.44,5864.64
8204,2025-06-24,UAE,Food,19,606.82,11529.58
8205,2025-06-25,Australia,Clothing,14,644.33,9020.62
8206,2025-06-26,India,Sports,6,620.92,3725.52
8207,2025-06-27,USA,Electronics,16,866.51,13864.16
8208,2025-06-28,Canada,Sports,3,894.76,2684.28
8209,2025-06-29,India,Furniture,7,75.41,527.87
8210,2025-06-30,UK,Furniture,5,450.1,2250.5
8211,2025-07-01,UAE,Electronics,1,365.1,365.1
8212,2025-07-02,Brazil,Electronics,12,351.66,4219.92
8213,2025-07-03,UAE,Clothing,1,716.77,716.77
8214,2025-07-04,UAE,Electronics,14,982.02,13748.28
8215,2025-07-05,USA,Food,14,59.25,829.5
8216,2025-07-06,Germany,Clothing,1,701.19,701.19
8217,2025-07-07,Canada,Clothing,12,41.57,498.84
8218,2025-07-08,Germany,Sports,15,228.2,3423.0
8219,2025-07-09,USA,Clothing,9,761.15,6850.35
8220,2025-07-10,USA,Furniture,12,646.02,7752.24
8221,2025-07-11,UK,Clothing,3,382.15,1146.45
8222,2025-07-12,Germany,Furniture,7,443.61,3105.27
8223,2025-07-13,France,Clothing,17,838.82,14259.94
8224,2025-07-14,USA,Electronics,4,594.21,2376.84
8225,2025-07-15,UAE,Sports,16,257.42,4118.72
8226,2025-07-16,UK,Food,13,211.66,2751.58
8227,2025-07-17,Australia,Electronics,13,110.77,1440.01
8228,2025-07-18,Brazil,Sports,9,777.01,6993.09
8229,2025-07-19,France,Sports,19,659.57,12531.83
8230,2025-07-20,Brazil,Furniture,1,909.46,909.46
8231,2025-07-21,Brazil,Clothing,2,155.27,310.54
8232,2025-07-22,India,Clothing,1,603.94,603.94
8233,2025-07-23,Canada,Food,15,10.94,164.1
8234,2025-07-24,Germany,Sports,11,639.67,7036.37
8235,2025-07-25,Japan,Electronics,1,411.65,411.65
8236,2025-07-26,Brazil,Sports,17,475.49,8083.33
8237,2025-07-27,India,Electronics,2,851.15,1702.3
8238,2025-07-28,France,Clothing,19,719.86,13677.34
8239,2025-07-29,UK,Food,4,153.43,613.72
8240,2025-07-30,Japan,Food,1,271.6,271.6
8241,2025-07-31,USA,Sports,16,733.54,11736.64
8242,2025-08-01,USA,Sports,3,527.57,1582.71
8243,2025-08-02,Brazil,Furniture,3,909.22,2727.66
8244,2025-08-03,Canada,Food,11,175.89,1934.79
8245,2025-08-04,Japan,Clothing,12,240.97,2891.64
8246,2025-08-05,France,Furniture,1,561.58,561.58
8247,2025-08-06,Germany,Electronics,3,288.87,866.61
8248,2025-08-07,France,Clothing,20,623.86,12477.2
8249,2025-08-08,France,Electronics,11,566.36,6229.96
8250,2025-08-09,France,Furniture,17,584.58,9937.86
8251,2025-08-10,Australia,Electronics,12,464.47,5573.64
8252,2025-08-11,UK,Clothing,10,948.3,9483.0
8253,2025-08-12,UAE,Clothing,14,681.9,9546.6
8254,2025-08-13,India,Furniture,6,259.62,1557.72
8255,2025-08-14,France,Sports,18,452.66,8147.88
8256,2025-08-15,USA,Furniture,9,405.85,3652.65
8257,2025-08-16,Japan,Food,5,46.09,230.45
8258,2025-08-17,India,Clothing,2,25.09,50.18
8259,2025-08-18,Canada,Clothing,14,129.52,1813.28
8260,2025-08-19,India,Sports,16,231.61,3705.76
8261,2025-08-20,Brazil,Food,7,692.86,4850.02
8262,2025-08-21,France,Electronics,15,447.94,6719.1
8263,2025-08-22,UAE,Electronics,19,623.45,11845.55
8264,2025-08-23,Germany,Furniture,3,520.31,1560.93
8265,2025-08-24,Canada,Furniture,7,327.48,2292.36
8266,2025-08-25,France,Furniture,13,459.7,5976.1
8267,2025-08-26,Australia,Clothing,5,740.84,3704.2
8268,2025-08-27,Brazil,Sports,15,373.53,5602.95
8269,2025-08-28,Brazil,Furniture,17,372.76,6336.92
8270,2025-08-29,Japan,Furniture,20,715.2,14304.0
8271,2025-08-30,Japan,Furniture,10,194.65,1946.5
8272,2025-08-31,Australia,Food,12,79.09,949.08
8273,2025-09-01,India,Electronics,14,151.93,2127.02
8274,2025-09-02,France,Food,11,163.89,1802.79
8275,2025-09-03,USA,Clothing,14,547.86,7670.04
8276,2025-09-04,India,Furniture,7,50.25,351.75
8277,2025-09-05,Japan,Electronics,12,541.22,6494.64
8278,2025-09-06,UK,Clothing,2,186.06,372.12
8279,2025-09-07,Australia,Furniture,17,786.49,13370.33
8280,2025-09-08,France,Furniture,10,502.47,5024.7
8281,2025-09-09,France,Furniture,7,887.14,6209.98
8282,2025-09-10,Brazil,Sports,3,828.93,2486.79
8283,2025-09-11,France,Furniture,15,326.86,4902.9
8284,2025-09-12,USA,Clothing,7,422.19,2955.33
8285,2025-09-13,Australia,Electronics,5,518.54,2592.7
8286,2025-09-14,Canada,Electronics,3,573.01,1719.03
8287,2025-09-15,Japan,Electronics,17,929.37,15799.29
8288,2025-09-16,Japan,Clothing,5,597.37,2986.85
8289,2025-09-17,Canada,Furniture,3,545.84,1637.52
8290,2025-09-18,Brazil,Sports,5,379.44,1897.2
8291,2025-09-19,UAE,Electronics,8,458.18,3665.44
8292,2025-09-20,USA,Sports,14,153.53,2149.42
8293,2025-09-21,India,Electronics,1,523.6,523.6
8294,2025-09-22,France,Electronics,2,863.77,1727.54
8295,2025-09-23,UK,Clothing,5,211.76,1058.8
8296,2025-09-24,USA,Clothing,10,268.8,2688.0
8297,2025-09-25,Japan,Furniture,20,915.26,18305.2
8298,2025-09-26,India,Clothing,11,763.89,8402.79
8299,2025-09-27,UAE,Sports,8,439.69,3517.52
8300,2025-09-28,India,Clothing,1,803.36,803.36
8301,2025-09-29,Canada,Food,4,220.97,883.88
8302,2025-09-30,Australia,Clothing,19,393.83,7482.77
8303,2025-10-01,Canada,Electronics,1,784.61,784.61
8304,2025-10-02,Germany,Electronics,9,843.51,7591.59
8305,2025-10-03,Canada,Clothing,16,953.57,15257.12
8306,2025-10-04,France,Food,20,666.48,13329.6
8307,2025-10-05,Canada,Food,17,194.18,3301.06
8308,2025-10-06,Canada,Furniture,9,837.44,7536.96
8309,2025-10-07,Brazil,Sports,4,886.67,3546.68
8310,2025-10-08,UK,Electronics,4,381.41,1525.64
8311,2025-10-09,Japan,Sports,17,392.1,6665.7
8312,2025-10-10,Canada,Clothing,19,38.36,728.84
8313,2025-10-11,Australia,Clothing,14,275.36,3855.04
8314,2025-10-12,Japan,Furniture,17,727.31,12364.27
8315,2025-10-13,France,Sports,8,215.44,1723.52
8316,2025-10-14,Germany,Furniture,5,686.47,3432.35
8317,2025-10-15,India,Clothing,14,430.37,6025.18
8318,2025-10-16,USA,Food,9,725.25,6527.25
8319,2025-10-17,Brazil,Electronics,17,925.58,15734.86
8320,2025-10-18,UAE,Clothing,14,20.84,291.76
8321,2025-10-19,USA,Electronics,19,984.23,18700.37
8322,2025-10-20,Japan,Food,15,901.11,13516.65
8323,2025-10-21,Japan,Sports,6,663.71,3982.26
8324,2025-10-22,France,Sports,11,263.54,2898.94
8325,2025-10-23,Japan,Sports,14,200.79,2811.06
8326,2025-10-24,Germany,Food,13,86.92,1129.96
8327,2025-10-25,UK,Sports,2,575.19,1150.38
8328,2025-10-26,Germany,Food,9,29.01,261.09
8329,2025-10-27,France,Sports,8,574.74,4597.92
8330,2025-10-28,UK,Electronics,19,447.82,8508.58
8331,2025-10-29,USA,Furniture,6,576.38,3458.28
8332,2025-10-30,USA,Electronics,17,778.31,13231.27
8333,2025-10-31,Canada,Furniture,6,646.87,3881.22
8334,2025-11-01,France,Furniture,18,320.6,5770.8
8335,2025-11-02,Australia,Electronics,11,447.65,4924.15
8336,2025-11-03,Japan,Electronics,2,880.94,1761.88
8337,2025-11-04,France,Clothing,12,503.8,6045.6
8338,2025-11-05,Germany,Electronics,17,52.74,896.58
8339,2025-11-06,France,Clothing,20,832.14,16642.8
8340,2025-11-07,Germany,Clothing,8,939.26,7514.08
8341,2025-11-08,Germany,Clothing,4,360.07,1440.28
8342,2025-11-09,USA,Sports,10,168.34,1683.4
8343,2025-11-10,France,Food,5,943.4,4717.0
8344,2025-11-11,Canada,Food,2,444.5,889.0
8345,2025-11-12,USA,Electronics,6,835.67,5014.02
8346,2025-11-13,France,Food,9,197.56,1778.04
8347,2025-11-14,Germany,Sports,9,966.35,8697.15
8348,2025-11-15,UK,Clothing,4,148.13,592.52
8349,2025-11-16,Germany,Clothing,12,351.47,4217.64
8350,2025-11-17,UAE,Electronics,3,592.59,1777.77
8351,2025-11-18,Germany,Clothing,16,258.95,4143.2
8352,2025-11-19,UK,Clothing,7,42.12,294.84
8353,2025-11-20,UAE,Furniture,10,949.14,9491.4
8354,2025-11-21,UAE,Food,11,709.1,7800.1
8355,2025-11-22,USA,Electronics,18,506.56,9118.08
8356,2025-11-23,Germany,Sports,17,670.19,11393.23
8357,2025-11-24,Japan,Furniture,1,998.27,998.27
8358,2025-11-25,Brazil,Furniture,5,908.37,4541.85
8359,2025-11-26,Japan,Electronics,6,561.73,3370.38
8360,2025-11-27,Brazil,Sports,14,844.37,11821.18
8361,2025-11-28,Germany,Food,20,501.67,10033.4
8362,2025-11-29,Japan,Clothing,5,486.54,2432.7
8363,2025-11-30,Germany,Sports,5,993.53,4967.65
8364,2025-12-01,Brazil,Sports,14,623.05,8722.7
8365,2025-12-02,UAE,Furniture,8,267.63,2141.04
8366,2025-12-03,UAE,Electronics,13,510.22,6632.86
8367,2025-12-04,Canada,Clothing,19,110.99,2108.81
8368,2025-12-05,UK,Sports,8,666.5,5332.0
8369,2025-12-06,UK,Furniture,3,885.91,2657.73
8370,2025-12-07,Canada,Electronics,15,652.79,9791.85
8371,2025-12-08,UAE,Food,8,346.74,2773.92
8372,2025-12-09,India,Electronics,4,302.6,1210.4
8373,2025-12-10,France,Furniture,7,775.68,5429.76
8374,2025-12-11,UAE,Electronics,16,576.72,9227.52
8375,2025-12-12,India,Electronics,12,208.23,2498.76
8376,2025-12-13,France,Clothing,19,138.9,2639.1
8377,2025-12-14,Japan,Food,20,594.51,11890.2
8378,2025-12-15,USA,Food,16,565.53,9048.48
8379,2025-12-16,Germany,Furniture,13,133.74,1738.62
8380,2025-12-17,Japan,Furniture,15,137.61,2064.15
8381,2025-12-18,USA,Food,8,692.4,5539.2
8382,2025-12-19,Japan,Clothing,2,623.66,1247.32
8383,2025-12-20,Germany,Electronics,19,521.62,9910.78
8384,2025-12-21,UAE,Electronics,2,363.68,727.36
8385,2025-12-22,Germany,Clothing,14,995.27,13933.78
8386,2025-12-23,UK,Furniture,7,693.61,4855.27
8387,2025-12-24,India,Sports,9,558.98,5030.82
8388,2025-12-25,USA,Sports,9,274.9,2474.1
8389,2025-12-26,Japan,Furniture,11,243.15,2674.65
8390,2025-12-27,France,Food,7,897.76,6284.32
8391,2025-12-28,UK,Furniture,20,89.67,1793.4
8392,2025-12-29,Germany,Clothing,7,973.48,6814.36
8393,2025-12-30,Brazil,Electronics,17,697.15,11851.55
8394,2025-12-31,France,Food,20,802.42,16048.4
8395,2025-01-01,UAE,Food,2,695.27,1390.54
8396,2025-01-02,Japan,Clothing,16,179.01,2864.16
8397,2025-01-03,Germany,Food,4,266.16,1064.64
8398,2025-01-04,India,Clothing,17,812.86,13818.62
8399,2025-01-05,UK,Clothing,11,337.52,3712.72
8400,2025-01-06,Germany,Furniture,10,618.0,6180.0
8401,2025-01-07,USA,Food,19,386.74,7348.06
8402,2025-01-08,USA,Furniture,19,500.95,9518.05
8403,2025-01-09,Canada,Sports,16,710.57,11369.12
8404,2025-01-10,Germany,Sports,3,620.91,1862.73
8405,2025-01-11,Brazil,Furniture,11,318.42,3502.62
8406,2025-01-12,Japan,Food,14,124.65,1745.1
8407,2025-01-13,Germany,Sports,18,175.17,3153.06
8408,2025-01-14,Germany,Furniture,9,816.02,7344.18
8409,2025-01-15,India,Food,17,900.3,15305.1
8410,2025-01-16,France,Sports,14,164.26,2299.64
8411,2025-01-17,France,Electronics,9,267.03,2403.27
8412,2025-01-18,France,Food,19,967.86,18389.34
8413,2025-01-19,Japan,Clothing,2,35.83,71.66
8414,2025-01-20,UAE,Electronics,9,277.35,2496.15
8415,2025-01-21,India,Food,8,213.11,1704.88
8416,2025-01-22,Japan,Electronics,15,339.36,5090.4
8417,2025-01-23,Brazil,Clothing,15,557.37,8360.55
8418,2025-01-24,Japan,Furniture,2,917.27,1834.54
8419,2025-01-25,France,Sports,2,546.61,1093.22
8420,2025-01-26,Germany,Food,1,710.62,710.62
8421,2025-01-27,Japan,Clothing,3,985.37,2956.11
8422,2025-01-28,Canada,Electronics,13,814.38,10586.94
8423,2025-01-29,USA,Sports,15,295.35,4430.25
8424,2025-01-30,Brazil,Furniture,20,503.03,10060.6
8425,2025-01-31,Japan,Sports,8,326.38,2611.04
8426,2025-02-01,France,Sports,10,951.0,9510.0
8427,2025-02-02,Canada,Sports,1,456.3,456.3
8428,2025-02-03,France,Food,18,426.24,7672.32
8429,2025-02-04,UK,Electronics,6,418.17,2509.02
8430,2025-02-05,UAE,Sports,18,384.79,6926.22
8431,2025-02-06,USA,Clothing,17,321.13,5459.21
8432,2025-02-07,UK,Furniture,10,457.1,4571.0
8433,2025-02-08,Canada,Food,7,836.47,5855.29
8434,2025-02-09,India,Electronics,12,288.17,3458.04
8435,2025-02-10,Japan,Furniture,19,72.37,1375.03
8436,2025-02-11,Australia,Electronics,1,262.4,262.4
8437,2025-02-12,Australia,Furniture,16,468.93,7502.88
8438,2025-02-13,UAE,Clothing,20,726.9,14538.0
8439,2025-02-14,USA,Food,20,70.29,1405.8
8440,2025-02-15,Brazil,Food,12,195.6,2347.2
8441,2025-02-16,Australia,Furniture,7,912.6,6388.2
8442,2025-02-17,Australia,Food,5,267.43,1337.15
8443,2025-02-18,France,Food,18,422.2,7599.6
8444,2025-02-19,Japan,Sports,13,102.71,1335.23
8445,2025-02-20,UK,Sports,2,425.5,851.0
8446,2025-02-21,USA,Clothing,10,385.88,3858.8
8447,2025-02-22,India,Food,16,905.09,14481.44
8448,2025-02-23,UK,Clothing,7,387.75,2714.25
8449,2025-02-24,Canada,Clothing,1,791.88,791.88
8450,2025-02-25,USA,Furniture,12,325.7,3908.4
8451,2025-02-26,USA,Electronics,15,548.98,8234.7
8452,2025-02-27,Germany,Clothing,18,961.89,17314.02
8453,2025-02-28,Brazil,Electronics,9,738.51,6646.59
8454,2025-03-01,USA,Furniture,5,901.91,4509.55
8455,2025-03-02,India,Clothing,8,120.9,967.2
8456,2025-03-03,USA,Electronics,1,256.13,256.13
8457,2025-03-04,Brazil,Clothing,7,797.34,5581.38
8458,2025-03-05,Japan,Furniture,20,135.18,2703.6
8459,2025-03-06,Germany,Clothing,15,471.32,7069.8
8460,2025-03-07,Australia,Furniture,10,61.09,610.9
8461,2025-03-08,UAE,Sports,3,846.46,2539.38
8462,2025-03-09,Australia,Clothing,9,247.73,2229.57
8463,2025-03-10,India,Electronics,7,41.09,287.63
8464,2025-03-11,Brazil,Furniture,1,660.48,660.48
8465,2025-03-12,India,Food,9,736.0,6624.0
8466,2025-03-13,UK,Sports,7,554.93,3884.51
8467,2025-03-14,UAE,Electronics,10,686.25,6862.5
8468,2025-03-15,USA,Electronics,20,525.33,10506.6
8469,2025-03-16,USA,Electronics,12,26.55,318.6
8470,2025-03-17,UAE,Sports,15,185.52,2782.8
8471,2025-03-18,Canada,Electronics,16,199.5,3192.0
8472,2025-03-19,Australia,Food,4,114.52,458.08
8473,2025-03-20,Canada,Furniture,1,97.66,97.66
8474,2025-03-21,India,Sports,4,824.03,3296.12
8475,2025-03-22,Canada,Furniture,19,553.38,10514.22
8476,2025-03-23,Brazil,Clothing,7,42.06,294.42
8477,2025-03-24,Germany,Food,15,364.99,5474.85
8478,2025-03-25,France,Sports,13,719.7,9356.1
8479,2025-03-26,Australia,Clothing,5,839.87,4199.35
8480,2025-03-27,Canada,Clothing,7,12.65,88.55
8481,2025-03-28,UK,Clothing,5,104.7,523.5
8482,2025-03-29,India,Food,12,434.69,5216.28
8483,2025-03-30,India,Sports,10,763.36,7633.6
8484,2025-03-31,Japan,Electronics,6,604.62,3627.72
8485,2025-04-01,UK,Clothing,9,559.3,5033.7
8486,2025-04-02,Brazil,Food,19,55.01,1045.19
8487,2025-04-03,Germany,Clothing,14,238.86,3344.04
8488,2025-04-04,Germany,Furniture,9,885.53,7969.77
8489,2025-04-05,Australia,Clothing,1,172.2,172.2
8490,2025-04-06,Canada,Electronics,4,377.25,1509.0
8491,2025-04-07,USA,Clothing,15,376.32,5644.8
8492,2025-04-08,Brazil,Furniture,2,312.86,625.72
8493,2025-04-09,India,Sports,3,634.56,1903.68
8494,2025-04-10,UK,Sports,4,86.54,346.16
8495,2025-04-11,Germany,Food,18,480.99,8657.82
8496,2025-04-12,India,Furniture,3,614.62,1843.86
8497,2025-04-13,USA,Sports,14,377.7,5287.8
8498,2025-04-14,USA,Clothing,9,408.43,3675.87
8499,2025-04-15,Japan,Electronics,16,657.93,10526.88
8500,2025-04-16,UAE,Furniture,15,27.65,414.75
8501,2025-04-17,Japan,Electronics,20,203.85,4077.0
8502,2025-04-18,UK,Clothing,2,612.36,1224.72
8503,2025-04-19,UK,Food,16,760.51,12168.16
8504,2025-04-20,Japan,Sports,15,32.42,486.3
8505,2025-04-21,UK,Food,17,656.29,11156.93
8506,2025-04-22,India,Furniture,15,154.95,2324.25
8507,2025-04-23,UK,Electronics,16,660.88,10574.08
8508,2025-04-24,USA,Electronics,2,338.32,676.64
8509,2025-04-25,France,Food,5,173.18,865.9
8510,2025-04-26,UAE,Clothing,2,472.36,944.72
8511,2025-04-27,India,Food,5,362.4,1812.0
8512,2025-04-28,Canada,Sports,10,342.49,3424.9
8513,2025-04-29,France,Food,16,328.66,5258.56
8514,2025-04-30,France,Clothing,2,509.49,1018.98
8515,2025-05-01,France,Sports,14,277.39,3883.46
8516,2025-05-02,USA,Furniture,3,948.74,2846.22
8517,2025-05-03,UK,Sports,14,519.08,7267.12
8518,2025-05-04,France,Food,11,837.37,9211.07
8519,2025-05-05,USA,Electronics,8,844.02,6752.16
8520,2025-05-06,Australia,Clothing,19,196.61,3735.59
8521,2025-05-07,Australia,Food,10,143.46,1434.6
8522,2025-05-08,France,Clothing,18,260.85,4695.3
8523,2025-05-09,India,Sports,1,485.52,485.52
8524,2025-05-10,Japan,Electronics,4,201.4,805.6
8525,2025-05-11,France,Clothing,17,87.22,1482.74
8526,2025-05-12,Germany,Clothing,7,314.1,2198.7
8527,2025-05-13,UAE,Furniture,16,531.37,8501.92
8528,2025-05-14,India,Clothing,18,234.79,4226.22
8529,2025-05-15,France,Sports,17,730.87,12424.79
8530,2025-05-16,France,Electronics,7,52.19,365.33
8531,2025-05-17,Australia,Sports,13,207.23,2693.99
8532,2025-05-18,UK,Food,15,294.82,4422.3
8533,2025-05-19,France,Clothing,9,345.58,3110.22
8534,2025-05-20,Brazil,Sports,17,929.22,15796.74
8535,2025-05-21,France,Electronics,12,216.99,2603.88
8536,2025-05-22,Canada,Sports,8,431.48,3451.84
8537,2025-05-23,UAE,Food,6,498.11,2988.66
8538,2025-05-24,Brazil,Furniture,14,795.21,11132.94
8539,2025-05-25,UAE,Furniture,19,585.33,11121.27
8540,2025-05-26,Japan,Food,2,682.38,1364.76
8541,2025-05-27,India,Food,1,489.99,489.99
8542,2025-05-28,UAE,Sports,9,702.35,6321.15
8543,2025-05-29,Canada,Electronics,6,357.25,2143.5
8544,2025-05-30,Brazil,Electronics,9,736.9,6632.1
8545,2025-05-31,Canada,Food,9,71.64,644.76
8546,2025-06-01,Germany,Food,9,813.91,7325.19
8547,2025-06-02,Brazil,Furniture,2,225.98,451.96
8548,2025-06-03,USA,Electronics,17,499.36,8489.12
8549,2025-06-04,Japan,Sports,2,409.8,819.6
8550,2025-06-05,Canada,Sports,16,740.21,11843.36
8551,2025-06-06,Japan,Furniture,12,199.42,2393.04
8552,2025-06-07,UK,Clothing,19,770.79,14645.01
8553,2025-06-08,UAE,Electronics,8,312.34,2498.72
8554,2025-06-09,UK,Food,13,470.13,6111.69
8555,2025-06-10,USA,Furniture,15,410.88,6163.2
8556,2025-06-11,France,Food,17,768.69,13067.73
8557,2025-06-12,Australia,Food,15,593.25,8898.75
8558,2025-06-13,UAE,Food,3,387.23,1161.69
8559,2025-06-14,Canada,Food,10,131.62,1316.2
8560,2025-06-15,UAE,Food,3,645.57,1936.71
8561,2025-06-16,Germany,Food,18,839.25,15106.5
8562,2025-06-17,Brazil,Electronics,18,232.37,4182.66
8563,2025-06-18,Canada,Sports,14,978.28,13695.92
8564,2025-06-19,Australia,Sports,7,269.45,1886.15
8565,2025-06-20,India,Electronics,7,622.33,4356.31
8566,2025-06-21,Brazil,Furniture,14,981.09,13735.26
8567,2025-06-22,India,Sports,2,407.85,815.7
8568,2025-06-23,Brazil,Food,1,669.03,669.03
8569,2025-06-24,Japan,Clothing,14,505.85,7081.9
8570,2025-06-25,Brazil,Electronics,13,195.3,2538.9
8571,2025-06-26,UAE,Clothing,9,845.5,7609.5
8572,2025-06-27,Japan,Furniture,15,701.26,10518.9
8573,2025-06-28,UAE,Furniture,3,631.33,1893.99
8574,2025-06-29,Germany,Electronics,20,187.02,3740.4
8575,2025-06-30,Australia,Furniture,18,193.93,3490.74
8576,2025-07-01,Japan,Furniture,4,854.88,3419.52
8577,2025-07-02,India,Clothing,1,373.04,373.04
8578,2025-07-03,France,Furniture,13,871.38,11327.94
8579,2025-07-04,Canada,Sports,7,819.84,5738.88
8580,2025-07-05,UK,Furniture,16,948.9,15182.4
8581,2025-07-06,Canada,Electronics,6,456.75,2740.5
8582,2025-07-07,Brazil,Clothing,19,399.6,7592.4
8583,2025-07-08,Australia,Electronics,9,759.72,6837.48
8584,2025-07-09,UAE,Sports,14,492.46,6894.44
8585,2025-07-10,France,Electronics,8,704.58,5636.64
8586,2025-07-11,Brazil,Electronics,18,721.67,12990.06
8587,2025-07-12,UK,Food,19,823.61,15648.59
8588,2025-07-13,UK,Electronics,6,174.87,1049.22
8589,2025-07-14,Canada,Food,1,634.74,634.74
8590,2025-07-15,Japan,Sports,15,282.62,4239.3
8591,2025-07-16,Germany,Clothing,11,525.76,5783.36
8592,2025-07-17,Australia,Sports,8,991.09,7928.72
8593,2025-07-18,France,Electronics,14,315.06,4410.84
8594,2025-07-19,Japan,Electronics,12,697.42,8369.04
8595,2025-07-20,Australia,Sports,12,544.22,6530.64
8596,2025-07-21,UAE,Food,16,977.51,15640.16
8597,2025-07-22,USA,Furniture,9,930.46,8374.14
8598,2025-07-23,Brazil,Sports,10,708.38,7083.8
8599,2025-07-24,UK,Electronics,3,419.18,1257.54
8600,2025-07-25,Canada,Sports,6,615.82,3694.92
8601,2025-07-26,India,Electronics,17,439.51,7471.67
8602,2025-07-27,UK,Sports,14,340.72,4770.08
8603,2025-07-28,Japan,Clothing,20,302.8,6056.0
8604,2025-07-29,UK,Furniture,15,147.23,2208.45
8605,2025-07-30,Germany,Electronics,13,958.76,12463.88
8606,2025-07-31,France,Food,8,828.72,6629.76
8607,2025-08-01,UAE,Furniture,3,626.14,1878.42
8608,2025-08-02,UK,Food,2,940.76,1881.52
8609,2025-08-03,Canada,Food,17,292.43,4971.31
8610,2025-08-04,Germany,Clothing,20,231.79,4635.8
8611,2025-08-05,USA,Clothing,15,992.75,14891.25
8612,2025-08-06,Brazil,Sports,9,666.13,5995.17
8613,2025-08-07,France,Clothing,15,107.9,1618.5
8614,2025-08-08,Germany,Electronics,4,581.73,2326.92
8615,2025-08-09,France,Sports,16,968.29,15492.64
8616,2025-08-10,France,Electronics,3,575.59,1726.77
8617,2025-08-11,UAE,Electronics,18,423.33,7619.94
8618,2025-08-12,Canada,Clothing,1,287.24,287.24
8619,2025-08-13,Japan,Clothing,4,382.55,1530.2
8620,2025-08-14,Canada,Sports,6,507.7,3046.2
8621,2025-08-15,Germany,Electronics,9,701.03,6309.27
8622,2025-08-16,UAE,Sports,13,836.06,10868.78
8623,2025-08-17,Japan,Sports,16,752.59,12041.44
8624,2025-08-18,India,Electronics,18,958.36,17250.48
8625,2025-08-19,Japan,Electronics,10,493.39,4933.9
8626,2025-08-20,Australia,Electronics,7,130.7,914.9
8627,2025-08-21,UAE,Food,18,543.01,9774.18
8628,2025-08-22,Japan,Clothing,6,287.38,1724.28
8629,2025-08-23,Canada,Furniture,12,723.77,8685.24
8630,2025-08-24,UK,Food,8,846.3,6770.4
8631,2025-08-25,Canada,Food,11,591.17,6502.87
8632,2025-08-26,Canada,Electronics,1,44.42,44.42
8633,2025-08-27,USA,Furniture,1,623.88,623.88
8634,2025-08-28,USA,Furniture,7,805.72,5640.04
8635,2025-08-29,UK,Sports,5,732.98,3664.9
8636,2025-08-30,India,Electronics,6,583.02,3498.12
8637,2025-08-31,UAE,Electronics,11,638.03,7018.33
8638,2025-09-01,Australia,Furniture,10,510.94,5109.4
8639,2025-09-02,France,Furniture,10,210.34,2103.4
8640,2025-09-03,France,Clothing,17,485.01,8245.17
8641,2025-09-04,France,Clothing,3,713.12,2139.36
8642,2025-09-05,UK,Sports,9,46.84,421.56
8643,2025-09-06,Japan,Furniture,5,536.42,2682.1
8644,2025-09-07,UK,Sports,4,564.37,2257.48
8645,2025-09-08,Canada,Sports,4,735.43,2941.72
8646,2025-09-09,UK,Electronics,17,666.38,11328.46
8647,2025-09-10,Canada,Electronics,12,132.88,1594.56
8648,2025-09-11,India,Sports,8,824.01,6592.08
8649,2025-09-12,Australia,Clothing,14,627.84,8789.76
8650,2025-09-13,Canada,Electronics,18,606.99,10925.82
8651,2025-09-14,Japan,Electronics,3,326.48,979.44
8652,2025-09-15,Brazil,Clothing,20,366.34,7326.8
8653,2025-09-16,USA,Clothing,5,120.54,602.7
8654,2025-09-17,India,Sports,19,32.51,617.69
8655,2025-09-18,Canada,Furniture,19,853.13,16209.47
8656,2025-09-19,Japan,Electronics,8,471.46,3771.68
8657,2025-09-20,Brazil,Clothing,12,990.38,11884.56
8658,2025-09-21,Germany,Furniture,8,346.5,2772.0
8659,2025-09-22,India,Furniture,18,713.39,12841.02
8660,2025-09-23,Japan,Furniture,7,669.87,4689.09
8661,2025-09-24,UK,Furniture,8,962.57,7700.56
8662,2025-09-25,Germany,Furniture,11,298.49,3283.39
8663,2025-09-26,UAE,Electronics,18,825.55,14859.9
8664,2025-09-27,Canada,Clothing,17,879.32,14948.44
8665,2025-09-28,UK,Furniture,19,585.61,11126.59
8666,2025-09-29,UK,Sports,2,180.3,360.6
8667,2025-09-30,Canada,Sports,5,119.81,599.05
8668,2025-10-01,Brazil,Sports,8,378.05,3024.4
8669,2025-10-02,Canada,Electronics,15,382.84,5742.6
8670,2025-10-03,USA,Food,4,24.88,99.52
8671,2025-10-04,Germany,Furniture,6,294.64,1767.84
8672,2025-10-05,Brazil,Clothing,2,864.71,1729.42
8673,2025-10-06,Brazil,Electronics,2,970.99,1941.98
8674,2025-10-07,India,Food,18,283.7,5106.6
8675,2025-10-08,India,Clothing,12,495.58,5946.96
8676,2025-10-09,Canada,Food,4,593.94,2375.76
8677,2025-10-10,UAE,Clothing,20,964.49,19289.8
8678,2025-10-11,India,Sports,9,734.51,6610.59
8679,2025-10-12,India,Furniture,12,621.9,7462.8
8680,2025-10-13,UAE,Clothing,10,480.24,4802.4
8681,2025-10-14,UAE,Electronics,18,944.13,16994.34
8682,2025-10-15,UK,Furniture,4,849.22,3396.88
8683,2025-10-16,Japan,Food,16,718.35,11493.6
8684,2025-10-17,Brazil,Sports,9,596.77,5370.93
8685,2025-10-18,UAE,Furniture,3,681.74,2045.22
8686,2025-10-19,India,Clothing,10,688.32,6883.2
8687,2025-10-20,USA,Sports,4,85.44,341.76
8688,2025-10-21,Australia,Clothing,6,215.52,1293.12
8689,2025-10-22,France,Food,10,363.21,3632.1
8690,2025-10-23,France,Food,12,219.74,2636.88
8691,2025-10-24,UK,Sports,6,38.03,228.18
8692,2025-10-25,UK,Sports,10,362.22,3622.2
8693,2025-10-26,UAE,Food,3,220.23,660.69
8694,2025-10-27,Brazil,Food,12,818.25,9819.0
8695,2025-10-28,Japan,Clothing,9,612.7,5514.3
8696,2025-10-29,USA,Clothing,13,69.83,907.79
8697,2025-10-30,UK,Clothing,14,733.14,10263.96
8698,2025-10-31,France,Furniture,16,69.51,1112.16
8699,2025-11-01,Germany,Furniture,1,713.03,713.03
8700,2025-11-02,France,Furniture,11,166.14,1827.54
8701,2025-11-03,Japan,Clothing,17,363.06,6172.02
8702,2025-11-04,India,Clothing,7,757.49,5302.43
8703,2025-11-05,France,Sports,10,49.37,493.7
8704,2025-11-06,UK,Clothing,5,784.83,3924.15
8705,2025-11-07,Canada,Clothing,16,597.91,9566.56
8706,2025-11-08,UAE,Clothing,15,408.12,6121.8
8707,2025-11-09,UAE,Furniture,4,431.2,1724.8
8708,2025-11-10,Canada,Electronics,5,751.6,3758.0
8709,2025-11-11,UK,Sports,6,900.9,5405.4
8710,2025-11-12,UK,Furniture,8,500.76,4006.08
8711,2025-11-13,UAE,Electronics,1,11.0,11.0
8712,2025-11-14,USA,Sports,5,577.07,2885.35
8713,2025-11-15,USA,Electronics,6,598.13,3588.78
8714,2025-11-16,India,Electronics,19,591.73,11242.87
8715,2025-11-17,France,Clothing,2,147.63,295.26
8716,2025-11-18,India,Electronics,3,524.7,1574.1
8717,2025-11-19,France,Sports,17,801.71,13629.07
8718,2025-11-20,France,Clothing,3,496.55,1489.65
8719,2025-11-21,Japan,Food,5,685.63,3428.15
8720,2025-11-22,Brazil,Furniture,8,837.53,6700.24
8721,2025-11-23,Brazil,Furniture,9,102.73,924.57
8722,2025-11-24,Japan,Clothing,17,421.64,7167.88
8723,2025-11-25,France,Sports,16,410.12,6561.92
8724,2025-11-26,Brazil,Food,11,284.19,3126.09
8725,2025-11-27,India,Sports,19,96.53,1834.07
8726,2025-11-28,India,Sports,18,223.26,4018.68
8727,2025-11-29,USA,Clothing,15,214.61,3219.15
8728,2025-11-30,Australia,Food,14,310.54,4347.56
8729,2025-12-01,UAE,Food,19,324.83,6171.77
8730,2025-12-02,France,Food,19,510.95,9708.05
8731,2025-12-03,India,Sports,13,227.08,2952.04
8732,2025-12-04,UAE,Sports,18,10.24,184.32
8733,2025-12-05,Japan,Electronics,9,266.85,2401.65
8734,2025-12-06,India,Electronics,19,923.67,17549.73
8735,2025-12-07,Canada,Sports,4,482.03,1928.12
8736,2025-12-08,Brazil,Furniture,18,907.54,16335.72
8737,2025-12-09,France,Electronics,20,688.61,13772.2
8738,2025-12-10,Japan,Furniture,16,977.2,15635.2
8739,2025-12-11,USA,Sports,13,871.3,11326.9
8740,2025-12-12,Japan,Clothing,1,971.42,971.42
8741,2025-12-13,USA,Clothing,15,573.73,8605.95
8742,2025-12-14,India,Furniture,18,526.56,9478.08
8743,2025-12-15,Canada,Electronics,12,825.04,9900.48
8744,2025-12-16,Japan,Food,13,258.68,3362.84
8745,2025-12-17,Australia,Sports,7,497.5,3482.5
8746,2025-12-18,Canada,Sports,19,363.83,6912.77
8747,2025-12-19,Brazil,Electronics,15,591.48,8872.2
8748,2025-12-20,Japan,Clothing,17,694.53,11807.01
8749,2025-12-21,Brazil,Electronics,5,753.91,3769.55
8750,2025-12-22,France,Food,3,851.17,2553.51
8751,2025-12-23,India,Electronics,12,350.82,4209.84
8752,2025-12-24,UK,Clothing,18,93.52,1683.36
8753,2025-12-25,Brazil,Electronics,13,499.06,6487.78
8754,2025-12-26,Australia,Food,2,143.15,286.3
8755,2025-12-27,France,Furniture,19,887.53,16863.07
8756,2025-12-28,USA,Clothing,20,693.98,13879.6
8757,2025-12-29,UAE,Sports,5,102.98,514.9
8758,2025-12-30,India,Clothing,14,600.87,8412.18
8759,2025-12-31,UAE,Clothing,19,405.22,7699.18
8760,2025-01-01,France,Furniture,18,167.65,3017.7
8761,2025-01-02,UAE,Sports,14,659.52,9233.28
8762,2025-01-03,Australia,Furniture,5,431.89,2159.45
8763,2025-01-04,India,Sports,13,855.53,11121.89
8764,2025-01-05,USA,Clothing,17,996.4,16938.8
8765,2025-01-06,France,Sports,2,447.64,895.28
8766,2025-01-07,Germany,Furniture,7,995.48,6968.36
8767,2025-01-08,UAE,Sports,4,504.45,2017.8
8768,2025-01-09,USA,Furniture,13,905.54,11772.02
8769,2025-01-10,UK,Sports,15,864.33,12964.95
8770,2025-01-11,USA,Sports,15,494.37,7415.55
8771,2025-01-12,UK,Furniture,19,476.05,9044.95
8772,2025-01-13,UAE,Sports,8,114.94,919.52
8773,2025-01-14,UK,Clothing,4,559.65,2238.6
8774,2025-01-15,India,Clothing,14,858.86,12024.04
8775,2025-01-16,UK,Electronics,17,139.94,2378.98
8776,2025-01-17,Brazil,Furniture,14,823.03,11522.42
8777,2025-01-18,Germany,Sports,17,257.05,4369.85
8778,2025-01-19,USA,Furniture,10,639.6,6396.0
8779,2025-01-20,Canada,Clothing,7,48.36,338.52
8780,2025-01-21,France,Clothing,12,561.02,6732.24
8781,2025-01-22,UK,Sports,20,43.68,873.6
8782,2025-01-23,Australia,Food,15,612.73,9190.95
8783,2025-01-24,India,Food,12,618.06,7416.72
8784,2025-01-25,Germany,Furniture,13,366.14,4759.82
8785,2025-01-26,Australia,Electronics,11,666.81,7334.91
8786,2025-01-27,India,Furniture,18,24.77,445.86
8787,2025-01-28,Japan,Furniture,18,276.84,4983.12
8788,2025-01-29,Germany,Electronics,4,415.0,1660.0
8789,2025-01-30,France,Electronics,8,519.79,4158.32
8790,2025-01-31,Germany,Food,17,78.35,1331.95
8791,2025-02-01,Australia,Furniture,14,779.8,10917.2
8792,2025-02-02,Germany,Clothing,2,487.76,975.52
8793,2025-02-03,Japan,Electronics,15,998.88,14983.2
8794,2025-02-04,Brazil,Furniture,9,515.99,4643.91
8795,2025-02-05,France,Clothing,3,359.7,1079.1
8796,2025-02-06,Japan,Clothing,18,679.23,12226.14
8797,2025-02-07,Brazil,Clothing,19,347.74,6607.06
8798,2025-02-08,USA,Food,1,521.97,521.97
8799,2025-02-09,USA,Food,9,877.74,7899.66
8800,2025-02-10,Australia,Electronics,10,733.74,7337.4
8801,2025-02-11,UK,Furniture,16,106.74,1707.84
8802,2025-02-12,USA,Clothing,5,497.74,2488.7
8803,2025-02-13,Canada,Electronics,15,442.73,6640.95
8804,2025-02-14,UAE,Clothing,14,774.99,10849.86
8805,2025-02-15,Japan,Food,2,172.01,344.02
8806,2025-02-16,Brazil,Food,15,931.74,13976.1
8807,2025-02-17,Japan,Food,1,508.24,508.24
8808,2025-02-18,UAE,Food,13,301.01,3913.13
8809,2025-02-19,Brazil,Sports,5,882.55,4412.75
8810,2025-02-20,Germany,Furniture,2,980.99,1961.98
8811,2025-02-21,UK,Electronics,19,602.47,11446.93
8812,2025-02-22,UK,Clothing,4,622.05,2488.2
8813,2025-02-23,Germany,Clothing,7,472.67,3308.69
8814,2025-02-24,Germany,Electronics,5,981.27,4906.35
8815,2025-02-25,Japan,Electronics,5,911.55,4557.75
8816,2025-02-26,India,Furniture,20,531.72,10634.4
8817,2025-02-27,Brazil,Electronics,6,36.32,217.92
8818,2025-02-28,Australia,Electronics,2,296.06,592.12
8819,2025-03-01,India,Furniture,18,673.23,12118.14
8820,2025-03-02,India,Electronics,19,86.5,1643.5
8821,2025-03-03,UK,Electronics,8,754.28,6034.24
8822,2025-03-04,Canada,Clothing,4,156.44,625.76
8823,2025-03-05,USA,Electronics,1,220.74,220.74
8824,2025-03-06,Germany,Clothing,6,616.2,3697.2
8825,2025-03-07,UK,Clothing,10,620.18,6201.8
8826,2025-03-08,Brazil,Electronics,2,421.14,842.28
8827,2025-03-09,UAE,Furniture,5,549.73,2748.65
8828,2025-03-10,Brazil,Food,11,953.23,10485.53
8829,2025-03-11,Brazil,Food,4,938.64,3754.56
8830,2025-03-12,Canada,Furniture,19,463.1,8798.9
8831,2025-03-13,UK,Clothing,17,166.08,2823.36
8832,2025-03-14,UK,Furniture,9,559.9,5039.1
8833,2025-03-15,Japan,Sports,4,78.25,313.0
8834,2025-03-16,UK,Electronics,9,641.91,5777.19
8835,2025-03-17,Japan,Sports,16,675.27,10804.32
8836,2025-03-18,Canada,Sports,17,557.03,9469.51
8837,2025-03-19,UK,Electronics,16,638.97,10223.52
8838,2025-03-20,UAE,Clothing,19,253.67,4819.73
8839,2025-03-21,Germany,Clothing,19,568.95,10810.05
8840,2025-03-22,Brazil,Food,20,269.89,5397.8
8841,2025-03-23,USA,Furniture,13,298.49,3880.37
8842,2025-03-24,France,Food,18,316.52,5697.36
8843,2025-03-25,Japan,Furniture,11,254.44,2798.84
8844,2025-03-26,Canada,Electronics,15,532.81,7992.15
8845,2025-03-27,Germany,Food,17,479.26,8147.42
8846,2025-03-28,Canada,Sports,20,872.36,17447.2
8847,2025-03-29,Canada,Food,12,175.94,2111.28
8848,2025-03-30,Japan,Electronics,1,811.0,811.0
8849,2025-03-31,Australia,Food,4,465.65,1862.6
8850,2025-04-01,France,Furniture,4,440.27,1761.08
8851,2025-04-02,USA,Furniture,8,120.98,967.84
8852,2025-04-03,UK,Food,2,725.85,1451.7
8853,2025-04-04,UK,Food,2,433.65,867.3
8854,2025-04-05,Brazil,Clothing,12,994.81,11937.72
8855,2025-04-06,Australia,Sports,13,844.59,10979.67
8856,2025-04-07,UAE,Clothing,18,517.29,9311.22
8857,2025-04-08,Canada,Food,12,404.86,4858.32
8858,2025-04-09,Canada,Clothing,15,464.49,6967.35
8859,2025-04-10,India,Electronics,4,676.16,2704.64
8860,2025-04-11,UAE,Furniture,11,941.92,10361.12
8861,2025-04-12,Canada,Clothing,12,541.45,6497.4
8862,2025-04-13,Canada,Clothing,2,748.59,1497.18
8863,2025-04-14,UK,Furniture,20,934.58,18691.6
8864,2025-04-15,France,Clothing,12,177.29,2127.48
8865,2025-04-16,Australia,Furniture,8,184.0,1472.0
8866,2025-04-17,Australia,Electronics,17,909.53,15462.01
8867,2025-04-18,UK,Sports,14,180.68,2529.52
8868,2025-04-19,USA,Furniture,3,595.08,1785.24
8869,2025-04-20,Germany,Sports,14,796.75,11154.5
8870,2025-04-21,France,Clothing,15,891.98,13379.7
8871,2025-04-22,Canada,Electronics,8,449.72,3597.76
8872,2025-04-23,USA,Electronics,18,200.17,3603.06
8873,2025-04-24,UK,Electronics,14,660.45,9246.3
8874,2025-04-25,Japan,Sports,17,550.01,9350.17
8875,2025-04-26,Canada,Food,16,231.37,3701.92
8876,2025-04-27,Brazil,Food,9,631.71,5685.39
8877,2025-04-28,Brazil,Electronics,20,274.12,5482.4
8878,2025-04-29,USA,Food,18,664.98,11969.64
8879,2025-04-30,Japan,Electronics,7,528.76,3701.32
8880,2025-05-01,Brazil,Sports,14,695.28,9733.92
8881,2025-05-02,Canada,Electronics,6,248.12,1488.72
8882,2025-05-03,Japan,Electronics,1,704.92,704.92
8883,2025-05-04,USA,Furniture,19,894.7,16999.3
8884,2025-05-05,Canada,Food,4,907.36,3629.44
8885,2025-05-06,USA,Furniture,2,966.74,1933.48
8886,2025-05-07,UK,Electronics,15,857.35,12860.25
8887,2025-05-08,India,Clothing,3,284.26,852.78
8888,2025-05-09,India,Electronics,2,469.97,939.94
8889,2025-05-10,Australia,Food,4,834.23,3336.92
8890,2025-05-11,Japan,Food,16,851.5,13624.0
8891,2025-05-12,Canada,Food,12,648.36,7780.32
8892,2025-05-13,Japan,Clothing,15,161.25,2418.75
8893,2025-05-14,UK,Sports,20,397.83,7956.6
8894,2025-05-15,India,Food,16,36.99,591.84
8895,2025-05-16,Canada,Electronics,17,174.04,2958.68
8896,2025-05-17,Australia,Food,18,315.47,5678.46
8897,2025-05-18,Australia,Clothing,1,642.69,642.69
8898,2025-05-19,Germany,Sports,18,970.75,17473.5
8899,2025-05-20,Germany,Food,18,231.65,4169.7
8900,2025-05-21,USA,Clothing,2,87.19,174.38
8901,2025-05-22,UAE,Electronics,18,145.05,2610.9
8902,2025-05-23,Japan,Sports,8,651.47,5211.76
8903,2025-05-24,Germany,Furniture,12,880.68,10568.16
8904,2025-05-25,Australia,Electronics,19,954.76,18140.44
8905,2025-05-26,UK,Furniture,13,175.33,2279.29
8906,2025-05-27,Japan,Electronics,6,945.49,5672.94
8907,2025-05-28,Brazil,Furniture,7,128.66,900.62
8908,2025-05-29,Canada,Clothing,14,634.15,8878.1
8909,2025-05-30,UAE,Food,2,284.75,569.5
8910,2025-05-31,India,Sports,19,269.22,5115.18
8911,2025-06-01,Canada,Food,3,792.96,2378.88
8912,2025-06-02,Australia,Sports,20,967.62,19352.4
8913,2025-06-03,Australia,Furniture,19,433.2,8230.8
8914,2025-06-04,Brazil,Furniture,7,774.16,5419.12
8915,2025-06-05,UK,Sports,2,618.02,1236.04
8916,2025-06-06,UK,Food,7,289.71,2027.97
8917,2025-06-07,Brazil,Sports,2,311.37,622.74
8918,2025-06-08,Brazil,Electronics,7,395.63,2769.41
8919,2025-06-09,Japan,Electronics,3,326.76,980.28
8920,2025-06-10,UK,Food,2,573.06,1146.12
8921,2025-06-11,India,Food,2,977.51,1955.02
8922,2025-06-12,Japan,Sports,10,185.51,1855.1
8923,2025-06-13,UK,Clothing,18,654.6,11782.8
8924,2025-06-14,Canada,Sports,17,449.87,7647.79
8925,2025-06-15,UAE,Furniture,14,154.44,2162.16
8926,2025-06-16,India,Furniture,4,791.74,3166.96
8927,2025-06-17,UK,Clothing,17,854.98,14534.66
8928,2025-06-18,Australia,Electronics,2,248.03,496.06
8929,2025-06-19,USA,Furniture,5,512.41,2562.05
8930,2025-06-20,Canada,Sports,1,50.9,50.9
8931,2025-06-21,UAE,Furniture,14,271.77,3804.78
8932,2025-06-22,USA,Furniture,20,572.86,11457.2
8933,2025-06-23,France,Sports,18,250.97,4517.46
8934,2025-06-24,UAE,Furniture,20,767.25,15345.0
8935,2025-06-25,Japan,Food,15,651.01,9765.15
8936,2025-06-26,USA,Clothing,1,70.61,70.61
8937,2025-06-27,UK,Sports,3,643.73,1931.19
8938,2025-06-28,UAE,Food,9,702.6,6323.4
8939,2025-06-29,Australia,Electronics,1,601.97,601.97
8940,2025-06-30,Japan,Furniture,9,901.34,8112.06
8941,2025-07-01,France,Furniture,8,419.05,3352.4
8942,2025-07-02,Japan,Food,15,966.19,14492.85
8943,2025-07-03,Japan,Furniture,17,761.4,12943.8
8944,2025-07-04,Japan,Electronics,11,283.71,3120.81
8945,2025-07-05,Japan,Clothing,18,370.23,6664.14
8946,2025-07-06,USA,Furniture,12,346.37,4156.44
8947,2025-07-07,UAE,Clothing,15,483.99,7259.85
8948,2025-07-08,Australia,Food,19,982.57,18668.83
8949,2025-07-09,UAE,Food,3,653.75,1961.25
8950,2025-07-10,Germany,Sports,3,591.35,1774.05
8951,2025-07-11,Canada,Food,20,683.26,13665.2
8952,2025-07-12,UAE,Electronics,10,592.94,5929.4
8953,2025-07-13,Canada,Electronics,16,62.0,992.0
8954,2025-07-14,UAE,Sports,1,659.63,659.63
8955,2025-07-15,Germany,Food,17,377.45,6416.65
8956,2025-07-16,Australia,Furniture,13,163.62,2127.06
8957,2025-07-17,France,Food,12,770.98,9251.76
8958,2025-07-18,UAE,Clothing,2,751.11,1502.22
8959,2025-07-19,Japan,Electronics,10,849.66,8496.6
8960,2025-07-20,UAE,Clothing,15,188.7,2830.5
8961,2025-07-21,Brazil,Food,17,981.87,16691.79
8962,2025-07-22,Germany,Electronics,16,311.72,4987.52
8963,2025-07-23,UK,Food,18,452.62,8147.16
8964,2025-07-24,Australia,Sports,18,78.54,1413.72
8965,2025-07-25,Canada,Electronics,20,461.94,9238.8
8966,2025-07-26,Canada,Clothing,7,33.61,235.27
8967,2025-07-27,India,Food,12,141.1,1693.2
8968,2025-07-28,Brazil,Sports,18,200.9,3616.2
8969,2025-07-29,UAE,Food,1,594.87,594.87
8970,2025-07-30,UK,Sports,5,648.77,3243.85
8971,2025-07-31,USA,Clothing,10,717.77,7177.7
8972,2025-08-01,India,Clothing,19,452.94,8605.86
8973,2025-08-02,Australia,Electronics,11,174.44,1918.84
8974,2025-08-03,India,Sports,6,988.69,5932.14
8975,2025-08-04,Brazil,Clothing,13,206.47,2684.11
8976,2025-08-05,Japan,Furniture,11,747.1,8218.1
8977,2025-08-06,UAE,Sports,11,835.29,9188.19
8978,2025-08-07,UAE,Furniture,3,543.17,1629.51
8979,2025-08-08,Australia,Food,17,437.41,7435.97
8980,2025-08-09,Germany,Electronics,18,145.2,2613.6
8981,2025-08-10,Canada,Furniture,12,107.28,1287.36
8982,2025-08-11,France,Electronics,12,443.01,5316.12
8983,2025-08-12,Brazil,Food,14,238.05,3332.7
8984,2025-08-13,Germany,Electronics,5,421.44,2107.2
8985,2025-08-14,Australia,Food,3,895.29,2685.87
8986,2025-08-15,Canada,Sports,10,822.78,8227.8
8987,2025-08-16,India,Sports,10,773.7,7737.0
8988,2025-08-17,India,Furniture,17,963.89,16386.13
8989,2025-08-18,India,Food,6,316.96,1901.76
8990,2025-08-19,France,Clothing,15,890.29,13354.35
8991,2025-08-20,Canada,Sports,19,204.45,3884.55
8992,2025-08-21,UK,Food,20,980.58,19611.6
8993,2025-08-22,Germany,Furniture,12,938.63,11263.56
8994,2025-08-23,Canada,Food,1,771.74,771.74
8995,2025-08-24,France,Clothing,13,826.7,10747.1
8996,2025-08-25,USA,Sports,7,796.29,5574.03
8997,2025-08-26,Brazil,Clothing,6,596.15,3576.9
8998,2025-08-27,Brazil,Sports,5,202.17,1010.85
8999,2025-08-28,Australia,Furniture,7,355.58,2489.06
9000,2025-08-29,Germany,Food,16,388.42,6214.72
9001,2025-08-30,UK,Clothing,9,382.79,3445.11
9002,2025-08-31,Japan,Furniture,20,352.37,7047.4
9003,2025-09-01,Japan,Food,8,276.98,2215.84
9004,2025-09-02,France,Clothing,18,803.85,14469.3
9005,2025-09-03,France,Sports,13,883.15,11480.95
9006,2025-09-04,UAE,Electronics,5,577.97,2889.85
9007,2025-09-05,India,Clothing,9,723.18,6508.62
9008,2025-09-06,Japan,Furniture,19,857.85,16299.15
9009,2025-09-07,UK,Food,3,977.78,2933.34
9010,2025-09-08,Germany,Clothing,11,314.76,3462.36
9011,2025-09-09,UAE,Food,12,861.55,10338.6
9012,2025-09-10,USA,Electronics,7,590.2,4131.4
9013,2025-09-11,India,Sports,10,530.54,5305.4
9014,2025-09-12,Japan,Electronics,16,419.77,6716.32
9015,2025-09-13,UK,Sports,12,474.58,5694.96
9016,2025-09-14,Canada,Electronics,9,576.3,5186.7
9017,2025-09-15,UK,Electronics,14,430.16,6022.24
9018,2025-09-16,India,Sports,15,79.34,1190.1
9019,2025-09-17,UK,Furniture,1,88.7,88.7
9020,2025-09-18,India,Food,20,91.46,1829.2
9021,2025-09-19,Japan,Food,19,994.44,18894.36
9022,2025-09-20,Brazil,Clothing,18,413.01,7434.18
9023,2025-09-21,USA,Clothing,10,858.98,8589.8
9024,2025-09-22,Germany,Sports,15,549.69,8245.35
9025,2025-09-23,USA,Sports,18,210.67,3792.06
9026,2025-09-24,Germany,Clothing,13,778.99,10126.87
9027,2025-09-25,Brazil,Furniture,8,984.43,7875.44
9028,2025-09-26,UAE,Clothing,9,614.84,5533.56
9029,2025-09-27,Japan,Sports,5,988.89,4944.45
9030,2025-09-28,UAE,Furniture,6,118.88,713.28
9031,2025-09-29,Canada,Furniture,5,570.95,2854.75
9032,2025-09-30,Japan,Sports,11,991.63,10907.93
9033,2025-10-01,Australia,Furniture,17,133.36,2267.12
9034,2025-10-02,UK,Food,8,671.87,5374.96
9035,2025-10-03,India,Sports,12,40.11,481.32
9036,2025-10-04,UK,Sports,1,518.9,518.9
9037,2025-10-05,UAE,Clothing,6,689.52,4137.12
9038,2025-10-06,India,Electronics,6,731.54,4389.24
9039,2025-10-07,UAE,Clothing,13,654.9,8513.7
9040,2025-10-08,USA,Electronics,12,717.1,8605.2
9041,2025-10-09,UAE,Sports,15,352.88,5293.2
9042,2025-10-10,France,Furniture,10,390.51,3905.1
9043,2025-10-11,Japan,Food,11,760.11,8361.21
9044,2025-10-12,Australia,Furniture,9,434.19,3907.71
9045,2025-10-13,Australia,Clothing,15,799.15,11987.25
9046,2025-10-14,Australia,Food,17,703.46,11958.82
9047,2025-10-15,Germany,Clothing,13,159.9,2078.7
9048,2025-10-16,USA,Furniture,10,526.22,5262.2
9049,2025-10-17,Canada,Food,17,924.06,15709.02
9050,2025-10-18,Japan,Sports,12,167.31,2007.72
9051,2025-10-19,UK,Sports,10,432.23,4322.3
9052,2025-10-20,Brazil,Electronics,11,230.92,2540.12
9053,2025-10-21,Germany,Electronics,8,257.1,2056.8
9054,2025-10-22,Australia,Clothing,5,51.76,258.8
9055,2025-10-23,Brazil,Furniture,10,909.16,9091.6
9056,2025-10-24,Canada,Furniture,2,995.71,1991.42
9057,2025-10-25,UK,Electronics,15,939.21,14088.15
9058,2025-10-26,India,Electronics,6,808.08,4848.48
9059,2025-10-27,Germany,Clothing,10,536.83,5368.3
9060,2025-10-28,Brazil,Furniture,5,816.4,4082.0
9061,2025-10-29,India,Food,15,120.49,1807.35
9062,2025-10-30,USA,Sports,17,357.17,6071.89
9063,2025-10-31,Germany,Food,13,736.82,9578.66
9064,2025-11-01,France,Furniture,3,477.54,1432.62
9065,2025-11-02,Canada,Food,20,975.71,19514.2
9066,2025-11-03,UAE,Sports,13,614.9,7993.7
9067,2025-11-04,Australia,Electronics,14,922.56,12915.84
9068,2025-11-05,Canada,Electronics,6,288.77,1732.62
9069,2025-11-06,Germany,Sports,9,239.53,2155.77
9070,2025-11-07,Australia,Electronics,14,789.1,11047.4
9071,2025-11-08,Germany,Food,20,534.05,10681.0
9072,2025-11-09,Brazil,Electronics,4,684.75,2739.0
9073,2025-11-10,Canada,Food,3,50.46,151.38
9074,2025-11-11,India,Furniture,15,790.69,11860.35
9075,2025-11-12,USA,Electronics,20,374.68,7493.6
9076,2025-11-13,Australia,Food,2,813.49,1626.98
9077,2025-11-14,UK,Food,10,265.24,2652.4
9078,2025-11-15,UK,Electronics,20,645.79,12915.8
9079,2025-11-16,UK,Electronics,2,974.37,1948.74
9080,2025-11-17,Japan,Electronics,8,843.88,6751.04
9081,2025-11-18,France,Electronics,19,902.36,17144.84
9082,2025-11-19,UAE,Clothing,5,324.73,1623.65
9083,2025-11-20,UAE,Furniture,15,221.76,3326.4
9084,2025-11-21,Brazil,Clothing,14,173.14,2423.96
9085,2025-11-22,Germany,Clothing,6,581.61,3489.66
9086,2025-11-23,Australia,Sports,12,665.85,7990.2
9087,2025-11-24,Germany,Furniture,11,104.59,1150.49
9088,2025-11-25,Japan,Electronics,8,378.29,3026.32
9089,2025-11-26,Japan,Furniture,19,311.87,5925.53
9090,2025-11-27,UK,Clothing,16,473.38,7574.08
9091,2025-11-28,India,Clothing,4,300.7,1202.8
9092,2025-11-29,USA,Sports,17,100.85,1714.45
9093,2025-11-30,France,Electronics,1,282.9,282.9
9094,2025-12-01,UAE,Clothing,20,46.05,921.0
9095,2025-12-02,Brazil,Sports,16,798.58,12777.28
9096,2025-12-03,France,Sports,13,131.35,1707.55
9097,2025-12-04,Canada,Clothing,2,429.6,859.2
9098,2025-12-05,UK,Clothing,9,527.24,4745.16
9099,2025-12-06,UAE,Clothing,4,581.93,2327.72
9100,2025-12-07,UAE,Clothing,9,35.75,321.75
9101,2025-12-08,UAE,Clothing,7,721.74,5052.18
9102,2025-12-09,USA,Furniture,4,702.53,2810.12
9103,2025-12-10,Canada,Clothing,19,175.47,3333.93
9104,2025-12-11,France,Food,8,827.99,6623.92
9105,2025-12-12,Australia,Sports,5,295.29,1476.45
9106,2025-12-13,USA,Clothing,13,959.67,12475.71
9107,2025-12-14,France,Clothing,2,959.86,1919.72
9108,2025-12-15,UAE,Food,10,332.57,3325.7
9109,2025-12-16,UK,Sports,15,974.4,14616.0
9110,2025-12-17,India,Electronics,17,110.85,1884.45
9111,2025-12-18,USA,Furniture,10,183.33,1833.3
9112,2025-12-19,Brazil,Electronics,10,312.66,3126.6
9113,2025-12-20,India,Furniture,3,339.06,1017.18
9114,2025-12-21,India,Electronics,7,446.43,3125.01
9115,2025-12-22,Germany,Furniture,13,195.98,2547.74
9116,2025-12-23,UAE,Electronics,5,595.29,2976.45
9117,2025-12-24,France,Furniture,18,258.15,4646.7
9118,2025-12-25,Brazil,Food,6,401.63,2409.78
9119,2025-12-26,Japan,Furniture,1,73.67,73.67
9120,2025-12-27,France,Clothing,14,93.16,1304.24
9121,2025-12-28,Canada,Electronics,13,306.5,3984.5
9122,2025-12-29,Australia,Furniture,10,664.38,6643.8
9123,2025-12-30,Canada,Electronics,19,818.91,15559.29
9124,2025-12-31,Japan,Clothing,2,870.38,1740.76
9125,2025-01-01,France,Clothing,12,319.24,3830.88
9126,2025-01-02,Japan,Electronics,11,807.15,8878.65
9127,2025-01-03,Australia,Electronics,14,603.68,8451.52
9128,2025-01-04,India,Furniture,15,393.03,5895.45
9129,2025-01-05,UK,Furniture,7,157.55,1102.85
9130,2025-01-06,India,Sports,19,57.13,1085.47
9131,2025-01-07,India,Food,13,867.52,11277.76
9132,2025-01-08,Germany,Sports,19,543.43,10325.17
9133,2025-01-09,Brazil,Electronics,20,566.29,11325.8
9134,2025-01-10,UK,Sports,1,178.29,178.29
9135,2025-01-11,Japan,Sports,16,168.75,2700.0
9136,2025-01-12,Japan,Electronics,6,968.35,5810.1
9137,2025-01-13,Germany,Electronics,3,429.33,1287.99
9138,2025-01-14,India,Furniture,13,698.11,9075.43
9139,2025-01-15,UK,Electronics,4,112.34,449.36
9140,2025-01-16,USA,Clothing,18,206.78,3722.04
9141,2025-01-17,Brazil,Clothing,11,382.94,4212.34
9142,2025-01-18,Japan,Electronics,8,188.28,1506.24
9143,2025-01-19,UK,Furniture,15,831.14,12467.1
9144,2025-01-20,Brazil,Furniture,19,12.54,238.26
9145,2025-01-21,Japan,Electronics,18,244.6,4402.8
9146,2025-01-22,Australia,Furniture,18,653.54,11763.72
9147,2025-01-23,USA,Food,3,936.67,2810.01
9148,2025-01-24,Japan,Sports,7,206.46,1445.22
9149,2025-01-25,Japan,Electronics,16,835.85,13373.6
9150,2025-01-26,UK,Clothing,5,300.52,1502.6
9151,2025-01-27,Brazil,Electronics,1,350.35,350.35
9152,2025-01-28,UK,Electronics,17,61.04,1037.68
9153,2025-01-29,Canada,Clothing,16,60.24,963.84
9154,2025-01-30,USA,Furniture,11,328.24,3610.64
9155,2025-01-31,Japan,Food,4,278.94,1115.76
9156,2025-02-01,Brazil,Food,6,997.28,5983.68
9157,2025-02-02,France,Clothing,19,119.79,2276.01
9158,2025-02-03,UK,Sports,6,72.64,435.84
9159,2025-02-04,Germany,Furniture,13,566.69,7366.97
9160,2025-02-05,France,Electronics,11,233.5,2568.5
9161,2025-02-06,UK,Electronics,11,844.27,9286.97
9162,2025-02-07,France,Furniture,17,401.87,6831.79
9163,2025-02-08,Canada,Food,19,252.06,4789.14
9164,2025-02-09,Japan,Clothing,1,481.34,481.34
9165,2025-02-10,India,Sports,7,108.28,757.96
9166,2025-02-11,UK,Food,12,52.38,628.56
9167,2025-02-12,Brazil,Clothing,15,699.2,10488.0
9168,2025-02-13,Brazil,Furniture,17,587.49,9987.33
9169,2025-02-14,UAE,Clothing,16,844.18,13506.88
9170,2025-02-15,Australia,Electronics,12,498.25,5979.0
9171,2025-02-16,USA,Furniture,19,364.16,6919.04
9172,2025-02-17,Brazil,Food,12,588.27,7059.24
9173,2025-02-18,Germany,Food,7,867.14,6069.98
9174,2025-02-19,France,Food,4,467.99,1871.96
9175,2025-02-20,USA,Furniture,8,53.06,424.48
9176,2025-02-21,Canada,Furniture,7,383.86,2687.02
9177,2025-02-22,UAE,Furniture,5,229.95,1149.75
9178,2025-02-23,USA,Food,5,335.09,1675.45
9179,2025-02-24,Australia,Furniture,19,823.62,15648.78
9180,2025-02-25,Brazil,Food,12,571.72,6860.64
9181,2025-02-26,Japan,Food,14,341.95,4787.3
9182,2025-02-27,Australia,Clothing,1,838.77,838.77
9183,2025-02-28,India,Sports,9,214.05,1926.45
9184,2025-03-01,UAE,Electronics,7,398.84,2791.88
9185,2025-03-02,USA,Electronics,8,911.27,7290.16
9186,2025-03-03,Canada,Electronics,15,790.38,11855.7
9187,2025-03-04,Australia,Food,12,417.22,5006.64
9188,2025-03-05,USA,Furniture,10,463.03,4630.3
9189,2025-03-06,Japan,Electronics,15,183.36,2750.4
9190,2025-03-07,Brazil,Food,18,745.55,13419.9
9191,2025-03-08,India,Electronics,3,129.01,387.03
9192,2025-03-09,USA,Sports,19,958.54,18212.26
9193,2025-03-10,UK,Electronics,20,390.3,7806.0
9194,2025-03-11,Australia,Electronics,13,278.69,3622.97
9195,2025-03-12,Canada,Clothing,5,227.69,1138.45
9196,2025-03-13,USA,Clothing,17,25.14,427.38
9197,2025-03-14,Australia,Sports,1,925.58,925.58
9198,2025-03-15,India,Sports,16,189.49,3031.84
9199,2025-03-16,Japan,Clothing,14,932.68,13057.52
9200,2025-03-17,UK,Clothing,10,654.02,6540.2
9201,2025-03-18,Australia,Food,19,873.65,16599.35
9202,2025-03-19,Australia,Food,10,539.39,5393.9
9203,2025-03-20,France,Sports,7,670.44,4693.08
9204,2025-03-21,USA,Food,7,100.49,703.43
9205,2025-03-22,Japan,Clothing,7,414.13,2898.91
9206,2025-03-23,Canada,Electronics,9,17.92,161.28
9207,2025-03-24,Brazil,Electronics,13,429.32,5581.16
9208,2025-03-25,Brazil,Furniture,15,322.77,4841.55
9209,2025-03-26,Japan,Electronics,9,243.7,2193.3
9210,2025-03-27,Australia,Furniture,19,299.17,5684.23
9211,2025-03-28,Canada,Sports,14,821.68,11503.52
9212,2025-03-29,Australia,Clothing,11,261.58,2877.38
9213,2025-03-30,Brazil,Sports,17,502.6,8544.2
9214,2025-03-31,Germany,Electronics,15,46.83,702.45
9215,2025-04-01,India,Sports,14,289.05,4046.7
9216,2025-04-02,Brazil,Furniture,17,679.4,11549.8
9217,2025-04-03,Germany,Clothing,17,923.3,15696.1
9218,2025-04-04,Brazil,Electronics,6,720.34,4322.04
9219,2025-04-05,India,Sports,4,78.08,312.32
9220,2025-04-06,Japan,Clothing,3,129.67,389.01
9221,2025-04-07,UAE,Clothing,10,132.01,1320.1
9222,2025-04-08,USA,Sports,3,425.45,1276.35
9223,2025-04-09,Japan,Food,3,594.7,1784.1
9224,2025-04-10,Australia,Electronics,14,280.19,3922.66
9225,2025-04-11,Canada,Food,4,497.36,1989.44
9226,2025-04-12,Japan,Electronics,17,717.55,12198.35
9227,2025-04-13,Canada,Electronics,20,574.42,11488.4
9228,2025-04-14,USA,Clothing,16,10.1,161.6
9229,2025-04-15,UAE,Sports,4,479.99,1919.96
9230,2025-04-16,India,Sports,6,156.42,938.52
9231,2025-04-17,France,Sports,13,702.12,9127.56
9232,2025-04-18,UK,Electronics,3,312.29,936.87
9233,2025-04-19,Japan,Sports,7,604.36,4230.52
9234,2025-04-20,France,Food,16,993.5,15896.0
9235,2025-04-21,Japan,Electronics,8,711.85,5694.8
9236,2025-04-22,India,Food,2,693.51,1387.02
9237,2025-04-23,USA,Electronics,9,324.36,2919.24
9238,2025-04-24,France,Food,2,60.26,120.52
9239,2025-04-25,USA,Electronics,11,448.48,4933.28
9240,2025-04-26,France,Food,5,435.06,2175.3
9241,2025-04-27,Germany,Sports,2,845.25,1690.5
9242,2025-04-28,France,Electronics,16,832.95,13327.2
9243,2025-04-29,Australia,Food,16,369.07,5905.12
9244,2025-04-30,USA,Sports,2,366.88,733.76
9245,2025-05-01,Japan,Electronics,18,215.43,3877.74
9246,2025-05-02,Australia,Furniture,4,12.87,51.48
9247,2025-05-03,France,Clothing,7,989.03,6923.21
9248,2025-05-04,France,Electronics,11,200.96,2210.56
9249,2025-05-05,Canada,Sports,19,445.24,8459.56
9250,2025-05-06,France,Sports,14,820.56,11487.84
9251,2025-05-07,Japan,Clothing,12,232.07,2784.84
9252,2025-05-08,UAE,Electronics,17,996.76,16944.92
9253,2025-05-09,Japan,Electronics,19,327.2,6216.8
9254,2025-05-10,USA,Furniture,11,184.26,2026.86
9255,2025-05-11,Canada,Clothing,19,405.64,7707.16
9256,2025-05-12,UAE,Sports,19,254.28,4831.32
9257,2025-05-13,UAE,Clothing,2,953.56,1907.12
9258,2025-05-14,Germany,Sports,5,434.38,2171.9
9259,2025-05-15,France,Food,6,133.92,803.52
9260,2025-05-16,India,Sports,20,441.63,8832.6
9261,2025-05-17,France,Electronics,16,795.02,12720.32
9262,2025-05-18,India,Food,9,418.74,3768.66
9263,2025-05-19,Brazil,Furniture,16,338.08,5409.28
9264,2025-05-20,UK,Clothing,1,243.64,243.64
9265,2025-05-21,UAE,Furniture,3,910.22,2730.66
9266,2025-05-22,Australia,Electronics,20,854.48,17089.6
9267,2025-05-23,Brazil,Clothing,20,542.65,10853.0
9268,2025-05-24,India,Electronics,14,261.21,3656.94
9269,2025-05-25,Canada,Clothing,16,53.93,862.88
9270,2025-05-26,UAE,Electronics,9,441.59,3974.31
9271,2025-05-27,Australia,Electronics,9,527.22,4744.98
9272,2025-05-28,Brazil,Electronics,16,344.26,5508.16
9273,2025-05-29,Australia,Food,13,208.05,2704.65
9274,2025-05-30,UAE,Electronics,4,403.21,1612.84
9275,2025-05-31,Canada,Food,2,537.41,1074.82
9276,2025-06-01,Australia,Clothing,16,232.72,3723.52
9277,2025-06-02,USA,Food,9,947.6,8528.4
9278,2025-06-03,Brazil,Sports,7,336.27,2353.89
9279,2025-06-04,Australia,Sports,11,963.64,10600.04
9280,2025-06-05,Brazil,Sports,6,367.22,2203.32
9281,2025-06-06,UK,Food,14,94.26,1319.64
9282,2025-06-07,Canada,Electronics,10,633.43,6334.3
9283,2025-06-08,Australia,Sports,12,662.46,7949.52
9284,2025-06-09,UAE,Furniture,19,594.24,11290.56
9285,2025-06-10,USA,Food,12,840.28,10083.36
9286,2025-06-11,India,Electronics,3,482.38,1447.14
9287,2025-06-12,UAE,Furniture,4,131.01,524.04
9288,2025-06-13,Canada,Electronics,9,314.38,2829.42
9289,2025-06-14,USA,Furniture,13,517.62,6729.06
9290,2025-06-15,India,Clothing,18,217.72,3918.96
9291,2025-06-16,Germany,Clothing,6,115.74,694.44
9292,2025-06-17,UK,Sports,13,410.98,5342.74
9293,2025-06-18,Brazil,Electronics,1,792.56,792.56
9294,2025-06-19,UAE,Clothing,4,477.56,1910.24
9295,2025-06-20,France,Food,5,853.89,4269.45
9296,2025-06-21,France,Electronics,4,377.24,1508.96
9297,2025-06-22,Germany,Electronics,12,172.41,2068.92
9298,2025-06-23,Germany,Furniture,7,73.65,515.55
9299,2025-06-24,India,Electronics,5,205.12,1025.6
9300,2025-06-25,France,Electronics,2,565.88,1131.76
9301,2025-06-26,UK,Furniture,5,561.82,2809.1
9302,2025-06-27,Germany,Furniture,16,66.9,1070.4
9303,2025-06-28,UK,Furniture,10,446.57,4465.7
9304,2025-06-29,UK,Electronics,11,665.88,7324.68
9305,2025-06-30,Germany,Furniture,11,603.53,6638.83
9306,2025-07-01,India,Clothing,8,136.19,1089.52
9307,2025-07-02,UK,Food,13,976.28,12691.64
9308,2025-07-03,UAE,Electronics,17,327.09,5560.53
9309,2025-07-04,UAE,Clothing,9,819.91,7379.19
9310,2025-07-05,France,Food,19,914.66,17378.54
9311,2025-07-06,Japan,Electronics,12,62.66,751.92
9312,2025-07-07,Japan,Sports,14,234.25,3279.5
9313,2025-07-08,UK,Furniture,2,210.37,420.74
9314,2025-07-09,Canada,Sports,14,969.94,13579.16
9315,2025-07-10,Germany,Furniture,20,635.01,12700.2
9316,2025-07-11,Germany,Furniture,2,378.51,757.02
9317,2025-07-12,USA,Clothing,9,908.9,8180.1
9318,2025-07-13,Australia,Electronics,19,136.44,2592.36
9319,2025-07-14,Brazil,Electronics,16,479.86,7677.76
9320,2025-07-15,UK,Clothing,18,196.51,3537.18
9321,2025-07-16,UK,Food,19,568.58,10803.02
9322,2025-07-17,Japan,Furniture,16,369.11,5905.76
9323,2025-07-18,Australia,Clothing,1,438.27,438.27
9324,2025-07-19,Brazil,Clothing,19,937.35,17809.65
9325,2025-07-20,UK,Electronics,4,473.37,1893.48
9326,2025-07-21,Canada,Sports,7,90.08,630.56
9327,2025-07-22,France,Food,4,652.22,2608.88
9328,2025-07-23,USA,Food,6,322.62,1935.72
9329,2025-07-24,Japan,Food,7,225.47,1578.29
9330,2025-07-25,Australia,Food,19,19.56,371.64
9331,2025-07-26,UAE,Clothing,9,282.69,2544.21
9332,2025-07-27,Canada,Food,10,36.33,363.3
9333,2025-07-28,UK,Food,16,489.32,7829.12
9334,2025-07-29,USA,Sports,3,351.19,1053.57
9335,2025-07-30,Germany,Sports,20,404.04,8080.8
9336,2025-07-31,Australia,Electronics,12,302.01,3624.12
9337,2025-08-01,Brazil,Clothing,15,170.28,2554.2
9338,2025-08-02,Canada,Furniture,13,794.27,10325.51
9339,2025-08-03,Canada,Furniture,10,293.17,2931.7
9340,2025-08-04,UK,Sports,1,431.0,431.0
9341,2025-08-05,UAE,Sports,7,723.96,5067.72
9342,2025-08-06,Germany,Sports,17,811.75,13799.75
9343,2025-08-07,India,Food,2,384.06,768.12
9344,2025-08-08,Japan,Food,16,823.34,13173.44
9345,2025-08-09,India,Clothing,7,622.53,4357.71
9346,2025-08-10,France,Food,11,719.05,7909.55
9347,2025-08-11,Brazil,Clothing,16,693.28,11092.48
9348,2025-08-12,UAE,Sports,5,960.36,4801.8
9349,2025-08-13,Canada,Furniture,10,235.67,2356.7
9350,2025-08-14,Germany,Electronics,8,925.48,7403.84
9351,2025-08-15,Brazil,Clothing,12,800.03,9600.36
9352,2025-08-16,USA,Electronics,18,168.59,3034.62
9353,2025-08-17,Japan,Clothing,7,625.3,4377.1
9354,2025-08-18,UK,Electronics,6,730.98,4385.88
9355,2025-08-19,Canada,Electronics,7,912.98,6390.86
9356,2025-08-20,UK,Furniture,8,840.66,6725.28
9357,2025-08-21,Brazil,Food,16,196.42,3142.72
9358,2025-08-22,Canada,Sports,3,504.23,1512.69
9359,2025-08-23,USA,Food,19,753.55,14317.45
9360,2025-08-24,USA,Furniture,4,266.53,1066.12
9361,2025-08-25,Brazil,Food,6,458.31,2749.86
9362,2025-08-26,Germany,Electronics,12,16.95,203.4
9363,2025-08-27,Japan,Clothing,5,430.23,2151.15
9364,2025-08-28,India,Furniture,16,944.46,15111.36
9365,2025-08-29,USA,Electronics,15,954.19,14312.85
9366,2025-08-30,Canada,Electronics,6,516.16,3096.96
9367,2025-08-31,Brazil,Furniture,17,321.23,5460.91
9368,2025-09-01,USA,Food,9,772.45,6952.05
9369,2025-09-02,Japan,Electronics,14,211.64,2962.96
9370,2025-09-03,Canada,Clothing,10,612.63,6126.3
9371,2025-09-04,France,Food,7,813.39,5693.73
9372,2025-09-05,France,Sports,15,14.73,220.95
9373,2025-09-06,UK,Electronics,16,405.07,6481.12
9374,2025-09-07,Brazil,Furniture,5,104.81,524.05
9375,2025-09-08,Brazil,Electronics,12,37.03,444.36
9376,2025-09-09,Canada,Sports,14,743.03,10402.42
9377,2025-09-10,Brazil,Sports,4,451.14,1804.56
9378,2025-09-11,UAE,Sports,13,623.8,8109.4
9379,2025-09-12,USA,Food,5,676.87,3384.35
9380,2025-09-13,Japan,Sports,15,812.44,12186.6
9381,2025-09-14,India,Electronics,4,924.15,3696.6
9382,2025-09-15,France,Electronics,11,164.11,1805.21
9383,2025-09-16,UAE,Furniture,15,996.83,14952.45
9384,2025-09-17,Australia,Furniture,9,746.95,6722.55
9385,2025-09-18,Japan,Furniture,9,503.12,4528.08
9386,2025-09-19,France,Food,4,188.36,753.44
9387,2025-09-20,Canada,Clothing,7,856.57,5995.99
9388,2025-09-21,Canada,Furniture,7,650.1,4550.7
9389,2025-09-22,Brazil,Electronics,3,836.08,2508.24
9390,2025-09-23,Germany,Furniture,7,609.98,4269.86
9391,2025-09-24,France,Furniture,15,644.98,9674.7
9392,2025-09-25,India,Clothing,17,970.65,16501.05
9393,2025-09-26,UAE,Food,11,57.42,631.62
9394,2025-09-27,Japan,Furniture,11,54.75,602.25
9395,2025-09-28,Brazil,Food,3,134.82,404.46
9396,2025-09-29,Japan,Food,9,589.9,5309.1
9397,2025-09-30,Japan,Food,11,687.78,7565.58
9398,2025-10-01,Brazil,Clothing,20,77.38,1547.6
9399,2025-10-02,Germany,Food,5,139.46,697.3
9400,2025-10-03,France,Food,16,565.55,9048.8
9401,2025-10-04,UAE,Electronics,8,734.86,5878.88
9402,2025-10-05,India,Food,5,658.69,3293.45
9403,2025-10-06,Japan,Furniture,8,492.83,3942.64
9404,2025-10-07,India,Food,7,845.62,5919.34
9405,2025-10-08,Canada,Clothing,6,626.71,3760.26
9406,2025-10-09,Japan,Electronics,11,715.64,7872.04
9407,2025-10-10,UK,Food,11,466.86,5135.46
9408,2025-10-11,USA,Clothing,12,564.53,6774.36
9409,2025-10-12,India,Furniture,10,587.43,5874.3
9410,2025-10-13,Japan,Clothing,5,995.02,4975.1
9411,2025-10-14,UK,Food,16,30.03,480.48
9412,2025-10-15,France,Furniture,16,214.14,3426.24
9413,2025-10-16,Japan,Electronics,8,777.54,6220.32
9414,2025-10-17,Japan,Electronics,2,812.39,1624.78
9415,2025-10-18,Brazil,Food,8,106.14,849.12
9416,2025-10-19,France,Clothing,8,664.07,5312.56
9417,2025-10-20,UK,Clothing,1,738.31,738.31
9418,2025-10-21,Brazil,Furniture,5,326.7,1633.5
9419,2025-10-22,UK,Clothing,12,213.95,2567.4
9420,2025-10-23,UAE,Sports,13,156.24,2031.12
9421,2025-10-24,USA,Sports,14,641.74,8984.36
9422,2025-10-25,USA,Clothing,16,848.74,13579.84
9423,2025-10-26,UK,Food,12,75.48,905.76
9424,2025-10-27,Japan,Food,15,324.8,4872.0
9425,2025-10-28,Canada,Electronics,19,926.62,17605.78
9426,2025-10-29,France,Clothing,3,905.72,2717.16
9427,2025-10-30,UK,Clothing,12,575.08,6900.96
9428,2025-10-31,UK,Clothing,8,828.61,6628.88
9429,2025-11-01,UK,Furniture,15,993.91,14908.65
9430,2025-11-02,India,Clothing,13,268.67,3492.71
9431,2025-11-03,France,Sports,17,534.64,9088.88
9432,2025-11-04,Germany,Food,11,543.78,5981.58
9433,2025-11-05,Canada,Clothing,18,998.01,17964.18
9434,2025-11-06,UK,Electronics,13,368.25,4787.25
9435,2025-11-07,Japan,Furniture,16,228.92,3662.72
9436,2025-11-08,USA,Electronics,14,849.76,11896.64
9437,2025-11-09,India,Sports,12,183.08,2196.96
9438,2025-11-10,UK,Sports,10,237.21,2372.1
9439,2025-11-11,Germany,Food,16,459.01,7344.16
9440,2025-11-12,USA,Furniture,2,625.8,1251.6
9441,2025-11-13,Germany,Food,1,132.27,132.27
9442,2025-11-14,Germany,Sports,3,504.41,1513.23
9443,2025-11-15,UAE,Electronics,17,399.58,6792.86
9444,2025-11-16,France,Sports,12,874.99,10499.88
9445,2025-11-17,UK,Food,16,759.03,12144.48
9446,2025-11-18,UAE,Food,7,861.98,6033.86
9447,2025-11-19,France,Furniture,10,354.38,3543.8
9448,2025-11-20,France,Furniture,10,253.82,2538.2
9449,2025-11-21,UK,Clothing,7,696.7,4876.9
9450,2025-11-22,USA,Furniture,11,395.1,4346.1
9451,2025-11-23,India,Furniture,17,121.49,2065.33
9452,2025-11-24,Brazil,Food,16,580.75,9292.0
9453,2025-11-25,Canada,Sports,2,724.05,1448.1
9454,2025-11-26,USA,Furniture,12,741.54,8898.48
9455,2025-11-27,Germany,Furniture,8,821.66,6573.28
9456,2025-11-28,USA,Clothing,3,785.4,2356.2
9457,2025-11-29,Canada,Electronics,14,123.3,1726.2
9458,2025-11-30,UAE,Clothing,16,340.47,5447.52
9459,2025-12-01,UAE,Food,16,531.49,8503.84
9460,2025-12-02,UAE,Food,6,66.42,398.52
9461,2025-12-03,USA,Food,15,862.08,12931.2
9462,2025-12-04,Brazil,Clothing,18,446.11,8029.98
9463,2025-12-05,UK,Clothing,18,884.64,15923.52
9464,2025-12-06,USA,Food,19,762.36,14484.84
9465,2025-12-07,Brazil,Electronics,6,928.6,5571.6
9466,2025-12-08,France,Sports,19,184.4,3503.6
9467,2025-12-09,USA,Electronics,3,996.52,2989.56
9468,2025-12-10,USA,Electronics,3,756.25,2268.75
9469,2025-12-11,France,Electronics,16,827.16,13234.56
9470,2025-12-12,France,Furniture,18,512.64,9227.52
9471,2025-12-13,USA,Furniture,20,715.14,14302.8
9472,2025-12-14,France,Sports,20,448.24,8964.8
9473,2025-12-15,Canada,Sports,10,895.69,8956.9
9474,2025-12-16,Australia,Food,15,427.13,6406.95
9475,2025-12-17,USA,Food,12,205.67,2468.04
9476,2025-12-18,Brazil,Food,13,877.77,11411.01
9477,2025-12-19,India,Food,3,927.09,2781.27
9478,2025-12-20,Australia,Sports,14,324.06,4536.84
9479,2025-12-21,Brazil,Food,4,375.89,1503.56
9480,2025-12-22,France,Electronics,13,202.33,2630.29
9481,2025-12-23,USA,Electronics,1,330.79,330.79
9482,2025-12-24,Brazil,Food,7,693.89,4857.23
9483,2025-12-25,USA,Clothing,18,793.95,14291.1
9484,2025-12-26,Canada,Furniture,4,614.87,2459.48
9485,2025-12-27,UK,Electronics,4,602.36,2409.44
9486,2025-12-28,Australia,Electronics,2,797.1,1594.2
9487,2025-12-29,USA,Sports,17,606.19,10305.23
9488,2025-12-30,USA,Food,17,158.21,2689.57
9489,2025-12-31,USA,Clothing,12,457.69,5492.28
9490,2025-01-01,USA,Electronics,6,26.4,158.4
9491,2025-01-02,Japan,Clothing,6,584.03,3504.18
9492,2025-01-03,Germany,Electronics,15,855.06,12825.9
9493,2025-01-04,India,Electronics,18,12.02,216.36
9494,2025-01-05,USA,Electronics,15,342.94,5144.1
9495,2025-01-06,Japan,Electronics,19,816.92,15521.48
9496,2025-01-07,Germany,Sports,13,971.13,12624.69
9497,2025-01-08,USA,Furniture,13,690.21,8972.73
9498,2025-01-09,UK,Food,12,634.49,7613.88
9499,2025-01-10,USA,Clothing,18,675.92,12166.56
9500,2025-01-11,Canada,Furniture,5,943.46,4717.3
9501,2025-01-12,UAE,Sports,1,881.04,881.04
9502,2025-01-13,UK,Food,20,379.62,7592.4
9503,2025-01-14,Brazil,Food,1,28.85,28.85
9504,2025-01-15,Germany,Food,2,115.18,230.36
9505,2025-01-16,Japan,Electronics,7,362.13,2534.91
9506,2025-01-17,UK,Furniture,10,428.37,4283.7
9507,2025-01-18,UK,Electronics,3,417.23,1251.69
9508,2025-01-19,USA,Sports,10,958.55,9585.5
9509,2025-01-20,France,Food,7,318.45,2229.15
9510,2025-01-21,UAE,Clothing,15,560.61,8409.15
9511,2025-01-22,India,Food,17,131.3,2232.1
9512,2025-01-23,Brazil,Electronics,8,181.43,1451.44
9513,2025-01-24,Australia,Furniture,18,486.18,8751.24
9514,2025-01-25,Canada,Clothing,5,352.11,1760.55
9515,2025-01-26,Japan,Furniture,3,791.47,2374.41
9516,2025-01-27,USA,Food,3,38.55,115.65
9517,2025-01-28,USA,Electronics,10,207.04,2070.4
9518,2025-01-29,Japan,Food,10,642.02,6420.2
9519,2025-01-30,UAE,Food,10,67.83,678.3
9520,2025-01-31,Brazil,Food,8,761.36,6090.88
9521,2025-02-01,UK,Furniture,8,927.86,7422.88
9522,2025-02-02,India,Sports,10,695.56,6955.6
9523,2025-02-03,Germany,Clothing,10,47.35,473.5
9524,2025-02-04,Japan,Electronics,10,56.76,567.6
9525,2025-02-05,Canada,Electronics,8,54.2,433.6
9526,2025-02-06,UK,Food,1,397.17,397.17
9527,2025-02-07,France,Electronics,4,731.37,2925.48
9528,2025-02-08,Brazil,Sports,14,689.8,9657.2
9529,2025-02-09,Germany,Clothing,12,987.08,11844.96
9530,2025-02-10,Germany,Sports,6,284.8,1708.8
9531,2025-02-11,Australia,Furniture,15,645.63,9684.45
9532,2025-02-12,Japan,Electronics,12,612.23,7346.76
9533,2025-02-13,UAE,Furniture,6,576.33,3457.98
9534,2025-02-14,UAE,Food,11,107.1,1178.1
9535,2025-02-15,Germany,Sports,16,176.92,2830.72
9536,2025-02-16,India,Electronics,20,853.79,17075.8
9537,2025-02-17,Japan,Sports,10,779.89,7798.9
9538,2025-02-18,UK,Furniture,9,250.4,2253.6
9539,2025-02-19,India,Clothing,14,602.62,8436.68
9540,2025-02-20,Canada,Food,13,918.67,11942.71
9541,2025-02-21,Canada,Sports,20,733.95,14679.0
9542,2025-02-22,UAE,Food,16,987.08,15793.28
9543,2025-02-23,UK,Furniture,1,114.31,114.31
9544,2025-02-24,France,Sports,2,583.24,1166.48
9545,2025-02-25,UAE,Electronics,5,392.78,1963.9
9546,2025-02-26,USA,Furniture,11,207.76,2285.36
9547,2025-02-27,Canada,Electronics,11,626.02,6886.22
9548,2025-02-28,Brazil,Furniture,9,920.21,8281.89
9549,2025-03-01,USA,Electronics,16,251.45,4023.2
9550,2025-03-02,Germany,Electronics,9,725.18,6526.62
9551,2025-03-03,UK,Sports,20,984.06,19681.2
9552,2025-03-04,France,Electronics,2,441.54,883.08
9553,2025-03-05,Japan,Food,17,610.27,10374.59
9554,2025-03-06,India,Clothing,11,682.84,7511.24
9555,2025-03-07,India,Furniture,18,518.08,9325.44
9556,2025-03-08,USA,Furniture,5,157.92,789.6
9557,2025-03-09,UK,Electronics,14,729.93,10219.02
9558,2025-03-10,Canada,Clothing,2,33.47,66.94
9559,2025-03-11,Brazil,Sports,20,280.66,5613.2
9560,2025-03-12,India,Food,15,49.89,748.35
9561,2025-03-13,India,Electronics,6,35.49,212.94
9562,2025-03-14,Australia,Clothing,13,721.8,9383.4
9563,2025-03-15,Australia,Furniture,5,25.56,127.8
9564,2025-03-16,India,Clothing,11,783.51,8618.61
9565,2025-03-17,UAE,Electronics,14,134.96,1889.44
9566,2025-03-18,Australia,Electronics,14,734.64,10284.96
9567,2025-03-19,Australia,Sports,20,285.74,5714.8
9568,2025-03-20,UAE,Sports,7,368.25,2577.75
9569,2025-03-21,UAE,Sports,14,925.06,12950.84
9570,2025-03-22,USA,Food,18,313.46,5642.28
9571,2025-03-23,UAE,Sports,16,324.51,5192.16
9572,2025-03-24,India,Clothing,18,815.48,14678.64
9573,2025-03-25,Canada,Clothing,8,87.6,700.8
9574,2025-03-26,UAE,Furniture,11,311.44,3425.84
9575,2025-03-27,Brazil,Furniture,14,992.4,13893.6
9576,2025-03-28,Australia,Electronics,12,585.95,7031.4
9577,2025-03-29,UK,Electronics,6,645.08,3870.48
9578,2025-03-30,Japan,Food,15,33.03,495.45
9579,2025-03-31,Canada,Electronics,13,505.32,6569.16
9580,2025-04-01,Canada,Clothing,8,943.84,7550.72
9581,2025-04-02,Australia,Sports,18,626.56,11278.08
9582,2025-04-03,Canada,Electronics,14,318.02,4452.28
9583,2025-04-04,India,Food,8,24.32,194.56
9584,2025-04-05,USA,Clothing,12,120.77,1449.24
9585,2025-04-06,India,Furniture,13,425.84,5535.92
9586,2025-04-07,France,Electronics,10,19.69,196.9
9587,2025-04-08,USA,Food,11,653.4,7187.4
9588,2025-04-09,UK,Sports,1,822.61,822.61
9589,2025-04-10,USA,Clothing,10,271.53,2715.3
9590,2025-04-11,Germany,Furniture,1,470.14,470.14
9591,2025-04-12,France,Electronics,8,513.97,4111.76
9592,2025-04-13,Brazil,Sports,17,661.34,11242.78
9593,2025-04-14,Japan,Furniture,15,164.55,2468.25
9594,2025-04-15,USA,Clothing,17,687.45,11686.65
9595,2025-04-16,UAE,Clothing,9,260.97,2348.73
9596,2025-04-17,UK,Clothing,19,47.37,900.03
9597,2025-04-18,Brazil,Clothing,5,121.56,607.8
9598,2025-04-19,UK,Sports,16,363.52,5816.32
9599,2025-04-20,Canada,Electronics,13,141.16,1835.08
9600,2025-04-21,Brazil,Furniture,20,127.08,2541.6
9601,2025-04-22,Germany,Clothing,17,620.9,10555.3
9602,2025-04-23,Canada,Furniture,10,849.22,8492.2
9603,2025-04-24,France,Furniture,16,147.09,2353.44
9604,2025-04-25,Brazil,Clothing,12,159.71,1916.52
9605,2025-04-26,UK,Furniture,14,606.51,8491.14
9606,2025-04-27,Germany,Electronics,16,839.51,13432.16
9607,2025-04-28,Canada,Food,9,927.97,8351.73
9608,2025-04-29,Japan,Furniture,17,29.29,497.93
9609,2025-04-30,UK,Electronics,2,969.82,1939.64
9610,2025-05-01,USA,Electronics,15,250.52,3757.8
9611,2025-05-02,Australia,Clothing,12,720.56,8646.72
9612,2025-05-03,Japan,Food,19,556.88,10580.72
9613,2025-05-04,India,Clothing,8,48.46,387.68
9614,2025-05-05,Brazil,Sports,3,208.78,626.34
9615,2025-05-06,France,Food,1,678.87,678.87
9616,2025-05-07,USA,Electronics,18,613.88,11049.84
9617,2025-05-08,UK,Furniture,13,256.36,3332.68
9618,2025-05-09,UK,Electronics,14,98.92,1384.88
9619,2025-05-10,USA,Sports,1,220.47,220.47
9620,2025-05-11,Australia,Electronics,15,392.17,5882.55
9621,2025-05-12,Brazil,Clothing,9,446.09,4014.81
9622,2025-05-13,India,Clothing,15,435.96,6539.4
9623,2025-05-14,Brazil,Sports,20,519.06,10381.2
9624,2025-05-15,UAE,Sports,10,40.31,403.1
9625,2025-05-16,Australia,Furniture,15,920.84,13812.6
9626,2025-05-17,USA,Furniture,6,241.54,1449.24
9627,2025-05-18,USA,Electronics,1,161.18,161.18
9628,2025-05-19,Germany,Food,9,718.99,6470.91
9629,2025-05-20,USA,Clothing,19,595.37,11312.03
9630,2025-05-21,UK,Clothing,11,854.67,9401.37
9631,2025-05-22,USA,Electronics,15,879.6,13194.0
9632,2025-05-23,Brazil,Sports,6,918.96,5513.76
9633,2025-05-24,Japan,Clothing,1,857.9,857.9
9634,2025-05-25,France,Clothing,11,755.33,8308.63
9635,2025-05-26,France,Electronics,2,633.73,1267.46
9636,2025-05-27,UAE,Food,20,563.09,11261.8
9637,2025-05-28,Japan,Sports,10,390.39,3903.9
9638,2025-05-29,France,Furniture,8,994.82,7958.56
9639,2025-05-30,Germany,Electronics,17,438.41,7452.97
9640,2025-05-31,Canada,Electronics,4,372.46,1489.84
9641,2025-06-01,Japan,Sports,3,81.38,244.14
9642,2025-06-02,Canada,Electronics,14,293.46,4108.44
9643,2025-06-03,Australia,Food,11,628.88,6917.68
9644,2025-06-04,Canada,Electronics,20,635.53,12710.6
9645,2025-06-05,Canada,Furniture,3,266.14,798.42
9646,2025-06-06,India,Electronics,9,204.58,1841.22
9647,2025-06-07,India,Furniture,19,252.0,4788.0
9648,2025-06-08,Germany,Sports,12,585.69,7028.28
9649,2025-06-09,France,Sports,16,752.84,12045.44
9650,2025-06-10,UAE,Furniture,1,468.11,468.11
9651,2025-06-11,UAE,Food,18,193.74,3487.32
9652,2025-06-12,UK,Clothing,17,277.42,4716.14
9653,2025-06-13,Germany,Clothing,19,576.08,10945.52
9654,2025-06-14,Japan,Sports,1,535.33,535.33
9655,2025-06-15,Brazil,Furniture,20,303.69,6073.8
9656,2025-06-16,Canada,Food,4,486.57,1946.28
9657,2025-06-17,France,Furniture,6,639.54,3837.24
9658,2025-06-18,Brazil,Electronics,19,571.13,10851.47
9659,2025-06-19,Germany,Food,12,344.15,4129.8
9660,2025-06-20,Japan,Food,15,32.0,480.0
9661,2025-06-21,France,Clothing,15,510.35,7655.25
9662,2025-06-22,Canada,Clothing,14,616.55,8631.7
9663,2025-06-23,India,Sports,4,656.02,2624.08
9664,2025-06-24,USA,Sports,15,162.73,2440.95
9665,2025-06-25,UAE,Food,7,732.88,5130.16
9666,2025-06-26,Brazil,Sports,3,889.72,2669.16
9667,2025-06-27,Canada,Food,11,451.63,4967.93
9668,2025-06-28,USA,Sports,13,64.65,840.45
9669,2025-06-29,UK,Furniture,2,456.32,912.64
9670,2025-06-30,India,Sports,13,651.73,8472.49
9671,2025-07-01,Australia,Furniture,9,476.24,4286.16
9672,2025-07-02,UK,Clothing,7,559.5,3916.5
9673,2025-07-03,UK,Food,20,144.17,2883.4
9674,2025-07-04,UK,Food,12,597.68,7172.16
9675,2025-07-05,UAE,Clothing,9,243.93,2195.37
9676,2025-07-06,France,Sports,5,714.82,3574.1
9677,2025-07-07,Japan,Sports,5,726.81,3634.05
9678,2025-07-08,Japan,Food,6,825.84,4955.04
9679,2025-07-09,France,Clothing,18,192.07,3457.26
9680,2025-07-10,Germany,Furniture,9,337.52,3037.68
9681,2025-07-11,UAE,Sports,13,820.89,10671.57
9682,2025-07-12,UK,Sports,14,738.41,10337.74
9683,2025-07-13,Australia,Sports,5,418.09,2090.45
9684,2025-07-14,UAE,Furniture,5,579.07,2895.35
9685,2025-07-15,Canada,Furniture,3,350.33,1050.99
9686,2025-07-16,France,Electronics,5,264.38,1321.9
9687,2025-07-17,Australia,Furniture,11,484.73,5332.03
9688,2025-07-18,UAE,Electronics,11,632.6,6958.6
9689,2025-07-19,UK,Clothing,11,919.28,10112.08
9690,2025-07-20,Japan,Food,14,298.97,4185.58
9691,2025-07-21,USA,Clothing,12,993.52,11922.24
9692,2025-07-22,Australia,Food,1,215.91,215.91
9693,2025-07-23,USA,Furniture,9,643.23,5789.07
9694,2025-07-24,Canada,Sports,13,25.13,326.69
9695,2025-07-25,Canada,Electronics,17,693.74,11793.58
9696,2025-07-26,Canada,Furniture,18,436.06,7849.08
9697,2025-07-27,UAE,Food,16,669.87,10717.92
9698,2025-07-28,USA,Sports,3,43.12,129.36
9699,2025-07-29,Brazil,Food,10,829.01,8290.1
9700,2025-07-30,UAE,Clothing,13,537.56,6988.28
9701,2025-07-31,UAE,Clothing,5,509.08,2545.4
9702,2025-08-01,Canada,Electronics,1,764.5,764.5
9703,2025-08-02,Australia,Clothing,8,178.3,1426.4
9704,2025-08-03,Australia,Furniture,19,941.11,17881.09
9705,2025-08-04,UK,Clothing,20,553.23,11064.6
9706,2025-08-05,UK,Electronics,9,313.97,2825.73
9707,2025-08-06,UAE,Clothing,7,454.76,3183.32
9708,2025-08-07,France,Furniture,11,183.07,2013.77
9709,2025-08-08,Canada,Sports,9,994.47,8950.23
9710,2025-08-09,Brazil,Clothing,18,330.37,5946.66
9711,2025-08-10,Australia,Furniture,8,19.53,156.24
9712,2025-08-11,Australia,Food,8,624.38,4995.04
9713,2025-08-12,Brazil,Electronics,3,135.44,406.32
9714,2025-08-13,France,Food,3,447.07,1341.21
9715,2025-08-14,UAE,Sports,19,525.92,9992.48
9716,2025-08-15,Japan,Food,16,321.19,5139.04
9717,2025-08-16,Brazil,Clothing,3,998.34,2995.02
9718,2025-08-17,Brazil,Clothing,13,252.83,3286.79
9719,2025-08-18,Japan,Furniture,1,361.2,361.2
9720,2025-08-19,UK,Sports,18,217.32,3911.76
9721,2025-08-20,France,Sports,13,220.31,2864.03
9722,2025-08-21,India,Sports,6,940.23,5641.38
9723,2025-08-22,Brazil,Sports,13,338.54,4401.02
9724,2025-08-23,India,Clothing,5,128.77,643.85
9725,2025-08-24,Japan,Sports,8,375.22,3001.76
9726,2025-08-25,Australia,Electronics,13,680.94,8852.22
9727,2025-08-26,Japan,Sports,20,61.39,1227.8
9728,2025-08-27,Brazil,Furniture,16,528.22,8451.52
9729,2025-08-28,France,Food,20,493.02,9860.4
9730,2025-08-29,India,Furniture,13,822.7,10695.1
9731,2025-08-30,Japan,Electronics,6,148.09,888.54
9732,2025-08-31,Brazil,Furniture,12,349.23,4190.76
9733,2025-09-01,India,Sports,3,448.51,1345.53
9734,2025-09-02,USA,Clothing,17,264.03,4488.51
9735,2025-09-03,Germany,Furniture,9,436.06,3924.54
9736,2025-09-04,France,Clothing,13,200.96,2612.48
9737,2025-09-05,Brazil,Electronics,15,194.06,2910.9
9738,2025-09-06,France,Clothing,1,590.19,590.19
9739,2025-09-07,USA,Furniture,8,316.65,2533.2
9740,2025-09-08,Japan,Food,13,742.18,9648.34
9741,2025-09-09,France,Clothing,17,723.57,12300.69
9742,2025-09-10,USA,Electronics,6,605.64,3633.84
9743,2025-09-11,UK,Sports,3,978.83,2936.49
9744,2025-09-12,Japan,Electronics,3,663.21,1989.63
9745,2025-09-13,Canada,Sports,10,513.71,5137.1
9746,2025-09-14,Canada,Food,7,141.0,987.0
9747,2025-09-15,Brazil,Sports,2,635.69,1271.38
9748,2025-09-16,India,Furniture,3,865.5,2596.5
9749,2025-09-17,Japan,Clothing,6,93.79,562.74
9750,2025-09-18,France,Food,7,702.39,4916.73
9751,2025-09-19,Germany,Food,7,992.46,6947.22
9752,2025-09-20,France,Furniture,6,491.53,2949.18
9753,2025-09-21,Canada,Sports,7,627.12,4389.84
9754,2025-09-22,Germany,Clothing,1,523.27,523.27
9755,2025-09-23,Japan,Furniture,1,668.49,668.49
9756,2025-09-24,Brazil,Clothing,15,84.24,1263.6
9757,2025-09-25,France,Sports,1,115.39,115.39
9758,2025-09-26,Germany,Furniture,13,652.82,8486.66
9759,2025-09-27,Canada,Food,12,51.37,616.44
9760,2025-09-28,Canada,Food,4,205.09,820.36
9761,2025-09-29,Germany,Food,16,658.93,10542.88
9762,2025-09-30,Brazil,Sports,17,290.75,4942.75
9763,2025-10-01,Australia,Clothing,10,875.78,8757.8
9764,2025-10-02,Canada,Electronics,1,696.43,696.43
9765,2025-10-03,UK,Food,6,363.39,2180.34
9766,2025-10-04,Germany,Sports,2,381.52,763.04
9767,2025-10-05,Brazil,Electronics,7,988.44,6919.08
9768,2025-10-06,Japan,Electronics,8,654.69,5237.52
9769,2025-10-07,Japan,Furniture,6,571.23,3427.38
9770,2025-10-08,Canada,Clothing,17,37.37,635.29
9771,2025-10-09,Canada,Food,3,569.67,1709.01
9772,2025-10-10,France,Food,5,341.1,1705.5
9773,2025-10-11,Germany,Sports,3,864.23,2592.69
9774,2025-10-12,Australia,Clothing,6,232.05,1392.3
9775,2025-10-13,France,Sports,12,756.67,9080.04
9776,2025-10-14,France,Sports,1,680.73,680.73
9777,2025-10-15,France,Food,2,776.49,1552.98
9778,2025-10-16,Canada,Food,8,725.8,5806.4
9779,2025-10-17,Australia,Furniture,5,636.37,3181.85
9780,2025-10-18,Canada,Electronics,7,93.05,651.35
9781,2025-10-19,UK,Food,11,156.68,1723.48
9782,2025-10-20,Germany,Clothing,18,477.46,8594.28
9783,2025-10-21,UK,Sports,9,44.38,399.42
9784,2025-10-22,India,Electronics,19,524.4,9963.6
9785,2025-10-23,UAE,Sports,3,246.02,738.06
9786,2025-10-24,Brazil,Clothing,11,729.9,8028.9
9787,2025-10-25,USA,Furniture,2,818.36,1636.72
9788,2025-10-26,USA,Food,18,156.61,2818.98
9789,2025-10-27,Australia,Clothing,10,683.36,6833.6
9790,2025-10-28,Australia,Food,7,145.94,1021.58
9791,2025-10-29,Canada,Electronics,13,821.14,10674.82
9792,2025-10-30,India,Food,2,729.71,1459.42
9793,2025-10-31,Australia,Clothing,19,521.72,9912.68
9794,2025-11-01,France,Food,20,110.44,2208.8
9795,2025-11-02,UK,Clothing,20,61.1,1222.0
9796,2025-11-03,France,Furniture,3,311.21,933.63
9797,2025-11-04,Canada,Food,11,672.24,7394.64
9798,2025-11-05,Brazil,Clothing,13,717.5,9327.5
9799,2025-11-06,France,Sports,14,795.15,11132.1
9800,2025-11-07,USA,Electronics,2,918.19,1836.38
9801,2025-11-08,France,Food,6,178.54,1071.24
9802,2025-11-09,Germany,Food,2,927.03,1854.06
9803,2025-11-10,Canada,Electronics,19,99.28,1886.32
9804,2025-11-11,Germany,Furniture,11,231.83,2550.13
9805,2025-11-12,USA,Electronics,3,531.79,1595.37
9806,2025-11-13,Brazil,Food,19,356.31,6769.89
9807,2025-11-14,Germany,Furniture,14,549.22,7689.08
9808,2025-11-15,France,Sports,1,62.77,62.77
9809,2025-11-16,France,Furniture,10,61.93,619.3
9810,2025-11-17,Australia,Clothing,3,884.51,2653.53
9811,2025-11-18,India,Clothing,11,526.81,5794.91
9812,2025-11-19,USA,Food,17,719.45,12230.65
9813,2025-11-20,Canada,Furniture,2,289.38,578.76
9814,2025-11-21,Canada,Clothing,7,462.71,3238.97
9815,2025-11-22,Canada,Clothing,15,549.62,8244.3
9816,2025-11-23,UAE,Clothing,4,258.27,1033.08
9817,2025-11-24,France,Sports,11,916.26,10078.86
9818,2025-11-25,Japan,Food,4,939.37,3757.48
9819,2025-11-26,UK,Clothing,18,523.4,9421.2
9820,2025-11-27,Australia,Sports,6,201.58,1209.48
9821,2025-11-28,Germany,Furniture,2,820.72,1641.44
9822,2025-11-29,Japan,Clothing,12,106.75,1281.0
9823,2025-11-30,Germany,Food,18,810.27,14584.86
9824,2025-12-01,Canada,Sports,7,215.56,1508.92
9825,2025-12-02,Canada,Electronics,6,380.01,2280.06
9826,2025-12-03,UAE,Electronics,17,655.13,11137.21
9827,2025-12-04,Australia,Food,7,511.9,3583.3
9828,2025-12-05,USA,Electronics,4,109.1,436.4
9829,2025-12-06,USA,Clothing,6,395.48,2372.88
9830,2025-12-07,Australia,Electronics,17,819.34,13928.78
9831,2025-12-08,UAE,Sports,9,102.17,919.53
9832,2025-12-09,UK,Food,20,70.18,1403.6
9833,2025-12-10,India,Sports,16,760.23,12163.68
9834,2025-12-11,India,Furniture,20,680.53,13610.6
9835,2025-12-12,UAE,Clothing,14,182.69,2557.66
9836,2025-12-13,Australia,Electronics,3,364.89,1094.67
9837,2025-12-14,USA,Furniture,18,77.84,1401.12
9838,2025-12-15,Japan,Clothing,1,338.92,338.92
9839,2025-12-16,Germany,Clothing,4,974.82,3899.28
9840,2025-12-17,France,Furniture,10,595.4,5954.0
9841,2025-12-18,Australia,Electronics,13,249.63,3245.19
9842,2025-12-19,USA,Furniture,10,856.97,8569.7
9843,2025-12-20,Japan,Food,17,722.82,12287.94
9844,2025-12-21,UAE,Sports,2,930.07,1860.14
9845,2025-12-22,Australia,Clothing,6,41.53,249.18
9846,2025-12-23,UK,Sports,3,768.18,2304.54
9847,2025-12-24,France,Furniture,18,242.76,4369.68
9848,2025-12-25,Brazil,Electronics,16,974.95,15599.2
9849,2025-12-26,France,Food,16,843.93,13502.88
9850,2025-12-27,Brazil,Food,7,904.66,6332.62
9851,2025-12-28,Brazil,Food,6,342.06,2052.36
9852,2025-12-29,Canada,Sports,11,703.05,7733.55
9853,2025-12-30,India,Food,13,135.36,1759.68
9854,2025-12-31,Germany,Sports,13,948.39,12329.07
9855,2025-01-01,Brazil,Clothing,8,192.31,1538.48
9856,2025-01-02,Japan,Clothing,5,414.72,2073.6
9857,2025-01-03,India,Electronics,2,517.09,1034.18
9858,2025-01-04,Australia,Clothing,20,971.48,19429.6
9859,2025-01-05,Germany,Furniture,12,295.23,3542.76
9860,2025-01-06,USA,Food,4,706.68,2826.72
9861,2025-01-07,UK,Furniture,18,850.56,15310.08
9862,2025-01-08,Brazil,Food,8,456.41,3651.28
9863,2025-01-09,UAE,Sports,18,957.87,17241.66
9864,2025-01-10,Brazil,Food,14,479.55,6713.7
9865,2025-01-11,UAE,Electronics,17,28.78,489.26
9866,2025-01-12,Brazil,Electronics,8,81.16,649.28
9867,2025-01-13,UK,Sports,19,582.17,11061.23
9868,2025-01-14,Canada,Furniture,8,770.38,6163.04
9869,2025-01-15,UAE,Sports,8,439.25,3514.0
9870,2025-01-16,India,Food,2,371.77,743.54
9871,2025-01-17,USA,Electronics,8,463.51,3708.08
9872,2025-01-18,Germany,Electronics,14,707.65,9907.1
9873,2025-01-19,UAE,Food,4,379.15,1516.6
9874,2025-01-20,India,Food,17,50.16,852.72
9875,2025-01-21,Germany,Electronics,11,213.48,2348.28
9876,2025-01-22,India,Furniture,8,593.67,4749.36
9877,2025-01-23,Australia,Sports,4,782.58,3130.32
9878,2025-01-24,India,Electronics,13,79.14,1028.82
9879,2025-01-25,Canada,Sports,2,260.24,520.48
9880,2025-01-26,Germany,Clothing,9,795.95,7163.55
9881,2025-01-27,France,Furniture,1,133.88,133.88
9882,2025-01-28,UK,Sports,9,617.37,5556.33
9883,2025-01-29,Canada,Food,8,629.7,5037.6
9884,2025-01-30,India,Clothing,17,582.8,9907.6
9885,2025-01-31,Germany,Food,19,19.81,376.39
9886,2025-02-01,Canada,Electronics,1,834.81,834.81
9887,2025-02-02,France,Furniture,7,987.78,6914.46
9888,2025-02-03,Canada,Clothing,18,720.97,12977.46
9889,2025-02-04,India,Electronics,11,515.35,5668.85
9890,2025-02-05,Australia,Food,20,41.45,829.0
9891,2025-02-06,UK,Clothing,15,369.84,5547.6
9892,2025-02-07,UK,Food,9,631.04,5679.36
9893,2025-02-08,Germany,Food,7,126.98,888.86
9894,2025-02-09,Australia,Clothing,19,439.86,8357.34
9895,2025-02-10,USA,Furniture,2,941.83,1883.66
9896,2025-02-11,Australia,Electronics,20,378.24,7564.8
9897,2025-02-12,Japan,Food,1,724.47,724.47
9898,2025-02-13,Japan,Furniture,19,182.16,3461.04
9899,2025-02-14,France,Clothing,17,143.54,2440.18
9900,2025-02-15,Australia,Clothing,10,284.7,2847.0
9901,2025-02-16,Australia,Food,9,584.68,5262.12
9902,2025-02-17,Germany,Electronics,5,478.1,2390.5
9903,2025-02-18,India,Electronics,8,95.59,764.72
9904,2025-02-19,France,Furniture,14,941.9,13186.6
9905,2025-02-20,UK,Sports,12,162.24,1946.88
9906,2025-02-21,Germany,Sports,6,855.17,5131.02
9907,2025-02-22,Japan,Sports,4,223.42,893.68
9908,2025-02-23,UAE,Clothing,15,744.87,11173.05
9909,2025-02-24,Canada,Furniture,20,904.92,18098.4
9910,2025-02-25,Germany,Furniture,4,484.07,1936.28
9911,2025-02-26,India,Clothing,16,80.66,1290.56
9912,2025-02-27,Germany,Sports,7,507.01,3549.07
9913,2025-02-28,Canada,Food,12,159.12,1909.44
9914,2025-03-01,Germany,Food,2,959.18,1918.36
9915,2025-03-02,France,Furniture,2,67.02,134.04
9916,2025-03-03,Canada,Furniture,8,440.6,3524.8
9917,2025-03-04,India,Food,4,343.77,1375.08
9918,2025-03-05,Australia,Sports,13,462.51,6012.63
9919,2025-03-06,Germany,Electronics,20,707.79,14155.8
9920,2025-03-07,Japan,Sports,18,372.93,6712.74
9921,2025-03-08,UK,Food,11,302.56,3328.16
9922,2025-03-09,UAE,Food,9,721.07,6489.63
9923,2025-03-10,France,Furniture,10,500.21,5002.1
9924,2025-03-11,Canada,Sports,8,347.57,2780.56
9925,2025-03-12,India,Electronics,4,832.22,3328.88
9926,2025-03-13,Japan,Sports,11,290.02,3190.22
9927,2025-03-14,France,Electronics,11,492.82,5421.02
9928,2025-03-15,Brazil,Food,15,863.15,12947.25
9929,2025-03-16,Germany,Furniture,11,243.93,2683.23
9930,2025-03-17,USA,Furniture,18,811.01,14598.18
9931,2025-03-18,Australia,Furniture,7,81.7,571.9
9932,2025-03-19,Germany,Electronics,12,839.1,10069.2
9933,2025-03-20,France,Sports,16,486.86,7789.76
9934,2025-03-21,France,Electronics,5,632.08,3160.4
9935,2025-03-22,Brazil,Clothing,7,338.13,2366.91
9936,2025-03-23,France,Food,18,221.88,3993.84
9937,2025-03-24,USA,Sports,2,534.33,1068.66
9938,2025-03-25,UK,Sports,11,226.47,2491.17
9939,2025-03-26,Japan,Sports,2,997.59,1995.18
9940,2025-03-27,Japan,Furniture,6,671.95,4031.7
9941,2025-03-28,Germany,Clothing,20,608.61,12172.2
9942,2025-03-29,Brazil,Sports,6,306.6,1839.6
9943,2025-03-30,UAE,Sports,11,144.8,1592.8
9944,2025-03-31,Australia,Food,10,328.42,3284.2
9945,2025-04-01,Japan,Food,9,78.81,709.29
9946,2025-04-02,France,Food,18,453.42,8161.56
9947,2025-04-03,Canada,Clothing,9,820.73,7386.57
9948,2025-04-04,UK,Furniture,12,777.27,9327.24
9949,2025-04-05,France,Furniture,3,291.64,874.92
9950,2025-04-06,Brazil,Clothing,11,878.43,9662.73
9951,2025-04-07,Canada,Furniture,7,320.75,2245.25
9952,2025-04-08,Brazil,Food,12,263.28,3159.36
9953,2025-04-09,Brazil,Food,14,587.74,8228.36
9954,2025-04-10,France,Food,16,35.88,574.08
9955,2025-04-11,France,Clothing,12,817.31,9807.72
9956,2025-04-12,Canada,Sports,13,262.83,3416.79
9957,2025-04-13,Brazil,Food,20,463.53,9270.6
9958,2025-04-14,USA,Electronics,17,911.15,15489.55
9959,2025-04-15,USA,Furniture,11,324.98,3574.78
9960,2025-04-16,Germany,Furniture,14,86.28,1207.92
9961,2025-04-17,UAE,Food,16,672.93,10766.88
9962,2025-04-18,Japan,Furniture,9,934.3,8408.7
9963,2025-04-19,UK,Clothing,11,777.87,8556.57
9964,2025-04-20,Japan,Furniture,13,97.49,1267.37
9965,2025-04-21,Brazil,Sports,20,488.92,9778.4
9966,2025-04-22,UAE,Electronics,11,500.96,5510.56
9967,2025-04-23,UAE,Sports,9,581.13,5230.17
9968,2025-04-24,Australia,Food,11,55.75,613.25
9969,2025-04-25,Canada,Electronics,17,461.22,7840.74
9970,2025-04-26,USA,Food,20,856.95,17139.0
9971,2025-04-27,USA,Clothing,6,821.19,4927.14
9972,2025-04-28,France,Sports,19,624.25,11860.75
9973,2025-04-29,France,Food,7,515.18,3606.26
9974,2025-04-30,USA,Sports,8,407.58,3260.64
9975,2025-05-01,UAE,Food,11,689.58,7585.38
9976,2025-05-02,Japan,Food,2,66.43,132.86
9977,2025-05-03,Japan,Clothing,15,381.36,5720.4
9978,2025-05-04,Australia,Electronics,12,591.53,7098.36
9979,2025-05-05,Japan,Sports,11,377.22,4149.42
9980,2025-05-06,Brazil,Sports,13,772.97,10048.61
9981,2025-05-07,Japan,Electronics,19,957.97,18201.43
9982,2025-05-08,Brazil,Furniture,17,305.64,5195.88
9983,2025-05-09,UK,Sports,6,118.85,713.1
9984,2025-05-10,USA,Furniture,15,322.4,4836.0
9985,2025-05-11,USA,Electronics,7,42.19,295.33
9986,2025-05-12,Brazil,Sports,3,439.7,1319.1
9987,2025-05-13,Australia,Furniture,3,983.85,2951.55
9988,2025-05-14,Brazil,Clothing,15,61.01,915.15
9989,2025-05-15,India,Sports,11,413.15,4544.65
9990,2025-05-16,Japan,Sports,7,386.47,2705.29
9991,2025-05-17,Germany,Sports,2,800.91,1601.82
9992,2025-05-18,Canada,Clothing,7,67.27,470.89
9993,2025-05-19,France,Furniture,19,977.32,18569.08
9994,2025-05-20,Japan,Furniture,6,505.84,3035.04
9995,2025-05-21,France,Electronics,17,146.59,2492.03
9996,2025-05-22,Japan,Sports,7,194.81,1363.67
9997,2025-05-23,Brazil,Furniture,1,763.98,763.98
9998,2025-05-24,Brazil,Furniture,10,778.11,7781.1
9999,2025-05-25,Canada,Food,13,155.04,2015.52
10000,2025-05-26,Japan,Sports,16,599.75,9596.0
